timestamp,zone_id,zone_name,lat,lon,air_temperature,humidity,wind_speed,ndvi,canopy_pct,shade_pct,surface_type,student_count,exposure_hours,provenance
2026-07-01T00:00:00,zone_01,playground,40.7128,-74.006,25.4,88.7,2.6,0.21,5.0,10.0,asphalt,3,0.0,synthetic
2026-07-01T00:00:00,zone_02,parking_lot,40.713,-74.0062,26.8,92.2,1.4,0.23,0.0,0.0,asphalt,0,0.0,synthetic
2026-07-01T00:00:00,zone_03,courtyard,40.7126,-74.0058,24.3,83.4,0.3,0.53,15.0,25.0,concrete,0,0.0,synthetic
2026-07-01T00:00:00,zone_04,building_roof,40.7129,-74.0059,27.0,86.9,1.3,0.65,0.0,0.0,concrete,0,0.0,synthetic
2026-07-01T00:00:00,zone_05,sports_field,40.7131,-74.0061,23.7,84.9,1.5,0.53,0.0,5.0,grass,0,0.0,synthetic
2026-07-01T00:00:00,zone_06,library_exterior,40.7127,-74.0057,23.7,92.0,2.3,0.41,20.0,35.0,concrete,0,0.0,synthetic
2026-07-01T00:00:00,zone_07,cafeteria_patio,40.7125,-74.0063,23.5,86.0,2.8,0.32,40.0,50.0,concrete,0,0.0,synthetic
2026-07-01T00:00:00,zone_08,walkway,40.7132,-74.0056,26.1,92.7,2.2,0.75,10.0,15.0,asphalt,1,0.0,synthetic
2026-07-01T00:00:00,zone_09,garden,40.7124,-74.0064,22.6,88.2,0.5,0.68,60.0,70.0,grass,0,0.0,synthetic
2026-07-01T00:00:00,zone_10,gym_exterior,40.7133,-74.0065,23.7,86.5,0.9,0.66,10.0,20.0,concrete,0,0.0,synthetic
2026-07-01T00:00:00,zone_11,admin_building,40.7123,-74.0055,23.4,91.0,3.0,0.64,25.0,30.0,concrete,1,0.0,synthetic
2026-07-01T00:00:00,zone_12,entrance_plaza,40.7134,-74.0066,25.6,87.3,0.5,0.14,5.0,10.0,asphalt,2,0.0,synthetic
2026-07-01T01:00:00,zone_01,playground,40.7128,-74.006,25.1,83.1,2.8,0.72,5.0,10.0,asphalt,2,0.0,synthetic
2026-07-01T01:00:00,zone_02,parking_lot,40.713,-74.0062,26.7,86.4,3.0,0.49,0.0,0.0,asphalt,1,0.0,synthetic
2026-07-01T01:00:00,zone_03,courtyard,40.7126,-74.0058,24.7,91.3,0.0,0.12,15.0,25.0,concrete,1,0.0,synthetic
2026-07-01T01:00:00,zone_04,building_roof,40.7129,-74.0059,27.0,89.8,2.9,0.27,0.0,0.0,concrete,0,0.0,synthetic
2026-07-01T01:00:00,zone_05,sports_field,40.7131,-74.0061,24.9,85.1,1.2,0.75,0.0,5.0,grass,0,0.0,synthetic
2026-07-01T01:00:00,zone_06,library_exterior,40.7127,-74.0057,24.7,90.1,2.3,0.23,20.0,35.0,concrete,0,0.0,synthetic
2026-07-01T01:00:00,zone_07,cafeteria_patio,40.7125,-74.0063,24.0,89.6,1.3,0.26,40.0,50.0,concrete,0,0.0,synthetic
2026-07-01T01:00:00,zone_08,walkway,40.7132,-74.0056,25.8,85.8,0.0,0.26,10.0,15.0,asphalt,0,0.0,synthetic
2026-07-01T01:00:00,zone_09,garden,40.7124,-74.0064,23.0,84.2,1.8,0.46,60.0,70.0,grass,0,0.0,synthetic
2026-07-01T01:00:00,zone_10,gym_exterior,40.7133,-74.0065,24.4,90.9,2.0,0.31,10.0,20.0,concrete,0,0.0,synthetic
2026-07-01T01:00:00,zone_11,admin_building,40.7123,-74.0055,24.3,94.0,1.8,0.2,25.0,30.0,concrete,0,0.0,synthetic
2026-07-01T01:00:00,zone_12,entrance_plaza,40.7134,-74.0066,26.3,86.6,2.8,0.63,5.0,10.0,asphalt,0,0.0,synthetic
2026-07-01T02:00:00,zone_01,playground,40.7128,-74.006,26.9,79.9,3.4,0.54,5.0,10.0,asphalt,0,0.0,synthetic
2026-07-01T02:00:00,zone_02,parking_lot,40.713,-74.0062,27.5,82.9,1.5,0.23,0.0,0.0,asphalt,1,0.0,synthetic
2026-07-01T02:00:00,zone_03,courtyard,40.7126,-74.0058,25.5,81.2,0.4,0.55,15.0,25.0,concrete,0,0.0,synthetic
2026-07-01T02:00:00,zone_04,building_roof,40.7129,-74.0059,28.7,79.9,2.6,0.2,0.0,0.0,concrete,0,0.0,synthetic
2026-07-01T02:00:00,zone_05,sports_field,40.7131,-74.0061,24.6,81.7,2.8,0.67,0.0,5.0,grass,0,0.0,synthetic
2026-07-01T02:00:00,zone_06,library_exterior,40.7127,-74.0057,25.9,90.3,1.7,0.73,20.0,35.0,concrete,0,0.0,synthetic
2026-07-01T02:00:00,zone_07,cafeteria_patio,40.7125,-74.0063,24.9,85.0,0.8,0.61,40.0,50.0,concrete,0,0.0,synthetic
2026-07-01T02:00:00,zone_08,walkway,40.7132,-74.0056,26.3,86.3,2.2,0.11,10.0,15.0,asphalt,1,0.0,synthetic
2026-07-01T02:00:00,zone_09,garden,40.7124,-74.0064,24.1,80.5,3.9,0.56,60.0,70.0,grass,0,0.0,synthetic
2026-07-01T02:00:00,zone_10,gym_exterior,40.7133,-74.0065,26.0,79.8,1.2,0.62,10.0,20.0,concrete,0,0.0,synthetic
2026-07-01T02:00:00,zone_11,admin_building,40.7123,-74.0055,25.5,83.9,2.8,0.17,25.0,30.0,concrete,3,0.0,synthetic
2026-07-01T02:00:00,zone_12,entrance_plaza,40.7134,-74.0066,26.3,80.4,2.9,0.54,5.0,10.0,asphalt,0,0.0,synthetic
2026-07-01T03:00:00,zone_01,playground,40.7128,-74.006,27.5,81.9,1.7,0.24,5.0,10.0,asphalt,5,0.0,synthetic
2026-07-01T03:00:00,zone_02,parking_lot,40.713,-74.0062,28.5,80.4,2.0,0.22,0.0,0.0,asphalt,0,0.0,synthetic
2026-07-01T03:00:00,zone_03,courtyard,40.7126,-74.0058,26.4,79.6,2.5,0.77,15.0,25.0,concrete,0,0.0,synthetic
2026-07-01T03:00:00,zone_04,building_roof,40.7129,-74.0059,29.3,79.8,3.0,0.32,0.0,0.0,concrete,0,0.0,synthetic
2026-07-01T03:00:00,zone_05,sports_field,40.7131,-74.0061,26.1,73.8,2.2,0.5,0.0,5.0,grass,0,0.0,synthetic
2026-07-01T03:00:00,zone_06,library_exterior,40.7127,-74.0057,26.4,75.1,3.1,0.62,20.0,35.0,concrete,0,0.0,synthetic
2026-07-01T03:00:00,zone_07,cafeteria_patio,40.7125,-74.0063,26.3,80.7,0.6,0.67,40.0,50.0,concrete,0,0.0,synthetic
2026-07-01T03:00:00,zone_08,walkway,40.7132,-74.0056,27.2,78.3,2.0,0.45,10.0,15.0,asphalt,1,0.0,synthetic
2026-07-01T03:00:00,zone_09,garden,40.7124,-74.0064,25.3,80.9,3.0,0.72,60.0,70.0,grass,1,0.0,synthetic
2026-07-01T03:00:00,zone_10,gym_exterior,40.7133,-74.0065,26.1,73.0,2.2,0.13,10.0,20.0,concrete,0,0.0,synthetic
2026-07-01T03:00:00,zone_11,admin_building,40.7123,-74.0055,27.3,71.9,2.7,0.12,25.0,30.0,concrete,0,0.0,synthetic
2026-07-01T03:00:00,zone_12,entrance_plaza,40.7134,-74.0066,27.6,76.5,3.6,0.25,5.0,10.0,asphalt,0,0.0,synthetic
2026-07-01T04:00:00,zone_01,playground,40.7128,-74.006,28.3,72.1,2.0,0.48,5.0,10.0,asphalt,0,0.0,synthetic
2026-07-01T04:00:00,zone_02,parking_lot,40.713,-74.0062,30.9,74.0,2.0,0.33,0.0,0.0,asphalt,0,0.0,synthetic
2026-07-01T04:00:00,zone_03,courtyard,40.7126,-74.0058,27.4,74.0,1.2,0.12,15.0,25.0,concrete,0,0.0,synthetic
2026-07-01T04:00:00,zone_04,building_roof,40.7129,-74.0059,30.3,76.5,1.7,0.28,0.0,0.0,concrete,0,0.0,synthetic
2026-07-01T04:00:00,zone_05,sports_field,40.7131,-74.0061,28.1,72.7,0.7,0.77,0.0,5.0,grass,1,0.0,synthetic
2026-07-01T04:00:00,zone_06,library_exterior,40.7127,-74.0057,27.7,76.4,0.7,0.27,20.0,35.0,concrete,3,0.0,synthetic
2026-07-01T04:00:00,zone_07,cafeteria_patio,40.7125,-74.0063,27.6,69.3,2.4,0.43,40.0,50.0,concrete,1,0.0,synthetic
2026-07-01T04:00:00,zone_08,walkway,40.7132,-74.0056,28.2,68.7,0.7,0.4,10.0,15.0,asphalt,0,0.0,synthetic
2026-07-01T04:00:00,zone_09,garden,40.7124,-74.0064,27.0,67.2,1.6,0.36,60.0,70.0,grass,0,0.0,synthetic
2026-07-01T04:00:00,zone_10,gym_exterior,40.7133,-74.0065,27.9,78.5,2.4,0.21,10.0,20.0,concrete,1,0.0,synthetic
2026-07-01T04:00:00,zone_11,admin_building,40.7123,-74.0055,27.4,69.7,2.1,0.76,25.0,30.0,concrete,0,0.0,synthetic
2026-07-01T04:00:00,zone_12,entrance_plaza,40.7134,-74.0066,28.3,75.3,1.4,0.48,5.0,10.0,asphalt,4,0.0,synthetic
2026-07-01T05:00:00,zone_01,playground,40.7128,-74.006,29.9,66.8,2.3,0.15,5.0,10.0,asphalt,0,0.0,synthetic
2026-07-01T05:00:00,zone_02,parking_lot,40.713,-74.0062,31.9,63.6,1.4,0.59,0.0,0.0,asphalt,0,0.0,synthetic
2026-07-01T05:00:00,zone_03,courtyard,40.7126,-74.0058,29.4,65.9,2.8,0.3,15.0,25.0,concrete,1,0.0,synthetic
2026-07-01T05:00:00,zone_04,building_roof,40.7129,-74.0059,32.3,62.9,0.2,0.64,0.0,0.0,concrete,0,0.0,synthetic
2026-07-01T05:00:00,zone_05,sports_field,40.7131,-74.0061,28.8,64.4,1.8,0.63,0.0,5.0,grass,2,0.0,synthetic
2026-07-01T05:00:00,zone_06,library_exterior,40.7127,-74.0057,28.6,65.8,2.0,0.68,20.0,35.0,concrete,1,0.0,synthetic
2026-07-01T05:00:00,zone_07,cafeteria_patio,40.7125,-74.0063,28.6,64.1,2.3,0.77,40.0,50.0,concrete,0,0.0,synthetic
2026-07-01T05:00:00,zone_08,walkway,40.7132,-74.0056,30.5,68.2,0.2,0.33,10.0,15.0,asphalt,0,0.0,synthetic
2026-07-01T05:00:00,zone_09,garden,40.7124,-74.0064,28.1,67.4,2.6,0.16,60.0,70.0,grass,1,0.0,synthetic
2026-07-01T05:00:00,zone_10,gym_exterior,40.7133,-74.0065,28.9,65.0,0.0,0.72,10.0,20.0,concrete,3,0.0,synthetic
2026-07-01T05:00:00,zone_11,admin_building,40.7123,-74.0055,28.2,64.0,2.4,0.53,25.0,30.0,concrete,0,0.0,synthetic
2026-07-01T05:00:00,zone_12,entrance_plaza,40.7134,-74.0066,30.3,65.6,2.6,0.16,5.0,10.0,asphalt,1,0.0,synthetic
2026-07-01T06:00:00,zone_01,playground,40.7128,-74.006,30.6,54.3,1.3,0.64,5.0,10.0,asphalt,8,0.0,synthetic
2026-07-01T06:00:00,zone_02,parking_lot,40.713,-74.0062,31.8,63.2,1.7,0.43,0.0,0.0,asphalt,1,0.0,synthetic
2026-07-01T06:00:00,zone_03,courtyard,40.7126,-74.0058,30.5,56.0,2.5,0.77,15.0,25.0,concrete,7,0.0,synthetic
2026-07-01T06:00:00,zone_04,building_roof,40.7129,-74.0059,32.6,56.0,1.7,0.77,0.0,0.0,concrete,0,0.0,synthetic
2026-07-01T06:00:00,zone_05,sports_field,40.7131,-74.0061,29.9,58.6,2.1,0.78,0.0,5.0,grass,11,0.0,synthetic
2026-07-01T06:00:00,zone_06,library_exterior,40.7127,-74.0057,31.2,59.7,1.6,0.54,20.0,35.0,concrete,6,0.0,synthetic
2026-07-01T06:00:00,zone_07,cafeteria_patio,40.7125,-74.0063,30.0,59.1,4.2,0.29,40.0,50.0,concrete,5,0.0,synthetic
2026-07-01T06:00:00,zone_08,walkway,40.7132,-74.0056,30.7,54.5,3.0,0.15,10.0,15.0,asphalt,0,0.0,synthetic
2026-07-01T06:00:00,zone_09,garden,40.7124,-74.0064,29.0,64.2,3.0,0.58,60.0,70.0,grass,0,0.0,synthetic
2026-07-01T06:00:00,zone_10,gym_exterior,40.7133,-74.0065,30.9,63.0,2.7,0.71,10.0,20.0,concrete,4,0.0,synthetic
2026-07-01T06:00:00,zone_11,admin_building,40.7123,-74.0055,30.5,57.1,0.3,0.78,25.0,30.0,concrete,4,0.0,synthetic
2026-07-01T06:00:00,zone_12,entrance_plaza,40.7134,-74.0066,31.9,59.4,0.0,0.29,5.0,10.0,asphalt,2,0.0,synthetic
2026-07-01T07:00:00,zone_01,playground,40.7128,-74.006,32.5,52.6,1.5,0.42,5.0,10.0,asphalt,25,1.0,synthetic
2026-07-01T07:00:00,zone_02,parking_lot,40.713,-74.0062,33.3,54.1,3.1,0.35,0.0,0.0,asphalt,6,1.0,synthetic
2026-07-01T07:00:00,zone_03,courtyard,40.7126,-74.0058,31.7,50.3,3.6,0.46,15.0,25.0,concrete,13,1.0,synthetic
2026-07-01T07:00:00,zone_04,building_roof,40.7129,-74.0059,34.6,56.0,3.0,0.38,0.0,0.0,concrete,1,1.0,synthetic
2026-07-01T07:00:00,zone_05,sports_field,40.7131,-74.0061,31.3,56.6,1.0,0.2,0.0,5.0,grass,37,1.0,synthetic
2026-07-01T07:00:00,zone_06,library_exterior,40.7127,-74.0057,30.4,56.8,2.9,0.34,20.0,35.0,concrete,9,1.0,synthetic
2026-07-01T07:00:00,zone_07,cafeteria_patio,40.7125,-74.0063,31.6,52.7,3.6,0.7,40.0,50.0,concrete,16,1.0,synthetic
2026-07-01T07:00:00,zone_08,walkway,40.7132,-74.0056,32.0,54.9,1.7,0.79,10.0,15.0,asphalt,4,1.0,synthetic
2026-07-01T07:00:00,zone_09,garden,40.7124,-74.0064,29.0,52.2,0.7,0.15,60.0,70.0,grass,5,1.0,synthetic
2026-07-01T07:00:00,zone_10,gym_exterior,40.7133,-74.0065,31.1,54.0,2.7,0.43,10.0,20.0,concrete,12,1.0,synthetic
2026-07-01T07:00:00,zone_11,admin_building,40.7123,-74.0055,30.6,54.0,1.5,0.22,25.0,30.0,concrete,5,1.0,synthetic
2026-07-01T07:00:00,zone_12,entrance_plaza,40.7134,-74.0066,32.3,51.9,2.1,0.58,5.0,10.0,asphalt,6,1.0,synthetic
2026-07-01T08:00:00,zone_01,playground,40.7128,-74.006,33.2,48.0,1.9,0.66,5.0,10.0,asphalt,64,1.0,synthetic
2026-07-01T08:00:00,zone_02,parking_lot,40.713,-74.0062,34.7,49.1,1.5,0.44,0.0,0.0,asphalt,6,1.0,synthetic
2026-07-01T08:00:00,zone_03,courtyard,40.7126,-74.0058,31.8,51.4,3.6,0.13,15.0,25.0,concrete,36,1.0,synthetic
2026-07-01T08:00:00,zone_04,building_roof,40.7129,-74.0059,36.0,44.4,2.0,0.47,0.0,0.0,concrete,5,1.0,synthetic
2026-07-01T08:00:00,zone_05,sports_field,40.7131,-74.0061,32.0,44.5,0.4,0.29,0.0,5.0,grass,96,1.0,synthetic
2026-07-01T08:00:00,zone_06,library_exterior,40.7127,-74.0057,32.2,47.2,0.9,0.33,20.0,35.0,concrete,23,1.0,synthetic
2026-07-01T08:00:00,zone_07,cafeteria_patio,40.7125,-74.0063,32.7,50.0,2.0,0.16,40.0,50.0,concrete,50,1.0,synthetic
2026-07-01T08:00:00,zone_08,walkway,40.7132,-74.0056,34.2,50.4,1.6,0.19,10.0,15.0,asphalt,23,1.0,synthetic
2026-07-01T08:00:00,zone_09,garden,40.7124,-74.0064,30.6,43.2,2.9,0.35,60.0,70.0,grass,15,1.0,synthetic
2026-07-01T08:00:00,zone_10,gym_exterior,40.7133,-74.0065,32.7,47.7,1.6,0.21,10.0,20.0,concrete,32,1.0,synthetic
2026-07-01T08:00:00,zone_11,admin_building,40.7123,-74.0055,31.8,45.9,1.4,0.22,25.0,30.0,concrete,15,1.0,synthetic
2026-07-01T08:00:00,zone_12,entrance_plaza,40.7134,-74.0066,32.8,49.4,2.4,0.71,5.0,10.0,asphalt,28,1.0,synthetic
2026-07-01T09:00:00,zone_01,playground,40.7128,-74.006,34.0,45.6,2.5,0.75,5.0,10.0,asphalt,79,1.0,synthetic
2026-07-01T09:00:00,zone_02,parking_lot,40.713,-74.0062,36.9,48.2,2.9,0.23,0.0,0.0,asphalt,9,1.0,synthetic
2026-07-01T09:00:00,zone_03,courtyard,40.7126,-74.0058,32.9,37.9,0.4,0.18,15.0,25.0,concrete,45,1.0,synthetic
2026-07-01T09:00:00,zone_04,building_roof,40.7129,-74.0059,35.6,45.7,0.9,0.44,0.0,0.0,concrete,5,1.0,synthetic
2026-07-01T09:00:00,zone_05,sports_field,40.7131,-74.0061,32.5,43.5,1.1,0.14,0.0,5.0,grass,120,1.0,synthetic
2026-07-01T09:00:00,zone_06,library_exterior,40.7127,-74.0057,32.8,45.6,3.1,0.52,20.0,35.0,concrete,31,1.0,synthetic
2026-07-01T09:00:00,zone_07,cafeteria_patio,40.7125,-74.0063,31.4,41.0,2.6,0.68,40.0,50.0,concrete,60,1.0,synthetic
2026-07-01T09:00:00,zone_08,walkway,40.7132,-74.0056,33.9,43.6,2.5,0.69,10.0,15.0,asphalt,28,1.0,synthetic
2026-07-01T09:00:00,zone_09,garden,40.7124,-74.0064,32.0,42.1,1.5,0.21,60.0,70.0,grass,15,1.0,synthetic
2026-07-01T09:00:00,zone_10,gym_exterior,40.7133,-74.0065,33.8,46.5,0.0,0.71,10.0,20.0,concrete,40,1.0,synthetic
2026-07-01T09:00:00,zone_11,admin_building,40.7123,-74.0055,33.5,42.1,0.0,0.42,25.0,30.0,concrete,18,1.0,synthetic
2026-07-01T09:00:00,zone_12,entrance_plaza,40.7134,-74.0066,35.4,40.8,0.4,0.73,5.0,10.0,asphalt,35,1.0,synthetic
2026-07-01T10:00:00,zone_01,playground,40.7128,-74.006,35.2,34.2,2.2,0.18,5.0,10.0,asphalt,81,1.0,synthetic
2026-07-01T10:00:00,zone_02,parking_lot,40.713,-74.0062,36.4,42.6,1.1,0.66,0.0,0.0,asphalt,10,1.0,synthetic
2026-07-01T10:00:00,zone_03,courtyard,40.7126,-74.0058,34.1,47.7,2.2,0.21,15.0,25.0,concrete,45,1.0,synthetic
2026-07-01T10:00:00,zone_04,building_roof,40.7129,-74.0059,36.3,38.4,3.5,0.71,0.0,0.0,concrete,5,1.0,synthetic
2026-07-01T10:00:00,zone_05,sports_field,40.7131,-74.0061,33.8,39.3,1.7,0.66,0.0,5.0,grass,119,1.0,synthetic
2026-07-01T10:00:00,zone_06,library_exterior,40.7127,-74.0057,33.4,39.2,3.0,0.55,20.0,35.0,concrete,31,1.0,synthetic
2026-07-01T10:00:00,zone_07,cafeteria_patio,40.7125,-74.0063,33.3,46.5,1.2,0.23,40.0,50.0,concrete,58,1.0,synthetic
2026-07-01T10:00:00,zone_08,walkway,40.7132,-74.0056,34.4,43.4,1.1,0.76,10.0,15.0,asphalt,21,1.0,synthetic
2026-07-01T10:00:00,zone_09,garden,40.7124,-74.0064,32.5,37.5,4.4,0.11,60.0,70.0,grass,15,1.0,synthetic
2026-07-01T10:00:00,zone_10,gym_exterior,40.7133,-74.0065,34.9,42.6,2.2,0.21,10.0,20.0,concrete,40,1.0,synthetic
2026-07-01T10:00:00,zone_11,admin_building,40.7123,-74.0055,34.4,44.9,3.6,0.75,25.0,30.0,concrete,19,1.0,synthetic
2026-07-01T10:00:00,zone_12,entrance_plaza,40.7134,-74.0066,35.3,43.2,4.5,0.38,5.0,10.0,asphalt,36,1.0,synthetic
2026-07-01T11:00:00,zone_01,playground,40.7128,-74.006,34.9,38.7,1.0,0.48,5.0,10.0,asphalt,69,1.0,synthetic
2026-07-01T11:00:00,zone_02,parking_lot,40.713,-74.0062,36.4,41.9,3.3,0.42,0.0,0.0,asphalt,8,1.0,synthetic
2026-07-01T11:00:00,zone_03,courtyard,40.7126,-74.0058,33.9,35.5,1.8,0.45,15.0,25.0,concrete,40,1.0,synthetic
2026-07-01T11:00:00,zone_04,building_roof,40.7129,-74.0059,37.4,39.5,3.1,0.54,0.0,0.0,concrete,1,1.0,synthetic
2026-07-01T11:00:00,zone_05,sports_field,40.7131,-74.0061,33.4,36.7,4.6,0.15,0.0,5.0,grass,108,1.0,synthetic
2026-07-01T11:00:00,zone_06,library_exterior,40.7127,-74.0057,33.4,42.0,1.9,0.23,20.0,35.0,concrete,27,1.0,synthetic
2026-07-01T11:00:00,zone_07,cafeteria_patio,40.7125,-74.0063,33.3,38.4,1.3,0.64,40.0,50.0,concrete,54,1.0,synthetic
2026-07-01T11:00:00,zone_08,walkway,40.7132,-74.0056,35.2,32.0,0.0,0.49,10.0,15.0,asphalt,20,1.0,synthetic
2026-07-01T11:00:00,zone_09,garden,40.7124,-74.0064,32.3,38.9,0.6,0.55,60.0,70.0,grass,12,1.0,synthetic
2026-07-01T11:00:00,zone_10,gym_exterior,40.7133,-74.0065,34.0,39.8,2.5,0.56,10.0,20.0,concrete,35,1.0,synthetic
2026-07-01T11:00:00,zone_11,admin_building,40.7123,-74.0055,34.0,36.6,1.5,0.56,25.0,30.0,concrete,18,1.0,synthetic
2026-07-01T11:00:00,zone_12,entrance_plaza,40.7134,-74.0066,35.3,39.3,2.8,0.7,5.0,10.0,asphalt,30,1.0,synthetic
2026-07-01T12:00:00,zone_01,playground,40.7128,-74.006,34.6,44.3,0.9,0.31,5.0,10.0,asphalt,57,1.0,synthetic
2026-07-01T12:00:00,zone_02,parking_lot,40.713,-74.0062,35.5,46.1,0.8,0.37,0.0,0.0,asphalt,6,1.0,synthetic
2026-07-01T12:00:00,zone_03,courtyard,40.7126,-74.0058,33.1,42.7,0.7,0.49,15.0,25.0,concrete,34,1.0,synthetic
2026-07-01T12:00:00,zone_04,building_roof,40.7129,-74.0059,36.0,39.2,3.0,0.66,0.0,0.0,concrete,3,1.0,synthetic
2026-07-01T12:00:00,zone_05,sports_field,40.7131,-74.0061,33.1,40.7,2.3,0.54,0.0,5.0,grass,81,1.0,synthetic
2026-07-01T12:00:00,zone_06,library_exterior,40.7127,-74.0057,33.3,39.6,0.7,0.29,20.0,35.0,concrete,21,1.0,synthetic
2026-07-01T12:00:00,zone_07,cafeteria_patio,40.7125,-74.0063,33.2,37.9,2.4,0.56,40.0,50.0,concrete,39,1.0,synthetic
2026-07-01T12:00:00,zone_08,walkway,40.7132,-74.0056,34.1,42.4,3.6,0.57,10.0,15.0,asphalt,20,1.0,synthetic
2026-07-01T12:00:00,zone_09,garden,40.7124,-74.0064,31.4,37.0,1.4,0.22,60.0,70.0,grass,10,1.0,synthetic
2026-07-01T12:00:00,zone_10,gym_exterior,40.7133,-74.0065,33.9,41.4,0.6,0.37,10.0,20.0,concrete,29,1.0,synthetic
2026-07-01T12:00:00,zone_11,admin_building,40.7123,-74.0055,33.0,36.8,1.0,0.5,25.0,30.0,concrete,16,1.0,synthetic
2026-07-01T12:00:00,zone_12,entrance_plaza,40.7134,-74.0066,36.4,39.9,2.1,0.25,5.0,10.0,asphalt,24,1.0,synthetic
2026-07-01T13:00:00,zone_01,playground,40.7128,-74.006,34.0,43.7,4.6,0.33,5.0,10.0,asphalt,72,1.0,synthetic
2026-07-01T13:00:00,zone_02,parking_lot,40.713,-74.0062,35.7,44.1,2.2,0.45,0.0,0.0,asphalt,9,1.0,synthetic
2026-07-01T13:00:00,zone_03,courtyard,40.7126,-74.0058,33.0,48.8,2.7,0.66,15.0,25.0,concrete,39,1.0,synthetic
2026-07-01T13:00:00,zone_04,building_roof,40.7129,-74.0059,35.8,46.1,0.2,0.16,0.0,0.0,concrete,6,1.0,synthetic
2026-07-01T13:00:00,zone_05,sports_field,40.7131,-74.0061,32.8,45.2,2.2,0.71,0.0,5.0,grass,106,1.0,synthetic
2026-07-01T13:00:00,zone_06,library_exterior,40.7127,-74.0057,33.5,45.2,3.3,0.69,20.0,35.0,concrete,29,1.0,synthetic
2026-07-01T13:00:00,zone_07,cafeteria_patio,40.7125,-74.0063,32.6,38.4,2.4,0.23,40.0,50.0,concrete,54,1.0,synthetic
2026-07-01T13:00:00,zone_08,walkway,40.7132,-74.0056,34.2,43.8,2.4,0.78,10.0,15.0,asphalt,22,1.0,synthetic
2026-07-01T13:00:00,zone_09,garden,40.7124,-74.0064,31.8,45.4,2.0,0.32,60.0,70.0,grass,13,1.0,synthetic
2026-07-01T13:00:00,zone_10,gym_exterior,40.7133,-74.0065,32.8,44.9,1.0,0.61,10.0,20.0,concrete,38,1.0,synthetic
2026-07-01T13:00:00,zone_11,admin_building,40.7123,-74.0055,32.8,42.0,3.4,0.32,25.0,30.0,concrete,18,1.0,synthetic
2026-07-01T13:00:00,zone_12,entrance_plaza,40.7134,-74.0066,35.3,44.2,0.7,0.12,5.0,10.0,asphalt,32,1.0,synthetic
2026-07-01T14:00:00,zone_01,playground,40.7128,-74.006,33.6,50.5,1.5,0.44,5.0,10.0,asphalt,82,1.0,synthetic
2026-07-01T14:00:00,zone_02,parking_lot,40.713,-74.0062,35.5,48.3,0.3,0.62,0.0,0.0,asphalt,7,1.0,synthetic
2026-07-01T14:00:00,zone_03,courtyard,40.7126,-74.0058,32.3,46.5,0.7,0.31,15.0,25.0,concrete,44,1.0,synthetic
2026-07-01T14:00:00,zone_04,building_roof,40.7129,-74.0059,34.6,43.7,0.9,0.76,0.0,0.0,concrete,6,1.0,synthetic
2026-07-01T14:00:00,zone_05,sports_field,40.7131,-74.0061,32.5,46.7,2.0,0.53,0.0,5.0,grass,121,1.0,synthetic
2026-07-01T14:00:00,zone_06,library_exterior,40.7127,-74.0057,32.9,52.2,0.4,0.22,20.0,35.0,concrete,30,1.0,synthetic
2026-07-01T14:00:00,zone_07,cafeteria_patio,40.7125,-74.0063,31.5,45.7,1.4,0.14,40.0,50.0,concrete,62,1.0,synthetic
2026-07-01T14:00:00,zone_08,walkway,40.7132,-74.0056,32.8,43.8,2.8,0.21,10.0,15.0,asphalt,27,1.0,synthetic
2026-07-01T14:00:00,zone_09,garden,40.7124,-74.0064,30.8,49.2,2.2,0.52,60.0,70.0,grass,12,1.0,synthetic
2026-07-01T14:00:00,zone_10,gym_exterior,40.7133,-74.0065,32.3,47.8,1.6,0.19,10.0,20.0,concrete,41,1.0,synthetic
2026-07-01T14:00:00,zone_11,admin_building,40.7123,-74.0055,32.3,48.3,2.7,0.16,25.0,30.0,concrete,24,1.0,synthetic
2026-07-01T14:00:00,zone_12,entrance_plaza,40.7134,-74.0066,33.2,43.6,2.9,0.45,5.0,10.0,asphalt,34,1.0,synthetic
2026-07-01T15:00:00,zone_01,playground,40.7128,-74.006,32.2,53.2,2.0,0.44,5.0,10.0,asphalt,66,1.0,synthetic
2026-07-01T15:00:00,zone_02,parking_lot,40.713,-74.0062,34.6,53.5,3.3,0.5,0.0,0.0,asphalt,6,1.0,synthetic
2026-07-01T15:00:00,zone_03,courtyard,40.7126,-74.0058,31.8,51.4,2.6,0.7,15.0,25.0,concrete,38,1.0,synthetic
2026-07-01T15:00:00,zone_04,building_roof,40.7129,-74.0059,34.7,54.6,2.5,0.58,0.0,0.0,concrete,5,1.0,synthetic
2026-07-01T15:00:00,zone_05,sports_field,40.7131,-74.0061,31.7,54.4,1.8,0.33,0.0,5.0,grass,96,1.0,synthetic
2026-07-01T15:00:00,zone_06,library_exterior,40.7127,-74.0057,31.0,54.0,2.4,0.46,20.0,35.0,concrete,24,1.0,synthetic
2026-07-01T15:00:00,zone_07,cafeteria_patio,40.7125,-74.0063,30.9,52.6,0.6,0.54,40.0,50.0,concrete,49,1.0,synthetic
2026-07-01T15:00:00,zone_08,walkway,40.7132,-74.0056,32.7,53.1,2.3,0.48,10.0,15.0,asphalt,20,1.0,synthetic
2026-07-01T15:00:00,zone_09,garden,40.7124,-74.0064,30.0,53.3,2.6,0.17,60.0,70.0,grass,12,1.0,synthetic
2026-07-01T15:00:00,zone_10,gym_exterior,40.7133,-74.0065,31.8,53.7,1.8,0.6,10.0,20.0,concrete,32,1.0,synthetic
2026-07-01T15:00:00,zone_11,admin_building,40.7123,-74.0055,31.2,50.4,3.2,0.13,25.0,30.0,concrete,13,1.0,synthetic
2026-07-01T15:00:00,zone_12,entrance_plaza,40.7134,-74.0066,33.2,50.9,1.9,0.64,5.0,10.0,asphalt,24,1.0,synthetic
2026-07-01T16:00:00,zone_01,playground,40.7128,-74.006,31.0,64.2,0.6,0.21,5.0,10.0,asphalt,36,1.0,synthetic
2026-07-01T16:00:00,zone_02,parking_lot,40.713,-74.0062,33.1,61.5,3.1,0.29,0.0,0.0,asphalt,7,1.0,synthetic
2026-07-01T16:00:00,zone_03,courtyard,40.7126,-74.0058,30.6,58.2,3.8,0.38,15.0,25.0,concrete,20,1.0,synthetic
2026-07-01T16:00:00,zone_04,building_roof,40.7129,-74.0059,33.7,57.9,1.3,0.12,0.0,0.0,concrete,1,1.0,synthetic
2026-07-01T16:00:00,zone_05,sports_field,40.7131,-74.0061,29.2,62.9,1.9,0.78,0.0,5.0,grass,62,1.0,synthetic
2026-07-01T16:00:00,zone_06,library_exterior,40.7127,-74.0057,30.2,57.8,2.7,0.69,20.0,35.0,concrete,16,1.0,synthetic
2026-07-01T16:00:00,zone_07,cafeteria_patio,40.7125,-74.0063,29.9,62.5,2.2,0.66,40.0,50.0,concrete,31,1.0,synthetic
2026-07-01T16:00:00,zone_08,walkway,40.7132,-74.0056,30.3,58.4,2.4,0.4,10.0,15.0,asphalt,11,1.0,synthetic
2026-07-01T16:00:00,zone_09,garden,40.7124,-74.0064,28.8,54.2,2.1,0.29,60.0,70.0,grass,6,1.0,synthetic
2026-07-01T16:00:00,zone_10,gym_exterior,40.7133,-74.0065,30.2,61.5,1.7,0.15,10.0,20.0,concrete,20,1.0,synthetic
2026-07-01T16:00:00,zone_11,admin_building,40.7123,-74.0055,29.7,51.3,0.4,0.59,25.0,30.0,concrete,11,1.0,synthetic
2026-07-01T16:00:00,zone_12,entrance_plaza,40.7134,-74.0066,32.0,60.0,2.0,0.17,5.0,10.0,asphalt,16,1.0,synthetic
2026-07-01T17:00:00,zone_01,playground,40.7128,-74.006,30.0,61.5,3.5,0.49,5.0,10.0,asphalt,25,1.0,synthetic
2026-07-01T17:00:00,zone_02,parking_lot,40.713,-74.0062,31.1,65.1,1.7,0.16,0.0,0.0,asphalt,3,1.0,synthetic
2026-07-01T17:00:00,zone_03,courtyard,40.7126,-74.0058,28.5,64.2,3.8,0.66,15.0,25.0,concrete,14,1.0,synthetic
2026-07-01T17:00:00,zone_04,building_roof,40.7129,-74.0059,31.8,63.7,2.3,0.59,0.0,0.0,concrete,0,1.0,synthetic
2026-07-01T17:00:00,zone_05,sports_field,40.7131,-74.0061,28.5,63.1,2.7,0.6,0.0,5.0,grass,36,1.0,synthetic
2026-07-01T17:00:00,zone_06,library_exterior,40.7127,-74.0057,28.5,68.3,2.1,0.67,20.0,35.0,concrete,10,1.0,synthetic
2026-07-01T17:00:00,zone_07,cafeteria_patio,40.7125,-74.0063,29.3,62.9,3.7,0.16,40.0,50.0,concrete,18,1.0,synthetic
2026-07-01T17:00:00,zone_08,walkway,40.7132,-74.0056,29.0,63.4,2.6,0.45,10.0,15.0,asphalt,9,1.0,synthetic
2026-07-01T17:00:00,zone_09,garden,40.7124,-74.0064,28.4,66.3,2.0,0.24,60.0,70.0,grass,4,1.0,synthetic
2026-07-01T17:00:00,zone_10,gym_exterior,40.7133,-74.0065,28.9,65.6,3.1,0.61,10.0,20.0,concrete,12,1.0,synthetic
2026-07-01T17:00:00,zone_11,admin_building,40.7123,-74.0055,28.4,69.7,0.8,0.79,25.0,30.0,concrete,4,1.0,synthetic
2026-07-01T17:00:00,zone_12,entrance_plaza,40.7134,-74.0066,29.7,71.0,1.9,0.71,5.0,10.0,asphalt,13,1.0,synthetic
2026-07-01T18:00:00,zone_01,playground,40.7128,-74.006,28.6,74.1,2.7,0.74,5.0,10.0,asphalt,5,0.0,synthetic
2026-07-01T18:00:00,zone_02,parking_lot,40.713,-74.0062,30.5,67.7,3.4,0.19,0.0,0.0,asphalt,2,0.0,synthetic
2026-07-01T18:00:00,zone_03,courtyard,40.7126,-74.0058,28.0,72.3,1.4,0.78,15.0,25.0,concrete,3,0.0,synthetic
2026-07-01T18:00:00,zone_04,building_roof,40.7129,-74.0059,30.9,70.6,0.3,0.71,0.0,0.0,concrete,0,0.0,synthetic
2026-07-01T18:00:00,zone_05,sports_field,40.7131,-74.0061,27.6,62.9,3.1,0.21,0.0,5.0,grass,9,0.0,synthetic
2026-07-01T18:00:00,zone_06,library_exterior,40.7127,-74.0057,27.7,71.2,2.8,0.33,20.0,35.0,concrete,1,0.0,synthetic
2026-07-01T18:00:00,zone_07,cafeteria_patio,40.7125,-74.0063,26.8,72.5,2.0,0.27,40.0,50.0,concrete,6,0.0,synthetic
2026-07-01T18:00:00,zone_08,walkway,40.7132,-74.0056,27.2,72.2,1.7,0.27,10.0,15.0,asphalt,4,0.0,synthetic
2026-07-01T18:00:00,zone_09,garden,40.7124,-74.0064,27.0,74.0,1.7,0.13,60.0,70.0,grass,1,0.0,synthetic
2026-07-01T18:00:00,zone_10,gym_exterior,40.7133,-74.0065,28.3,75.1,3.2,0.66,10.0,20.0,concrete,4,0.0,synthetic
2026-07-01T18:00:00,zone_11,admin_building,40.7123,-74.0055,27.8,72.2,1.7,0.29,25.0,30.0,concrete,2,0.0,synthetic
2026-07-01T18:00:00,zone_12,entrance_plaza,40.7134,-74.0066,29.2,69.4,1.9,0.75,5.0,10.0,asphalt,1,0.0,synthetic
2026-07-01T19:00:00,zone_01,playground,40.7128,-74.006,27.5,71.5,2.9,0.42,5.0,10.0,asphalt,0,0.0,synthetic
2026-07-01T19:00:00,zone_02,parking_lot,40.713,-74.0062,27.9,86.3,1.1,0.12,0.0,0.0,asphalt,0,0.0,synthetic
2026-07-01T19:00:00,zone_03,courtyard,40.7126,-74.0058,27.1,74.4,2.6,0.78,15.0,25.0,concrete,0,0.0,synthetic
2026-07-01T19:00:00,zone_04,building_roof,40.7129,-74.0059,29.6,75.5,3.1,0.22,0.0,0.0,concrete,0,0.0,synthetic
2026-07-01T19:00:00,zone_05,sports_field,40.7131,-74.0061,26.4,79.0,2.2,0.45,0.0,5.0,grass,0,0.0,synthetic
2026-07-01T19:00:00,zone_06,library_exterior,40.7127,-74.0057,26.8,78.4,1.6,0.75,20.0,35.0,concrete,0,0.0,synthetic
2026-07-01T19:00:00,zone_07,cafeteria_patio,40.7125,-74.0063,26.4,81.1,2.6,0.38,40.0,50.0,concrete,0,0.0,synthetic
2026-07-01T19:00:00,zone_08,walkway,40.7132,-74.0056,26.6,78.4,3.0,0.65,10.0,15.0,asphalt,0,0.0,synthetic
2026-07-01T19:00:00,zone_09,garden,40.7124,-74.0064,25.8,78.9,1.8,0.33,60.0,70.0,grass,1,0.0,synthetic
2026-07-01T19:00:00,zone_10,gym_exterior,40.7133,-74.0065,27.2,79.2,2.7,0.4,10.0,20.0,concrete,1,0.0,synthetic
2026-07-01T19:00:00,zone_11,admin_building,40.7123,-74.0055,26.0,77.9,1.8,0.33,25.0,30.0,concrete,0,0.0,synthetic
2026-07-01T19:00:00,zone_12,entrance_plaza,40.7134,-74.0066,27.4,72.6,1.1,0.41,5.0,10.0,asphalt,3,0.0,synthetic
2026-07-01T20:00:00,zone_01,playground,40.7128,-74.006,26.1,78.7,3.6,0.53,5.0,10.0,asphalt,2,0.0,synthetic
2026-07-01T20:00:00,zone_02,parking_lot,40.713,-74.0062,26.8,80.6,2.1,0.44,0.0,0.0,asphalt,2,0.0,synthetic
2026-07-01T20:00:00,zone_03,courtyard,40.7126,-74.0058,24.8,77.7,3.0,0.53,15.0,25.0,concrete,4,0.0,synthetic
2026-07-01T20:00:00,zone_04,building_roof,40.7129,-74.0059,28.8,84.4,1.7,0.75,0.0,0.0,concrete,0,0.0,synthetic
2026-07-01T20:00:00,zone_05,sports_field,40.7131,-74.0061,24.6,81.8,0.3,0.3,0.0,5.0,grass,0,0.0,synthetic
2026-07-01T20:00:00,zone_06,library_exterior,40.7127,-74.0057,25.7,80.8,0.1,0.53,20.0,35.0,concrete,0,0.0,synthetic
2026-07-01T20:00:00,zone_07,cafeteria_patio,40.7125,-74.0063,24.3,85.5,1.0,0.23,40.0,50.0,concrete,0,0.0,synthetic
2026-07-01T20:00:00,zone_08,walkway,40.7132,-74.0056,25.5,84.3,3.8,0.17,10.0,15.0,asphalt,0,0.0,synthetic
2026-07-01T20:00:00,zone_09,garden,40.7124,-74.0064,23.2,84.0,2.0,0.66,60.0,70.0,grass,1,0.0,synthetic
2026-07-01T20:00:00,zone_10,gym_exterior,40.7133,-74.0065,25.4,82.9,2.5,0.52,10.0,20.0,concrete,0,0.0,synthetic
2026-07-01T20:00:00,zone_11,admin_building,40.7123,-74.0055,25.1,82.8,1.3,0.53,25.0,30.0,concrete,0,0.0,synthetic
2026-07-01T20:00:00,zone_12,entrance_plaza,40.7134,-74.0066,27.5,81.8,1.7,0.27,5.0,10.0,asphalt,1,0.0,synthetic
2026-07-01T21:00:00,zone_01,playground,40.7128,-74.006,25.3,89.3,1.7,0.57,5.0,10.0,asphalt,2,0.0,synthetic
2026-07-01T21:00:00,zone_02,parking_lot,40.713,-74.0062,27.3,84.3,4.2,0.22,0.0,0.0,asphalt,0,0.0,synthetic
2026-07-01T21:00:00,zone_03,courtyard,40.7126,-74.0058,25.0,87.9,1.8,0.12,15.0,25.0,concrete,0,0.0,synthetic
2026-07-01T21:00:00,zone_04,building_roof,40.7129,-74.0059,28.3,91.5,0.5,0.37,0.0,0.0,concrete,0,0.0,synthetic
2026-07-01T21:00:00,zone_05,sports_field,40.7131,-74.0061,24.1,94.4,1.2,0.4,0.0,5.0,grass,3,0.0,synthetic
2026-07-01T21:00:00,zone_06,library_exterior,40.7127,-74.0057,25.0,90.0,2.3,0.5,20.0,35.0,concrete,0,0.0,synthetic
2026-07-01T21:00:00,zone_07,cafeteria_patio,40.7125,-74.0063,23.8,86.0,1.4,0.26,40.0,50.0,concrete,0,0.0,synthetic
2026-07-01T21:00:00,zone_08,walkway,40.7132,-74.0056,24.9,86.1,1.2,0.66,10.0,15.0,asphalt,0,0.0,synthetic
2026-07-01T21:00:00,zone_09,garden,40.7124,-74.0064,23.3,82.0,2.3,0.47,60.0,70.0,grass,1,0.0,synthetic
2026-07-01T21:00:00,zone_10,gym_exterior,40.7133,-74.0065,24.3,83.0,2.7,0.61,10.0,20.0,concrete,3,0.0,synthetic
2026-07-01T21:00:00,zone_11,admin_building,40.7123,-74.0055,23.9,86.5,2.6,0.22,25.0,30.0,concrete,0,0.0,synthetic
2026-07-01T21:00:00,zone_12,entrance_plaza,40.7134,-74.0066,25.7,88.5,1.1,0.42,5.0,10.0,asphalt,0,0.0,synthetic
2026-07-01T22:00:00,zone_01,playground,40.7128,-74.006,24.8,92.9,3.1,0.75,5.0,10.0,asphalt,1,0.0,synthetic
2026-07-01T22:00:00,zone_02,parking_lot,40.713,-74.0062,26.4,84.9,2.1,0.69,0.0,0.0,asphalt,1,0.0,synthetic
2026-07-01T22:00:00,zone_03,courtyard,40.7126,-74.0058,25.3,90.3,2.2,0.19,15.0,25.0,concrete,0,0.0,synthetic
2026-07-01T22:00:00,zone_04,building_roof,40.7129,-74.0059,27.4,90.9,0.9,0.35,0.0,0.0,concrete,0,0.0,synthetic
2026-07-01T22:00:00,zone_05,sports_field,40.7131,-74.0061,22.8,90.7,0.9,0.52,0.0,5.0,grass,0,0.0,synthetic
2026-07-01T22:00:00,zone_06,library_exterior,40.7127,-74.0057,24.4,89.2,2.3,0.7,20.0,35.0,concrete,0,0.0,synthetic
2026-07-01T22:00:00,zone_07,cafeteria_patio,40.7125,-74.0063,23.5,88.9,2.9,0.71,40.0,50.0,concrete,0,0.0,synthetic
2026-07-01T22:00:00,zone_08,walkway,40.7132,-74.0056,25.0,90.9,1.5,0.38,10.0,15.0,asphalt,0,0.0,synthetic
2026-07-01T22:00:00,zone_09,garden,40.7124,-74.0064,22.9,86.5,2.0,0.55,60.0,70.0,grass,0,0.0,synthetic
2026-07-01T22:00:00,zone_10,gym_exterior,40.7133,-74.0065,24.3,89.7,4.5,0.64,10.0,20.0,concrete,0,0.0,synthetic
2026-07-01T22:00:00,zone_11,admin_building,40.7123,-74.0055,23.8,85.2,0.9,0.36,25.0,30.0,concrete,0,0.0,synthetic
2026-07-01T22:00:00,zone_12,entrance_plaza,40.7134,-74.0066,25.9,89.3,0.2,0.45,5.0,10.0,asphalt,0,0.0,synthetic
2026-07-01T23:00:00,zone_01,playground,40.7128,-74.006,24.5,89.6,0.8,0.53,5.0,10.0,asphalt,1,0.0,synthetic
2026-07-01T23:00:00,zone_02,parking_lot,40.713,-74.0062,26.0,91.3,1.3,0.8,0.0,0.0,asphalt,0,0.0,synthetic
2026-07-01T23:00:00,zone_03,courtyard,40.7126,-74.0058,24.1,89.0,1.4,0.58,15.0,25.0,concrete,0,0.0,synthetic
2026-07-01T23:00:00,zone_04,building_roof,40.7129,-74.0059,27.0,87.8,0.5,0.54,0.0,0.0,concrete,1,0.0,synthetic
2026-07-01T23:00:00,zone_05,sports_field,40.7131,-74.0061,22.2,92.8,0.6,0.36,0.0,5.0,grass,0,0.0,synthetic
2026-07-01T23:00:00,zone_06,library_exterior,40.7127,-74.0057,24.4,89.1,2.9,0.11,20.0,35.0,concrete,1,0.0,synthetic
2026-07-01T23:00:00,zone_07,cafeteria_patio,40.7125,-74.0063,23.0,82.2,1.5,0.47,40.0,50.0,concrete,0,0.0,synthetic
2026-07-01T23:00:00,zone_08,walkway,40.7132,-74.0056,24.0,89.9,0.0,0.69,10.0,15.0,asphalt,4,0.0,synthetic
2026-07-01T23:00:00,zone_09,garden,40.7124,-74.0064,22.5,87.2,1.6,0.62,60.0,70.0,grass,0,0.0,synthetic
2026-07-01T23:00:00,zone_10,gym_exterior,40.7133,-74.0065,23.0,88.7,1.1,0.65,10.0,20.0,concrete,0,0.0,synthetic
2026-07-01T23:00:00,zone_11,admin_building,40.7123,-74.0055,23.3,93.1,1.4,0.28,25.0,30.0,concrete,3,0.0,synthetic
2026-07-01T23:00:00,zone_12,entrance_plaza,40.7134,-74.0066,25.5,92.8,3.4,0.73,5.0,10.0,asphalt,2,0.0,synthetic
2026-07-02T00:00:00,zone_01,playground,40.7128,-74.006,25.8,93.8,2.0,0.21,5.0,10.0,asphalt,0,0.0,synthetic
2026-07-02T00:00:00,zone_02,parking_lot,40.713,-74.0062,26.7,94.3,1.8,0.16,0.0,0.0,asphalt,0,0.0,synthetic
2026-07-02T00:00:00,zone_03,courtyard,40.7126,-74.0058,24.0,89.7,0.7,0.34,15.0,25.0,concrete,0,0.0,synthetic
2026-07-02T00:00:00,zone_04,building_roof,40.7129,-74.0059,27.5,92.6,1.5,0.17,0.0,0.0,concrete,0,0.0,synthetic
2026-07-02T00:00:00,zone_05,sports_field,40.7131,-74.0061,24.3,91.3,3.0,0.54,0.0,5.0,grass,0,0.0,synthetic
2026-07-02T00:00:00,zone_06,library_exterior,40.7127,-74.0057,23.3,87.6,2.3,0.64,20.0,35.0,concrete,0,0.0,synthetic
2026-07-02T00:00:00,zone_07,cafeteria_patio,40.7125,-74.0063,23.7,95.6,1.4,0.79,40.0,50.0,concrete,1,0.0,synthetic
2026-07-02T00:00:00,zone_08,walkway,40.7132,-74.0056,25.4,94.5,2.7,0.56,10.0,15.0,asphalt,1,0.0,synthetic
2026-07-02T00:00:00,zone_09,garden,40.7124,-74.0064,22.5,86.6,1.0,0.41,60.0,70.0,grass,0,0.0,synthetic
2026-07-02T00:00:00,zone_10,gym_exterior,40.7133,-74.0065,24.7,89.6,1.5,0.24,10.0,20.0,concrete,0,0.0,synthetic
2026-07-02T00:00:00,zone_11,admin_building,40.7123,-74.0055,23.9,91.6,2.9,0.7,25.0,30.0,concrete,0,0.0,synthetic
2026-07-02T00:00:00,zone_12,entrance_plaza,40.7134,-74.0066,26.1,86.7,3.2,0.61,5.0,10.0,asphalt,0,0.0,synthetic
2026-07-02T01:00:00,zone_01,playground,40.7128,-74.006,26.0,90.2,2.2,0.79,5.0,10.0,asphalt,0,0.0,synthetic
2026-07-02T01:00:00,zone_02,parking_lot,40.713,-74.0062,27.1,86.4,2.8,0.25,0.0,0.0,asphalt,1,0.0,synthetic
2026-07-02T01:00:00,zone_03,courtyard,40.7126,-74.0058,25.3,86.7,2.3,0.51,15.0,25.0,concrete,3,0.0,synthetic
2026-07-02T01:00:00,zone_04,building_roof,40.7129,-74.0059,26.7,86.9,3.8,0.71,0.0,0.0,concrete,1,0.0,synthetic
2026-07-02T01:00:00,zone_05,sports_field,40.7131,-74.0061,24.8,88.7,1.9,0.11,0.0,5.0,grass,0,0.0,synthetic
2026-07-02T01:00:00,zone_06,library_exterior,40.7127,-74.0057,24.9,83.9,3.3,0.24,20.0,35.0,concrete,0,0.0,synthetic
2026-07-02T01:00:00,zone_07,cafeteria_patio,40.7125,-74.0063,24.8,87.8,0.8,0.35,40.0,50.0,concrete,0,0.0,synthetic
2026-07-02T01:00:00,zone_08,walkway,40.7132,-74.0056,25.3,91.0,0.6,0.2,10.0,15.0,asphalt,0,0.0,synthetic
2026-07-02T01:00:00,zone_09,garden,40.7124,-74.0064,23.5,85.5,3.7,0.72,60.0,70.0,grass,0,0.0,synthetic
2026-07-02T01:00:00,zone_10,gym_exterior,40.7133,-74.0065,24.0,91.0,3.7,0.1,10.0,20.0,concrete,0,0.0,synthetic
2026-07-02T01:00:00,zone_11,admin_building,40.7123,-74.0055,23.5,90.4,1.4,0.55,25.0,30.0,concrete,5,0.0,synthetic
2026-07-02T01:00:00,zone_12,entrance_plaza,40.7134,-74.0066,26.2,84.6,3.9,0.52,5.0,10.0,asphalt,3,0.0,synthetic
2026-07-02T02:00:00,zone_01,playground,40.7128,-74.006,27.0,84.5,2.8,0.45,5.0,10.0,asphalt,0,0.0,synthetic
2026-07-02T02:00:00,zone_02,parking_lot,40.713,-74.0062,28.5,80.7,2.9,0.46,0.0,0.0,asphalt,1,0.0,synthetic
2026-07-02T02:00:00,zone_03,courtyard,40.7126,-74.0058,24.9,82.1,1.3,0.16,15.0,25.0,concrete,0,0.0,synthetic
2026-07-02T02:00:00,zone_04,building_roof,40.7129,-74.0059,28.7,78.6,2.2,0.39,0.0,0.0,concrete,1,0.0,synthetic
2026-07-02T02:00:00,zone_05,sports_field,40.7131,-74.0061,25.6,84.4,1.8,0.69,0.0,5.0,grass,0,0.0,synthetic
2026-07-02T02:00:00,zone_06,library_exterior,40.7127,-74.0057,25.9,76.9,0.7,0.35,20.0,35.0,concrete,0,0.0,synthetic
2026-07-02T02:00:00,zone_07,cafeteria_patio,40.7125,-74.0063,24.8,77.4,2.3,0.28,40.0,50.0,concrete,0,0.0,synthetic
2026-07-02T02:00:00,zone_08,walkway,40.7132,-74.0056,26.5,82.1,1.6,0.66,10.0,15.0,asphalt,0,0.0,synthetic
2026-07-02T02:00:00,zone_09,garden,40.7124,-74.0064,23.4,74.1,2.0,0.41,60.0,70.0,grass,3,0.0,synthetic
2026-07-02T02:00:00,zone_10,gym_exterior,40.7133,-74.0065,26.1,85.0,2.4,0.19,10.0,20.0,concrete,0,0.0,synthetic
2026-07-02T02:00:00,zone_11,admin_building,40.7123,-74.0055,25.4,86.4,1.9,0.28,25.0,30.0,concrete,0,0.0,synthetic
2026-07-02T02:00:00,zone_12,entrance_plaza,40.7134,-74.0066,27.1,82.0,1.2,0.63,5.0,10.0,asphalt,0,0.0,synthetic
2026-07-02T03:00:00,zone_01,playground,40.7128,-74.006,28.2,76.7,2.0,0.12,5.0,10.0,asphalt,0,0.0,synthetic
2026-07-02T03:00:00,zone_02,parking_lot,40.713,-74.0062,29.1,74.1,0.2,0.73,0.0,0.0,asphalt,0,0.0,synthetic
2026-07-02T03:00:00,zone_03,courtyard,40.7126,-74.0058,26.5,79.0,0.4,0.61,15.0,25.0,concrete,0,0.0,synthetic
2026-07-02T03:00:00,zone_04,building_roof,40.7129,-74.0059,28.9,79.2,0.7,0.78,0.0,0.0,concrete,4,0.0,synthetic
2026-07-02T03:00:00,zone_05,sports_field,40.7131,-74.0061,25.2,81.0,1.3,0.7,0.0,5.0,grass,0,0.0,synthetic
2026-07-02T03:00:00,zone_06,library_exterior,40.7127,-74.0057,26.8,85.5,1.7,0.6,20.0,35.0,concrete,0,0.0,synthetic
2026-07-02T03:00:00,zone_07,cafeteria_patio,40.7125,-74.0063,25.4,77.8,0.9,0.22,40.0,50.0,concrete,0,0.0,synthetic
2026-07-02T03:00:00,zone_08,walkway,40.7132,-74.0056,26.8,83.5,3.8,0.48,10.0,15.0,asphalt,0,0.0,synthetic
2026-07-02T03:00:00,zone_09,garden,40.7124,-74.0064,25.0,75.3,1.8,0.14,60.0,70.0,grass,2,0.0,synthetic
2026-07-02T03:00:00,zone_10,gym_exterior,40.7133,-74.0065,26.4,79.3,1.3,0.33,10.0,20.0,concrete,0,0.0,synthetic
2026-07-02T03:00:00,zone_11,admin_building,40.7123,-74.0055,26.2,82.4,2.3,0.72,25.0,30.0,concrete,0,0.0,synthetic
2026-07-02T03:00:00,zone_12,entrance_plaza,40.7134,-74.0066,27.8,79.0,2.3,0.64,5.0,10.0,asphalt,0,0.0,synthetic
2026-07-02T04:00:00,zone_01,playground,40.7128,-74.006,29.1,71.2,1.8,0.17,5.0,10.0,asphalt,6,0.0,synthetic
2026-07-02T04:00:00,zone_02,parking_lot,40.713,-74.0062,30.7,73.0,3.3,0.78,0.0,0.0,asphalt,0,0.0,synthetic
2026-07-02T04:00:00,zone_03,courtyard,40.7126,-74.0058,27.8,67.2,2.9,0.5,15.0,25.0,concrete,0,0.0,synthetic
2026-07-02T04:00:00,zone_04,building_roof,40.7129,-74.0059,31.3,73.1,2.8,0.47,0.0,0.0,concrete,0,0.0,synthetic
2026-07-02T04:00:00,zone_05,sports_field,40.7131,-74.0061,27.4,68.9,1.4,0.7,0.0,5.0,grass,2,0.0,synthetic
2026-07-02T04:00:00,zone_06,library_exterior,40.7127,-74.0057,27.4,72.9,1.5,0.73,20.0,35.0,concrete,0,0.0,synthetic
2026-07-02T04:00:00,zone_07,cafeteria_patio,40.7125,-74.0063,26.5,72.7,4.1,0.16,40.0,50.0,concrete,0,0.0,synthetic
2026-07-02T04:00:00,zone_08,walkway,40.7132,-74.0056,28.3,72.2,2.5,0.39,10.0,15.0,asphalt,0,0.0,synthetic
2026-07-02T04:00:00,zone_09,garden,40.7124,-74.0064,25.7,72.8,1.8,0.21,60.0,70.0,grass,1,0.0,synthetic
2026-07-02T04:00:00,zone_10,gym_exterior,40.7133,-74.0065,27.9,70.7,3.8,0.72,10.0,20.0,concrete,0,0.0,synthetic
2026-07-02T04:00:00,zone_11,admin_building,40.7123,-74.0055,27.4,70.4,2.3,0.67,25.0,30.0,concrete,0,0.0,synthetic
2026-07-02T04:00:00,zone_12,entrance_plaza,40.7134,-74.0066,30.1,72.5,1.7,0.68,5.0,10.0,asphalt,0,0.0,synthetic
2026-07-02T05:00:00,zone_01,playground,40.7128,-74.006,28.9,63.2,3.3,0.33,5.0,10.0,asphalt,0,0.0,synthetic
2026-07-02T05:00:00,zone_02,parking_lot,40.713,-74.0062,31.8,62.5,1.4,0.34,0.0,0.0,asphalt,0,0.0,synthetic
2026-07-02T05:00:00,zone_03,courtyard,40.7126,-74.0058,29.8,64.0,3.2,0.35,15.0,25.0,concrete,3,0.0,synthetic
2026-07-02T05:00:00,zone_04,building_roof,40.7129,-74.0059,31.9,68.7,2.0,0.19,0.0,0.0,concrete,0,0.0,synthetic
2026-07-02T05:00:00,zone_05,sports_field,40.7131,-74.0061,27.9,68.6,1.5,0.22,0.0,5.0,grass,0,0.0,synthetic
2026-07-02T05:00:00,zone_06,library_exterior,40.7127,-74.0057,28.6,66.6,1.5,0.55,20.0,35.0,concrete,1,0.0,synthetic
2026-07-02T05:00:00,zone_07,cafeteria_patio,40.7125,-74.0063,28.4,70.8,1.0,0.12,40.0,50.0,concrete,0,0.0,synthetic
2026-07-02T05:00:00,zone_08,walkway,40.7132,-74.0056,30.0,61.0,2.7,0.57,10.0,15.0,asphalt,1,0.0,synthetic
2026-07-02T05:00:00,zone_09,garden,40.7124,-74.0064,27.7,64.3,2.7,0.18,60.0,70.0,grass,3,0.0,synthetic
2026-07-02T05:00:00,zone_10,gym_exterior,40.7133,-74.0065,28.3,58.2,2.1,0.37,10.0,20.0,concrete,2,0.0,synthetic
2026-07-02T05:00:00,zone_11,admin_building,40.7123,-74.0055,28.3,64.7,2.3,0.3,25.0,30.0,concrete,0,0.0,synthetic
2026-07-02T05:00:00,zone_12,entrance_plaza,40.7134,-74.0066,30.3,67.3,2.2,0.66,5.0,10.0,asphalt,0,0.0,synthetic
2026-07-02T06:00:00,zone_01,playground,40.7128,-74.006,30.8,61.8,1.5,0.71,5.0,10.0,asphalt,9,0.0,synthetic
2026-07-02T06:00:00,zone_02,parking_lot,40.713,-74.0062,33.0,56.6,1.1,0.27,0.0,0.0,asphalt,1,0.0,synthetic
2026-07-02T06:00:00,zone_03,courtyard,40.7126,-74.0058,30.3,57.6,2.8,0.31,15.0,25.0,concrete,1,0.0,synthetic
2026-07-02T06:00:00,zone_04,building_roof,40.7129,-74.0059,33.8,55.9,2.4,0.52,0.0,0.0,concrete,1,0.0,synthetic
2026-07-02T06:00:00,zone_05,sports_field,40.7131,-74.0061,29.7,58.0,2.1,0.14,0.0,5.0,grass,14,0.0,synthetic
2026-07-02T06:00:00,zone_06,library_exterior,40.7127,-74.0057,30.3,62.0,2.3,0.68,20.0,35.0,concrete,4,0.0,synthetic
2026-07-02T06:00:00,zone_07,cafeteria_patio,40.7125,-74.0063,29.7,61.5,0.0,0.32,40.0,50.0,concrete,7,0.0,synthetic
2026-07-02T06:00:00,zone_08,walkway,40.7132,-74.0056,31.5,57.5,2.9,0.41,10.0,15.0,asphalt,2,0.0,synthetic
2026-07-02T06:00:00,zone_09,garden,40.7124,-74.0064,29.6,62.5,3.6,0.27,60.0,70.0,grass,2,0.0,synthetic
2026-07-02T06:00:00,zone_10,gym_exterior,40.7133,-74.0065,30.0,58.6,1.7,0.56,10.0,20.0,concrete,0,0.0,synthetic
2026-07-02T06:00:00,zone_11,admin_building,40.7123,-74.0055,30.0,60.2,2.0,0.54,25.0,30.0,concrete,5,0.0,synthetic
2026-07-02T06:00:00,zone_12,entrance_plaza,40.7134,-74.0066,31.7,58.0,1.6,0.13,5.0,10.0,asphalt,0,0.0,synthetic
2026-07-02T07:00:00,zone_01,playground,40.7128,-74.006,32.3,50.4,0.6,0.53,5.0,10.0,asphalt,24,1.0,synthetic
2026-07-02T07:00:00,zone_02,parking_lot,40.713,-74.0062,33.6,50.5,1.8,0.11,0.0,0.0,asphalt,3,1.0,synthetic
2026-07-02T07:00:00,zone_03,courtyard,40.7126,-74.0058,31.3,50.2,2.3,0.46,15.0,25.0,concrete,15,1.0,synthetic
2026-07-02T07:00:00,zone_04,building_roof,40.7129,-74.0059,34.7,52.0,1.2,0.53,0.0,0.0,concrete,1,1.0,synthetic
2026-07-02T07:00:00,zone_05,sports_field,40.7131,-74.0061,30.8,50.1,3.1,0.45,0.0,5.0,grass,36,1.0,synthetic
2026-07-02T07:00:00,zone_06,library_exterior,40.7127,-74.0057,31.1,50.5,0.6,0.39,20.0,35.0,concrete,6,1.0,synthetic
2026-07-02T07:00:00,zone_07,cafeteria_patio,40.7125,-74.0063,30.9,54.0,0.4,0.68,40.0,50.0,concrete,19,1.0,synthetic
2026-07-02T07:00:00,zone_08,walkway,40.7132,-74.0056,32.1,50.7,1.3,0.37,10.0,15.0,asphalt,7,1.0,synthetic
2026-07-02T07:00:00,zone_09,garden,40.7124,-74.0064,28.9,50.3,1.8,0.63,60.0,70.0,grass,3,1.0,synthetic
2026-07-02T07:00:00,zone_10,gym_exterior,40.7133,-74.0065,32.0,52.0,3.2,0.35,10.0,20.0,concrete,14,1.0,synthetic
2026-07-02T07:00:00,zone_11,admin_building,40.7123,-74.0055,31.1,52.6,2.7,0.53,25.0,30.0,concrete,6,1.0,synthetic
2026-07-02T07:00:00,zone_12,entrance_plaza,40.7134,-74.0066,33.2,54.4,2.1,0.2,5.0,10.0,asphalt,9,1.0,synthetic
2026-07-02T08:00:00,zone_01,playground,40.7128,-74.006,33.5,46.7,1.9,0.5,5.0,10.0,asphalt,61,1.0,synthetic
2026-07-02T08:00:00,zone_02,parking_lot,40.713,-74.0062,34.1,49.5,2.9,0.69,0.0,0.0,asphalt,10,1.0,synthetic
2026-07-02T08:00:00,zone_03,courtyard,40.7126,-74.0058,32.2,52.6,0.8,0.31,15.0,25.0,concrete,37,1.0,synthetic
2026-07-02T08:00:00,zone_04,building_roof,40.7129,-74.0059,35.4,51.6,2.5,0.7,0.0,0.0,concrete,4,1.0,synthetic
2026-07-02T08:00:00,zone_05,sports_field,40.7131,-74.0061,32.0,49.8,2.8,0.36,0.0,5.0,grass,93,1.0,synthetic
2026-07-02T08:00:00,zone_06,library_exterior,40.7127,-74.0057,33.1,49.7,1.0,0.22,20.0,35.0,concrete,26,1.0,synthetic
2026-07-02T08:00:00,zone_07,cafeteria_patio,40.7125,-74.0063,31.3,46.7,1.7,0.21,40.0,50.0,concrete,49,1.0,synthetic
2026-07-02T08:00:00,zone_08,walkway,40.7132,-74.0056,33.1,46.8,0.6,0.15,10.0,15.0,asphalt,22,1.0,synthetic
2026-07-02T08:00:00,zone_09,garden,40.7124,-74.0064,30.2,44.9,3.0,0.36,60.0,70.0,grass,15,1.0,synthetic
2026-07-02T08:00:00,zone_10,gym_exterior,40.7133,-74.0065,33.7,45.9,2.0,0.12,10.0,20.0,concrete,30,1.0,synthetic
2026-07-02T08:00:00,zone_11,admin_building,40.7123,-74.0055,32.4,47.3,1.6,0.12,25.0,30.0,concrete,16,1.0,synthetic
2026-07-02T08:00:00,zone_12,entrance_plaza,40.7134,-74.0066,33.5,46.2,0.2,0.73,5.0,10.0,asphalt,28,1.0,synthetic
2026-07-02T09:00:00,zone_01,playground,40.7128,-74.006,34.7,42.3,3.2,0.79,5.0,10.0,asphalt,80,1.0,synthetic
2026-07-02T09:00:00,zone_02,parking_lot,40.713,-74.0062,35.1,38.9,2.5,0.21,0.0,0.0,asphalt,6,1.0,synthetic
2026-07-02T09:00:00,zone_03,courtyard,40.7126,-74.0058,34.2,50.0,2.6,0.41,15.0,25.0,concrete,46,1.0,synthetic
2026-07-02T09:00:00,zone_04,building_roof,40.7129,-74.0059,35.8,40.7,0.7,0.78,0.0,0.0,concrete,4,1.0,synthetic
2026-07-02T09:00:00,zone_05,sports_field,40.7131,-74.0061,31.8,45.6,0.9,0.41,0.0,5.0,grass,120,1.0,synthetic
2026-07-02T09:00:00,zone_06,library_exterior,40.7127,-74.0057,33.0,50.4,2.3,0.5,20.0,35.0,concrete,31,1.0,synthetic
2026-07-02T09:00:00,zone_07,cafeteria_patio,40.7125,-74.0063,32.0,44.8,1.5,0.43,40.0,50.0,concrete,60,1.0,synthetic
2026-07-02T09:00:00,zone_08,walkway,40.7132,-74.0056,33.1,44.1,2.3,0.71,10.0,15.0,asphalt,28,1.0,synthetic
2026-07-02T09:00:00,zone_09,garden,40.7124,-74.0064,32.0,42.2,2.3,0.29,60.0,70.0,grass,15,1.0,synthetic
2026-07-02T09:00:00,zone_10,gym_exterior,40.7133,-74.0065,33.5,39.8,2.0,0.7,10.0,20.0,concrete,40,1.0,synthetic
2026-07-02T09:00:00,zone_11,admin_building,40.7123,-74.0055,32.0,47.1,1.1,0.63,25.0,30.0,concrete,19,1.0,synthetic
2026-07-02T09:00:00,zone_12,entrance_plaza,40.7134,-74.0066,35.0,36.1,4.7,0.71,5.0,10.0,asphalt,35,1.0,synthetic
2026-07-02T10:00:00,zone_01,playground,40.7128,-74.006,34.8,41.7,2.5,0.5,5.0,10.0,asphalt,81,1.0,synthetic
2026-07-02T10:00:00,zone_02,parking_lot,40.713,-74.0062,36.9,40.2,1.9,0.46,0.0,0.0,asphalt,12,1.0,synthetic
2026-07-02T10:00:00,zone_03,courtyard,40.7126,-74.0058,34.2,41.4,2.0,0.58,15.0,25.0,concrete,45,1.0,synthetic
2026-07-02T10:00:00,zone_04,building_roof,40.7129,-74.0059,37.3,44.2,1.6,0.35,0.0,0.0,concrete,4,1.0,synthetic
2026-07-02T10:00:00,zone_05,sports_field,40.7131,-74.0061,33.0,43.4,3.0,0.31,0.0,5.0,grass,121,1.0,synthetic
2026-07-02T10:00:00,zone_06,library_exterior,40.7127,-74.0057,33.9,43.0,2.4,0.64,20.0,35.0,concrete,29,1.0,synthetic
2026-07-02T10:00:00,zone_07,cafeteria_patio,40.7125,-74.0063,33.7,43.0,2.4,0.16,40.0,50.0,concrete,62,1.0,synthetic
2026-07-02T10:00:00,zone_08,walkway,40.7132,-74.0056,33.9,40.8,0.4,0.15,10.0,15.0,asphalt,22,1.0,synthetic
2026-07-02T10:00:00,zone_09,garden,40.7124,-74.0064,31.9,39.9,0.1,0.15,60.0,70.0,grass,15,1.0,synthetic
2026-07-02T10:00:00,zone_10,gym_exterior,40.7133,-74.0065,34.8,40.9,1.8,0.15,10.0,20.0,concrete,40,1.0,synthetic
2026-07-02T10:00:00,zone_11,admin_building,40.7123,-74.0055,32.6,38.6,1.2,0.66,25.0,30.0,concrete,19,1.0,synthetic
2026-07-02T10:00:00,zone_12,entrance_plaza,40.7134,-74.0066,35.3,43.0,1.7,0.43,5.0,10.0,asphalt,36,1.0,synthetic
2026-07-02T11:00:00,zone_01,playground,40.7128,-74.006,35.3,36.3,2.1,0.35,5.0,10.0,asphalt,72,1.0,synthetic
2026-07-02T11:00:00,zone_02,parking_lot,40.713,-74.0062,36.1,41.0,2.0,0.41,0.0,0.0,asphalt,11,1.0,synthetic
2026-07-02T11:00:00,zone_03,courtyard,40.7126,-74.0058,34.9,43.7,2.2,0.27,15.0,25.0,concrete,40,1.0,synthetic
2026-07-02T11:00:00,zone_04,building_roof,40.7129,-74.0059,37.4,41.7,2.2,0.46,0.0,0.0,concrete,6,1.0,synthetic
2026-07-02T11:00:00,zone_05,sports_field,40.7131,-74.0061,33.7,38.5,2.0,0.3,0.0,5.0,grass,105,1.0,synthetic
2026-07-02T11:00:00,zone_06,library_exterior,40.7127,-74.0057,34.0,37.2,1.4,0.29,20.0,35.0,concrete,27,1.0,synthetic
2026-07-02T11:00:00,zone_07,cafeteria_patio,40.7125,-74.0063,33.1,40.5,2.8,0.32,40.0,50.0,concrete,53,1.0,synthetic
2026-07-02T11:00:00,zone_08,walkway,40.7132,-74.0056,34.4,37.7,2.7,0.32,10.0,15.0,asphalt,22,1.0,synthetic
2026-07-02T11:00:00,zone_09,garden,40.7124,-74.0064,32.6,40.6,2.9,0.36,60.0,70.0,grass,13,1.0,synthetic
2026-07-02T11:00:00,zone_10,gym_exterior,40.7133,-74.0065,34.2,45.9,3.6,0.59,10.0,20.0,concrete,34,1.0,synthetic
2026-07-02T11:00:00,zone_11,admin_building,40.7123,-74.0055,34.1,43.7,2.1,0.31,25.0,30.0,concrete,18,1.0,synthetic
2026-07-02T11:00:00,zone_12,entrance_plaza,40.7134,-74.0066,35.6,39.1,1.6,0.35,5.0,10.0,asphalt,31,1.0,synthetic
2026-07-02T12:00:00,zone_01,playground,40.7128,-74.006,34.8,42.7,0.6,0.25,5.0,10.0,asphalt,52,1.0,synthetic
2026-07-02T12:00:00,zone_02,parking_lot,40.713,-74.0062,35.6,36.6,3.2,0.7,0.0,0.0,asphalt,7,1.0,synthetic
2026-07-02T12:00:00,zone_03,courtyard,40.7126,-74.0058,34.1,37.4,3.0,0.25,15.0,25.0,concrete,31,1.0,synthetic
2026-07-02T12:00:00,zone_04,building_roof,40.7129,-74.0059,37.3,45.7,1.3,0.56,0.0,0.0,concrete,3,1.0,synthetic
2026-07-02T12:00:00,zone_05,sports_field,40.7131,-74.0061,32.9,44.2,0.8,0.6,0.0,5.0,grass,87,1.0,synthetic
2026-07-02T12:00:00,zone_06,library_exterior,40.7127,-74.0057,33.7,40.4,1.1,0.14,20.0,35.0,concrete,19,1.0,synthetic
2026-07-02T12:00:00,zone_07,cafeteria_patio,40.7125,-74.0063,33.2,37.8,2.7,0.11,40.0,50.0,concrete,41,1.0,synthetic
2026-07-02T12:00:00,zone_08,walkway,40.7132,-74.0056,33.6,37.5,1.8,0.38,10.0,15.0,asphalt,12,1.0,synthetic
2026-07-02T12:00:00,zone_09,garden,40.7124,-74.0064,33.5,43.2,2.0,0.77,60.0,70.0,grass,10,1.0,synthetic
2026-07-02T12:00:00,zone_10,gym_exterior,40.7133,-74.0065,35.0,41.5,3.1,0.64,10.0,20.0,concrete,27,1.0,synthetic
2026-07-02T12:00:00,zone_11,admin_building,40.7123,-74.0055,33.6,40.9,2.7,0.18,25.0,30.0,concrete,15,1.0,synthetic
2026-07-02T12:00:00,zone_12,entrance_plaza,40.7134,-74.0066,35.8,38.6,0.0,0.36,5.0,10.0,asphalt,24,1.0,synthetic
2026-07-02T13:00:00,zone_01,playground,40.7128,-74.006,34.4,43.5,2.2,0.65,5.0,10.0,asphalt,72,1.0,synthetic
2026-07-02T13:00:00,zone_02,parking_lot,40.713,-74.0062,34.7,40.5,1.6,0.26,0.0,0.0,asphalt,9,1.0,synthetic
2026-07-02T13:00:00,zone_03,courtyard,40.7126,-74.0058,33.3,38.4,1.8,0.14,15.0,25.0,concrete,43,1.0,synthetic
2026-07-02T13:00:00,zone_04,building_roof,40.7129,-74.0059,36.6,43.5,1.8,0.26,0.0,0.0,concrete,3,1.0,synthetic
2026-07-02T13:00:00,zone_05,sports_field,40.7131,-74.0061,32.6,42.4,3.3,0.5,0.0,5.0,grass,109,1.0,synthetic
2026-07-02T13:00:00,zone_06,library_exterior,40.7127,-74.0057,33.3,42.2,0.7,0.57,20.0,35.0,concrete,30,1.0,synthetic
2026-07-02T13:00:00,zone_07,cafeteria_patio,40.7125,-74.0063,32.2,39.6,1.8,0.43,40.0,50.0,concrete,54,1.0,synthetic
2026-07-02T13:00:00,zone_08,walkway,40.7132,-74.0056,34.0,45.2,0.9,0.77,10.0,15.0,asphalt,22,1.0,synthetic
2026-07-02T13:00:00,zone_09,garden,40.7124,-74.0064,31.0,43.9,4.0,0.15,60.0,70.0,grass,13,1.0,synthetic
2026-07-02T13:00:00,zone_10,gym_exterior,40.7133,-74.0065,34.0,41.5,4.2,0.4,10.0,20.0,concrete,33,1.0,synthetic
2026-07-02T13:00:00,zone_11,admin_building,40.7123,-74.0055,32.2,42.5,1.6,0.77,25.0,30.0,concrete,19,1.0,synthetic
2026-07-02T13:00:00,zone_12,entrance_plaza,40.7134,-74.0066,34.9,44.3,1.6,0.52,5.0,10.0,asphalt,28,1.0,synthetic
2026-07-02T14:00:00,zone_01,playground,40.7128,-74.006,33.6,45.3,2.4,0.63,5.0,10.0,asphalt,80,1.0,synthetic
2026-07-02T14:00:00,zone_02,parking_lot,40.713,-74.0062,35.0,43.6,1.0,0.55,0.0,0.0,asphalt,11,1.0,synthetic
2026-07-02T14:00:00,zone_03,courtyard,40.7126,-74.0058,32.1,48.7,3.5,0.45,15.0,25.0,concrete,45,1.0,synthetic
2026-07-02T14:00:00,zone_04,building_roof,40.7129,-74.0059,35.8,46.7,2.6,0.26,0.0,0.0,concrete,3,1.0,synthetic
2026-07-02T14:00:00,zone_05,sports_field,40.7131,-74.0061,32.5,46.0,1.5,0.4,0.0,5.0,grass,120,1.0,synthetic
2026-07-02T14:00:00,zone_06,library_exterior,40.7127,-74.0057,32.3,45.9,1.2,0.3,20.0,35.0,concrete,30,1.0,synthetic
2026-07-02T14:00:00,zone_07,cafeteria_patio,40.7125,-74.0063,32.2,46.8,1.4,0.37,40.0,50.0,concrete,62,1.0,synthetic
2026-07-02T14:00:00,zone_08,walkway,40.7132,-74.0056,33.2,47.8,2.1,0.35,10.0,15.0,asphalt,26,1.0,synthetic
2026-07-02T14:00:00,zone_09,garden,40.7124,-74.0064,30.7,49.7,0.0,0.56,60.0,70.0,grass,16,1.0,synthetic
2026-07-02T14:00:00,zone_10,gym_exterior,40.7133,-74.0065,32.4,45.5,0.5,0.13,10.0,20.0,concrete,40,1.0,synthetic
2026-07-02T14:00:00,zone_11,admin_building,40.7123,-74.0055,31.9,49.4,2.1,0.41,25.0,30.0,concrete,21,1.0,synthetic
2026-07-02T14:00:00,zone_12,entrance_plaza,40.7134,-74.0066,34.3,55.2,1.2,0.35,5.0,10.0,asphalt,36,1.0,synthetic
2026-07-02T15:00:00,zone_01,playground,40.7128,-74.006,32.4,55.3,1.9,0.45,5.0,10.0,asphalt,67,1.0,synthetic
2026-07-02T15:00:00,zone_02,parking_lot,40.713,-74.0062,34.2,48.5,1.4,0.7,0.0,0.0,asphalt,6,1.0,synthetic
2026-07-02T15:00:00,zone_03,courtyard,40.7126,-74.0058,30.2,53.1,2.4,0.33,15.0,25.0,concrete,36,1.0,synthetic
2026-07-02T15:00:00,zone_04,building_roof,40.7129,-74.0059,35.0,54.7,1.0,0.71,0.0,0.0,concrete,4,1.0,synthetic
2026-07-02T15:00:00,zone_05,sports_field,40.7131,-74.0061,30.1,53.5,1.5,0.19,0.0,5.0,grass,96,1.0,synthetic
2026-07-02T15:00:00,zone_06,library_exterior,40.7127,-74.0057,31.6,44.8,1.3,0.31,20.0,35.0,concrete,22,1.0,synthetic
2026-07-02T15:00:00,zone_07,cafeteria_patio,40.7125,-74.0063,31.1,49.1,2.7,0.4,40.0,50.0,concrete,48,1.0,synthetic
2026-07-02T15:00:00,zone_08,walkway,40.7132,-74.0056,31.5,48.9,2.9,0.23,10.0,15.0,asphalt,21,1.0,synthetic
2026-07-02T15:00:00,zone_09,garden,40.7124,-74.0064,30.4,51.7,1.4,0.51,60.0,70.0,grass,14,1.0,synthetic
2026-07-02T15:00:00,zone_10,gym_exterior,40.7133,-74.0065,31.4,53.2,3.8,0.22,10.0,20.0,concrete,32,1.0,synthetic
2026-07-02T15:00:00,zone_11,admin_building,40.7123,-74.0055,31.3,56.7,2.7,0.31,25.0,30.0,concrete,13,1.0,synthetic
2026-07-02T15:00:00,zone_12,entrance_plaza,40.7134,-74.0066,33.5,54.9,2.0,0.46,5.0,10.0,asphalt,27,1.0,synthetic
2026-07-02T16:00:00,zone_01,playground,40.7128,-74.006,31.6,58.0,2.5,0.6,5.0,10.0,asphalt,41,1.0,synthetic
2026-07-02T16:00:00,zone_02,parking_lot,40.713,-74.0062,33.2,58.3,3.1,0.7,0.0,0.0,asphalt,6,1.0,synthetic
2026-07-02T16:00:00,zone_03,courtyard,40.7126,-74.0058,30.7,56.7,1.4,0.33,15.0,25.0,concrete,20,1.0,synthetic
2026-07-02T16:00:00,zone_04,building_roof,40.7129,-74.0059,33.8,61.3,2.6,0.45,0.0,0.0,concrete,2,1.0,synthetic
2026-07-02T16:00:00,zone_05,sports_field,40.7131,-74.0061,29.2,57.4,2.7,0.37,0.0,5.0,grass,61,1.0,synthetic
2026-07-02T16:00:00,zone_06,library_exterior,40.7127,-74.0057,30.1,59.9,2.8,0.67,20.0,35.0,concrete,13,1.0,synthetic
2026-07-02T16:00:00,zone_07,cafeteria_patio,40.7125,-74.0063,29.8,58.7,2.0,0.6,40.0,50.0,concrete,29,1.0,synthetic
2026-07-02T16:00:00,zone_08,walkway,40.7132,-74.0056,30.7,59.3,2.2,0.38,10.0,15.0,asphalt,14,1.0,synthetic
2026-07-02T16:00:00,zone_09,garden,40.7124,-74.0064,28.6,55.9,2.7,0.57,60.0,70.0,grass,7,1.0,synthetic
2026-07-02T16:00:00,zone_10,gym_exterior,40.7133,-74.0065,30.2,60.8,3.1,0.68,10.0,20.0,concrete,23,1.0,synthetic
2026-07-02T16:00:00,zone_11,admin_building,40.7123,-74.0055,29.7,59.0,0.2,0.31,25.0,30.0,concrete,10,1.0,synthetic
2026-07-02T16:00:00,zone_12,entrance_plaza,40.7134,-74.0066,32.4,54.0,3.2,0.38,5.0,10.0,asphalt,16,1.0,synthetic
2026-07-02T17:00:00,zone_01,playground,40.7128,-74.006,29.7,59.9,0.9,0.14,5.0,10.0,asphalt,26,1.0,synthetic
2026-07-02T17:00:00,zone_02,parking_lot,40.713,-74.0062,31.8,64.5,3.4,0.54,0.0,0.0,asphalt,5,1.0,synthetic
2026-07-02T17:00:00,zone_03,courtyard,40.7126,-74.0058,28.8,61.0,1.6,0.29,15.0,25.0,concrete,13,1.0,synthetic
2026-07-02T17:00:00,zone_04,building_roof,40.7129,-74.0059,31.7,60.0,0.7,0.78,0.0,0.0,concrete,1,1.0,synthetic
2026-07-02T17:00:00,zone_05,sports_field,40.7131,-74.0061,28.4,62.2,2.9,0.4,0.0,5.0,grass,38,1.0,synthetic
2026-07-02T17:00:00,zone_06,library_exterior,40.7127,-74.0057,28.2,60.0,1.2,0.44,20.0,35.0,concrete,8,1.0,synthetic
2026-07-02T17:00:00,zone_07,cafeteria_patio,40.7125,-74.0063,27.8,62.0,2.2,0.52,40.0,50.0,concrete,18,1.0,synthetic
2026-07-02T17:00:00,zone_08,walkway,40.7132,-74.0056,29.5,65.6,2.2,0.54,10.0,15.0,asphalt,6,1.0,synthetic
2026-07-02T17:00:00,zone_09,garden,40.7124,-74.0064,26.9,67.5,2.8,0.59,60.0,70.0,grass,2,1.0,synthetic
2026-07-02T17:00:00,zone_10,gym_exterior,40.7133,-74.0065,28.4,67.8,2.7,0.71,10.0,20.0,concrete,9,1.0,synthetic
2026-07-02T17:00:00,zone_11,admin_building,40.7123,-74.0055,28.9,66.0,2.4,0.59,25.0,30.0,concrete,4,1.0,synthetic
2026-07-02T17:00:00,zone_12,entrance_plaza,40.7134,-74.0066,30.1,70.1,2.0,0.28,5.0,10.0,asphalt,10,1.0,synthetic
2026-07-02T18:00:00,zone_01,playground,40.7128,-74.006,29.0,71.3,3.1,0.23,5.0,10.0,asphalt,8,0.0,synthetic
2026-07-02T18:00:00,zone_02,parking_lot,40.713,-74.0062,29.8,71.0,2.3,0.4,0.0,0.0,asphalt,1,0.0,synthetic
2026-07-02T18:00:00,zone_03,courtyard,40.7126,-74.0058,27.5,66.7,3.7,0.55,15.0,25.0,concrete,6,0.0,synthetic
2026-07-02T18:00:00,zone_04,building_roof,40.7129,-74.0059,31.1,68.6,2.4,0.11,0.0,0.0,concrete,1,0.0,synthetic
2026-07-02T18:00:00,zone_05,sports_field,40.7131,-74.0061,26.8,69.4,1.1,0.14,0.0,5.0,grass,11,0.0,synthetic
2026-07-02T18:00:00,zone_06,library_exterior,40.7127,-74.0057,28.4,70.6,3.6,0.16,20.0,35.0,concrete,4,0.0,synthetic
2026-07-02T18:00:00,zone_07,cafeteria_patio,40.7125,-74.0063,27.3,72.9,2.1,0.24,40.0,50.0,concrete,7,0.0,synthetic
2026-07-02T18:00:00,zone_08,walkway,40.7132,-74.0056,28.9,73.5,2.2,0.15,10.0,15.0,asphalt,5,0.0,synthetic
2026-07-02T18:00:00,zone_09,garden,40.7124,-74.0064,26.5,70.8,3.1,0.29,60.0,70.0,grass,5,0.0,synthetic
2026-07-02T18:00:00,zone_10,gym_exterior,40.7133,-74.0065,28.3,70.7,3.1,0.42,10.0,20.0,concrete,5,0.0,synthetic
2026-07-02T18:00:00,zone_11,admin_building,40.7123,-74.0055,26.6,73.5,1.4,0.41,25.0,30.0,concrete,5,0.0,synthetic
2026-07-02T18:00:00,zone_12,entrance_plaza,40.7134,-74.0066,29.5,72.0,1.5,0.12,5.0,10.0,asphalt,0,0.0,synthetic
2026-07-02T19:00:00,zone_01,playground,40.7128,-74.006,27.5,71.7,2.0,0.75,5.0,10.0,asphalt,0,0.0,synthetic
2026-07-02T19:00:00,zone_02,parking_lot,40.713,-74.0062,29.1,76.4,3.7,0.28,0.0,0.0,asphalt,0,0.0,synthetic
2026-07-02T19:00:00,zone_03,courtyard,40.7126,-74.0058,26.4,76.7,2.8,0.67,15.0,25.0,concrete,0,0.0,synthetic
2026-07-02T19:00:00,zone_04,building_roof,40.7129,-74.0059,29.2,78.5,1.0,0.27,0.0,0.0,concrete,0,0.0,synthetic
2026-07-02T19:00:00,zone_05,sports_field,40.7131,-74.0061,27.5,81.2,0.6,0.68,0.0,5.0,grass,0,0.0,synthetic
2026-07-02T19:00:00,zone_06,library_exterior,40.7127,-74.0057,26.0,80.5,0.9,0.45,20.0,35.0,concrete,0,0.0,synthetic
2026-07-02T19:00:00,zone_07,cafeteria_patio,40.7125,-74.0063,25.7,74.9,2.2,0.24,40.0,50.0,concrete,5,0.0,synthetic
2026-07-02T19:00:00,zone_08,walkway,40.7132,-74.0056,27.2,80.0,2.2,0.62,10.0,15.0,asphalt,0,0.0,synthetic
2026-07-02T19:00:00,zone_09,garden,40.7124,-74.0064,26.0,74.1,2.5,0.23,60.0,70.0,grass,0,0.0,synthetic
2026-07-02T19:00:00,zone_10,gym_exterior,40.7133,-74.0065,26.2,79.7,2.1,0.21,10.0,20.0,concrete,3,0.0,synthetic
2026-07-02T19:00:00,zone_11,admin_building,40.7123,-74.0055,25.7,73.7,1.8,0.46,25.0,30.0,concrete,0,0.0,synthetic
2026-07-02T19:00:00,zone_12,entrance_plaza,40.7134,-74.0066,27.3,79.3,1.9,0.26,5.0,10.0,asphalt,0,0.0,synthetic
2026-07-02T20:00:00,zone_01,playground,40.7128,-74.006,27.0,88.9,0.4,0.48,5.0,10.0,asphalt,0,0.0,synthetic
2026-07-02T20:00:00,zone_02,parking_lot,40.713,-74.0062,28.5,85.8,2.0,0.39,0.0,0.0,asphalt,0,0.0,synthetic
2026-07-02T20:00:00,zone_03,courtyard,40.7126,-74.0058,25.6,85.5,1.0,0.52,15.0,25.0,concrete,0,0.0,synthetic
2026-07-02T20:00:00,zone_04,building_roof,40.7129,-74.0059,28.3,80.3,2.4,0.24,0.0,0.0,concrete,0,0.0,synthetic
2026-07-02T20:00:00,zone_05,sports_field,40.7131,-74.0061,25.4,82.0,2.0,0.39,0.0,5.0,grass,0,0.0,synthetic
2026-07-02T20:00:00,zone_06,library_exterior,40.7127,-74.0057,25.2,80.4,4.0,0.58,20.0,35.0,concrete,1,0.0,synthetic
2026-07-02T20:00:00,zone_07,cafeteria_patio,40.7125,-74.0063,24.9,88.0,2.4,0.69,40.0,50.0,concrete,0,0.0,synthetic
2026-07-02T20:00:00,zone_08,walkway,40.7132,-74.0056,24.9,82.1,1.8,0.23,10.0,15.0,asphalt,2,0.0,synthetic
2026-07-02T20:00:00,zone_09,garden,40.7124,-74.0064,23.6,82.5,3.2,0.73,60.0,70.0,grass,0,0.0,synthetic
2026-07-02T20:00:00,zone_10,gym_exterior,40.7133,-74.0065,25.5,85.5,2.5,0.15,10.0,20.0,concrete,0,0.0,synthetic
2026-07-02T20:00:00,zone_11,admin_building,40.7123,-74.0055,24.8,83.3,3.2,0.4,25.0,30.0,concrete,0,0.0,synthetic
2026-07-02T20:00:00,zone_12,entrance_plaza,40.7134,-74.0066,26.4,80.6,0.7,0.15,5.0,10.0,asphalt,0,0.0,synthetic
2026-07-02T21:00:00,zone_01,playground,40.7128,-74.006,25.4,80.0,2.9,0.6,5.0,10.0,asphalt,2,0.0,synthetic
2026-07-02T21:00:00,zone_02,parking_lot,40.713,-74.0062,27.1,93.0,2.3,0.15,0.0,0.0,asphalt,3,0.0,synthetic
2026-07-02T21:00:00,zone_03,courtyard,40.7126,-74.0058,24.9,91.0,2.7,0.66,15.0,25.0,concrete,1,0.0,synthetic
2026-07-02T21:00:00,zone_04,building_roof,40.7129,-74.0059,27.1,86.8,3.1,0.62,0.0,0.0,concrete,3,0.0,synthetic
2026-07-02T21:00:00,zone_05,sports_field,40.7131,-74.0061,23.9,85.2,2.3,0.74,0.0,5.0,grass,0,0.0,synthetic
2026-07-02T21:00:00,zone_06,library_exterior,40.7127,-74.0057,24.7,91.0,2.8,0.51,20.0,35.0,concrete,0,0.0,synthetic
2026-07-02T21:00:00,zone_07,cafeteria_patio,40.7125,-74.0063,23.5,87.8,3.8,0.29,40.0,50.0,concrete,0,0.0,synthetic
2026-07-02T21:00:00,zone_08,walkway,40.7132,-74.0056,24.9,83.6,1.2,0.4,10.0,15.0,asphalt,0,0.0,synthetic
2026-07-02T21:00:00,zone_09,garden,40.7124,-74.0064,23.2,89.4,1.1,0.68,60.0,70.0,grass,3,0.0,synthetic
2026-07-02T21:00:00,zone_10,gym_exterior,40.7133,-74.0065,25.4,88.4,2.9,0.28,10.0,20.0,concrete,0,0.0,synthetic
2026-07-02T21:00:00,zone_11,admin_building,40.7123,-74.0055,24.4,88.3,0.8,0.23,25.0,30.0,concrete,0,0.0,synthetic
2026-07-02T21:00:00,zone_12,entrance_plaza,40.7134,-74.0066,25.7,88.8,0.5,0.56,5.0,10.0,asphalt,1,0.0,synthetic
2026-07-02T22:00:00,zone_01,playground,40.7128,-74.006,25.4,91.0,1.3,0.16,5.0,10.0,asphalt,1,0.0,synthetic
2026-07-02T22:00:00,zone_02,parking_lot,40.713,-74.0062,26.2,93.5,1.5,0.28,0.0,0.0,asphalt,0,0.0,synthetic
2026-07-02T22:00:00,zone_03,courtyard,40.7126,-74.0058,24.3,84.5,2.1,0.33,15.0,25.0,concrete,0,0.0,synthetic
2026-07-02T22:00:00,zone_04,building_roof,40.7129,-74.0059,27.5,88.3,1.5,0.5,0.0,0.0,concrete,1,0.0,synthetic
2026-07-02T22:00:00,zone_05,sports_field,40.7131,-74.0061,24.0,91.0,1.0,0.12,0.0,5.0,grass,0,0.0,synthetic
2026-07-02T22:00:00,zone_06,library_exterior,40.7127,-74.0057,24.6,87.4,0.2,0.56,20.0,35.0,concrete,1,0.0,synthetic
2026-07-02T22:00:00,zone_07,cafeteria_patio,40.7125,-74.0063,23.8,93.1,2.4,0.49,40.0,50.0,concrete,2,0.0,synthetic
2026-07-02T22:00:00,zone_08,walkway,40.7132,-74.0056,25.2,90.1,3.6,0.79,10.0,15.0,asphalt,3,0.0,synthetic
2026-07-02T22:00:00,zone_09,garden,40.7124,-74.0064,22.5,93.8,1.2,0.26,60.0,70.0,grass,3,0.0,synthetic
2026-07-02T22:00:00,zone_10,gym_exterior,40.7133,-74.0065,24.7,89.6,1.8,0.47,10.0,20.0,concrete,1,0.0,synthetic
2026-07-02T22:00:00,zone_11,admin_building,40.7123,-74.0055,24.1,91.8,1.4,0.42,25.0,30.0,concrete,0,0.0,synthetic
2026-07-02T22:00:00,zone_12,entrance_plaza,40.7134,-74.0066,26.3,92.7,2.6,0.22,5.0,10.0,asphalt,0,0.0,synthetic
2026-07-02T23:00:00,zone_01,playground,40.7128,-74.006,26.0,90.0,3.0,0.29,5.0,10.0,asphalt,2,0.0,synthetic
2026-07-02T23:00:00,zone_02,parking_lot,40.713,-74.0062,26.7,86.9,0.8,0.59,0.0,0.0,asphalt,0,0.0,synthetic
2026-07-02T23:00:00,zone_03,courtyard,40.7126,-74.0058,25.0,88.4,1.7,0.11,15.0,25.0,concrete,0,0.0,synthetic
2026-07-02T23:00:00,zone_04,building_roof,40.7129,-74.0059,27.3,94.0,2.8,0.66,0.0,0.0,concrete,0,0.0,synthetic
2026-07-02T23:00:00,zone_05,sports_field,40.7131,-74.0061,23.5,91.7,0.0,0.21,0.0,5.0,grass,0,0.0,synthetic
2026-07-02T23:00:00,zone_06,library_exterior,40.7127,-74.0057,23.0,91.6,2.2,0.51,20.0,35.0,concrete,1,0.0,synthetic
2026-07-02T23:00:00,zone_07,cafeteria_patio,40.7125,-74.0063,23.1,89.5,1.9,0.16,40.0,50.0,concrete,0,0.0,synthetic
2026-07-02T23:00:00,zone_08,walkway,40.7132,-74.0056,25.0,90.8,2.3,0.25,10.0,15.0,asphalt,1,0.0,synthetic
2026-07-02T23:00:00,zone_09,garden,40.7124,-74.0064,22.8,87.6,2.9,0.8,60.0,70.0,grass,0,0.0,synthetic
2026-07-02T23:00:00,zone_10,gym_exterior,40.7133,-74.0065,24.3,90.2,3.2,0.14,10.0,20.0,concrete,0,0.0,synthetic
2026-07-02T23:00:00,zone_11,admin_building,40.7123,-74.0055,23.3,89.4,1.8,0.15,25.0,30.0,concrete,0,0.0,synthetic
2026-07-02T23:00:00,zone_12,entrance_plaza,40.7134,-74.0066,25.2,87.9,0.3,0.17,5.0,10.0,asphalt,0,0.0,synthetic
2026-07-03T00:00:00,zone_01,playground,40.7128,-74.006,25.0,88.4,1.9,0.29,5.0,10.0,asphalt,0,0.0,synthetic
2026-07-03T00:00:00,zone_02,parking_lot,40.713,-74.0062,26.4,92.3,1.0,0.19,0.0,0.0,asphalt,0,0.0,synthetic
2026-07-03T00:00:00,zone_03,courtyard,40.7126,-74.0058,23.8,85.3,1.5,0.25,15.0,25.0,concrete,0,0.0,synthetic
2026-07-03T00:00:00,zone_04,building_roof,40.7129,-74.0059,27.0,90.1,2.9,0.21,0.0,0.0,concrete,0,0.0,synthetic
2026-07-03T00:00:00,zone_05,sports_field,40.7131,-74.0061,23.7,86.6,2.6,0.66,0.0,5.0,grass,0,0.0,synthetic
2026-07-03T00:00:00,zone_06,library_exterior,40.7127,-74.0057,24.1,86.0,0.8,0.54,20.0,35.0,concrete,0,0.0,synthetic
2026-07-03T00:00:00,zone_07,cafeteria_patio,40.7125,-74.0063,23.4,83.8,1.9,0.31,40.0,50.0,concrete,0,0.0,synthetic
2026-07-03T00:00:00,zone_08,walkway,40.7132,-74.0056,24.1,82.2,2.5,0.57,10.0,15.0,asphalt,3,0.0,synthetic
2026-07-03T00:00:00,zone_09,garden,40.7124,-74.0064,22.9,90.3,2.4,0.69,60.0,70.0,grass,0,0.0,synthetic
2026-07-03T00:00:00,zone_10,gym_exterior,40.7133,-74.0065,23.8,87.6,3.7,0.44,10.0,20.0,concrete,0,0.0,synthetic
2026-07-03T00:00:00,zone_11,admin_building,40.7123,-74.0055,24.4,89.0,3.0,0.38,25.0,30.0,concrete,0,0.0,synthetic
2026-07-03T00:00:00,zone_12,entrance_plaza,40.7134,-74.0066,25.4,83.3,1.5,0.24,5.0,10.0,asphalt,0,0.0,synthetic
2026-07-03T01:00:00,zone_01,playground,40.7128,-74.006,26.6,91.5,4.2,0.26,5.0,10.0,asphalt,0,0.0,synthetic
2026-07-03T01:00:00,zone_02,parking_lot,40.713,-74.0062,26.1,89.2,1.1,0.5,0.0,0.0,asphalt,0,0.0,synthetic
2026-07-03T01:00:00,zone_03,courtyard,40.7126,-74.0058,24.4,84.1,1.4,0.68,15.0,25.0,concrete,0,0.0,synthetic
2026-07-03T01:00:00,zone_04,building_roof,40.7129,-74.0059,27.9,86.1,2.1,0.2,0.0,0.0,concrete,0,0.0,synthetic
2026-07-03T01:00:00,zone_05,sports_field,40.7131,-74.0061,24.8,85.1,1.3,0.49,0.0,5.0,grass,0,0.0,synthetic
2026-07-03T01:00:00,zone_06,library_exterior,40.7127,-74.0057,24.7,88.1,2.5,0.25,20.0,35.0,concrete,0,0.0,synthetic
2026-07-03T01:00:00,zone_07,cafeteria_patio,40.7125,-74.0063,24.2,85.7,1.2,0.1,40.0,50.0,concrete,0,0.0,synthetic
2026-07-03T01:00:00,zone_08,walkway,40.7132,-74.0056,25.3,87.8,3.4,0.21,10.0,15.0,asphalt,1,0.0,synthetic
2026-07-03T01:00:00,zone_09,garden,40.7124,-74.0064,22.1,84.9,2.0,0.74,60.0,70.0,grass,0,0.0,synthetic
2026-07-03T01:00:00,zone_10,gym_exterior,40.7133,-74.0065,24.5,84.5,1.9,0.43,10.0,20.0,concrete,1,0.0,synthetic
2026-07-03T01:00:00,zone_11,admin_building,40.7123,-74.0055,24.0,88.0,0.0,0.52,25.0,30.0,concrete,0,0.0,synthetic
2026-07-03T01:00:00,zone_12,entrance_plaza,40.7134,-74.0066,26.8,85.6,1.4,0.46,5.0,10.0,asphalt,0,0.0,synthetic
2026-07-03T02:00:00,zone_01,playground,40.7128,-74.006,26.8,83.3,2.5,0.14,5.0,10.0,asphalt,7,0.0,synthetic
2026-07-03T02:00:00,zone_02,parking_lot,40.713,-74.0062,28.0,81.1,3.2,0.21,0.0,0.0,asphalt,0,0.0,synthetic
2026-07-03T02:00:00,zone_03,courtyard,40.7126,-74.0058,25.4,81.4,1.4,0.53,15.0,25.0,concrete,0,0.0,synthetic
2026-07-03T02:00:00,zone_04,building_roof,40.7129,-74.0059,28.1,81.0,3.2,0.37,0.0,0.0,concrete,0,0.0,synthetic
2026-07-03T02:00:00,zone_05,sports_field,40.7131,-74.0061,24.7,83.8,1.3,0.57,0.0,5.0,grass,1,0.0,synthetic
2026-07-03T02:00:00,zone_06,library_exterior,40.7127,-74.0057,25.6,83.0,1.4,0.11,20.0,35.0,concrete,0,0.0,synthetic
2026-07-03T02:00:00,zone_07,cafeteria_patio,40.7125,-74.0063,24.8,86.6,1.3,0.34,40.0,50.0,concrete,1,0.0,synthetic
2026-07-03T02:00:00,zone_08,walkway,40.7132,-74.0056,26.2,83.3,2.7,0.57,10.0,15.0,asphalt,0,0.0,synthetic
2026-07-03T02:00:00,zone_09,garden,40.7124,-74.0064,24.4,81.3,1.1,0.3,60.0,70.0,grass,1,0.0,synthetic
2026-07-03T02:00:00,zone_10,gym_exterior,40.7133,-74.0065,26.2,85.8,0.9,0.16,10.0,20.0,concrete,0,0.0,synthetic
2026-07-03T02:00:00,zone_11,admin_building,40.7123,-74.0055,24.2,81.5,3.0,0.75,25.0,30.0,concrete,0,0.0,synthetic
2026-07-03T02:00:00,zone_12,entrance_plaza,40.7134,-74.0066,26.7,79.2,0.9,0.78,5.0,10.0,asphalt,0,0.0,synthetic
2026-07-03T03:00:00,zone_01,playground,40.7128,-74.006,27.5,68.5,1.8,0.56,5.0,10.0,asphalt,0,0.0,synthetic
2026-07-03T03:00:00,zone_02,parking_lot,40.713,-74.0062,29.4,79.9,2.9,0.67,0.0,0.0,asphalt,0,0.0,synthetic
2026-07-03T03:00:00,zone_03,courtyard,40.7126,-74.0058,26.0,82.7,2.9,0.73,15.0,25.0,concrete,0,0.0,synthetic
2026-07-03T03:00:00,zone_04,building_roof,40.7129,-74.0059,29.4,79.3,0.9,0.23,0.0,0.0,concrete,1,0.0,synthetic
2026-07-03T03:00:00,zone_05,sports_field,40.7131,-74.0061,25.7,74.3,3.2,0.18,0.0,5.0,grass,0,0.0,synthetic
2026-07-03T03:00:00,zone_06,library_exterior,40.7127,-74.0057,26.4,82.6,1.9,0.31,20.0,35.0,concrete,0,0.0,synthetic
2026-07-03T03:00:00,zone_07,cafeteria_patio,40.7125,-74.0063,25.1,83.5,2.9,0.34,40.0,50.0,concrete,0,0.0,synthetic
2026-07-03T03:00:00,zone_08,walkway,40.7132,-74.0056,27.4,81.3,3.9,0.73,10.0,15.0,asphalt,1,0.0,synthetic
2026-07-03T03:00:00,zone_09,garden,40.7124,-74.0064,24.2,74.6,1.9,0.5,60.0,70.0,grass,0,0.0,synthetic
2026-07-03T03:00:00,zone_10,gym_exterior,40.7133,-74.0065,26.2,77.2,2.1,0.62,10.0,20.0,concrete,0,0.0,synthetic
2026-07-03T03:00:00,zone_11,admin_building,40.7123,-74.0055,26.1,76.9,1.0,0.22,25.0,30.0,concrete,0,0.0,synthetic
2026-07-03T03:00:00,zone_12,entrance_plaza,40.7134,-74.0066,27.1,79.2,1.9,0.34,5.0,10.0,asphalt,0,0.0,synthetic
2026-07-03T04:00:00,zone_01,playground,40.7128,-74.006,28.5,77.1,2.6,0.28,5.0,10.0,asphalt,0,0.0,synthetic
2026-07-03T04:00:00,zone_02,parking_lot,40.713,-74.0062,29.3,74.6,2.4,0.43,0.0,0.0,asphalt,0,0.0,synthetic
2026-07-03T04:00:00,zone_03,courtyard,40.7126,-74.0058,27.1,67.3,1.4,0.25,15.0,25.0,concrete,2,0.0,synthetic
2026-07-03T04:00:00,zone_04,building_roof,40.7129,-74.0059,30.7,68.9,3.2,0.25,0.0,0.0,concrete,0,0.0,synthetic
2026-07-03T04:00:00,zone_05,sports_field,40.7131,-74.0061,27.8,70.1,1.6,0.42,0.0,5.0,grass,2,0.0,synthetic
2026-07-03T04:00:00,zone_06,library_exterior,40.7127,-74.0057,27.7,70.9,2.3,0.12,20.0,35.0,concrete,3,0.0,synthetic
2026-07-03T04:00:00,zone_07,cafeteria_patio,40.7125,-74.0063,25.8,69.5,2.5,0.78,40.0,50.0,concrete,0,0.0,synthetic
2026-07-03T04:00:00,zone_08,walkway,40.7132,-74.0056,29.1,73.0,1.9,0.18,10.0,15.0,asphalt,0,0.0,synthetic
2026-07-03T04:00:00,zone_09,garden,40.7124,-74.0064,26.5,71.9,1.4,0.35,60.0,70.0,grass,0,0.0,synthetic
2026-07-03T04:00:00,zone_10,gym_exterior,40.7133,-74.0065,26.8,74.9,2.4,0.53,10.0,20.0,concrete,0,0.0,synthetic
2026-07-03T04:00:00,zone_11,admin_building,40.7123,-74.0055,26.6,69.3,1.7,0.39,25.0,30.0,concrete,0,0.0,synthetic
2026-07-03T04:00:00,zone_12,entrance_plaza,40.7134,-74.0066,29.8,75.3,1.8,0.23,5.0,10.0,asphalt,0,0.0,synthetic
2026-07-03T05:00:00,zone_01,playground,40.7128,-74.006,30.2,64.0,1.9,0.22,5.0,10.0,asphalt,0,0.0,synthetic
2026-07-03T05:00:00,zone_02,parking_lot,40.713,-74.0062,31.6,68.1,2.0,0.61,0.0,0.0,asphalt,0,0.0,synthetic
2026-07-03T05:00:00,zone_03,courtyard,40.7126,-74.0058,29.1,67.1,0.7,0.63,15.0,25.0,concrete,3,0.0,synthetic
2026-07-03T05:00:00,zone_04,building_roof,40.7129,-74.0059,33.0,66.1,3.6,0.68,0.0,0.0,concrete,0,0.0,synthetic
2026-07-03T05:00:00,zone_05,sports_field,40.7131,-74.0061,28.6,64.3,3.2,0.4,0.0,5.0,grass,0,0.0,synthetic
2026-07-03T05:00:00,zone_06,library_exterior,40.7127,-74.0057,29.2,64.4,2.7,0.44,20.0,35.0,concrete,0,0.0,synthetic
2026-07-03T05:00:00,zone_07,cafeteria_patio,40.7125,-74.0063,27.3,65.4,0.2,0.13,40.0,50.0,concrete,1,0.0,synthetic
2026-07-03T05:00:00,zone_08,walkway,40.7132,-74.0056,30.3,62.9,3.3,0.66,10.0,15.0,asphalt,0,0.0,synthetic
2026-07-03T05:00:00,zone_09,garden,40.7124,-74.0064,27.4,66.7,1.3,0.79,60.0,70.0,grass,1,0.0,synthetic
2026-07-03T05:00:00,zone_10,gym_exterior,40.7133,-74.0065,29.2,64.0,3.3,0.18,10.0,20.0,concrete,2,0.0,synthetic
2026-07-03T05:00:00,zone_11,admin_building,40.7123,-74.0055,28.0,66.7,2.5,0.39,25.0,30.0,concrete,0,0.0,synthetic
2026-07-03T05:00:00,zone_12,entrance_plaza,40.7134,-74.0066,30.3,64.0,3.5,0.73,5.0,10.0,asphalt,0,0.0,synthetic
2026-07-03T06:00:00,zone_01,playground,40.7128,-74.006,31.2,56.3,3.0,0.21,5.0,10.0,asphalt,11,0.0,synthetic
2026-07-03T06:00:00,zone_02,parking_lot,40.713,-74.0062,32.6,57.0,1.4,0.13,0.0,0.0,asphalt,1,0.0,synthetic
2026-07-03T06:00:00,zone_03,courtyard,40.7126,-74.0058,29.3,62.5,2.1,0.11,15.0,25.0,concrete,4,0.0,synthetic
2026-07-03T06:00:00,zone_04,building_roof,40.7129,-74.0059,33.0,61.5,2.1,0.38,0.0,0.0,concrete,0,0.0,synthetic
2026-07-03T06:00:00,zone_05,sports_field,40.7131,-74.0061,29.8,59.9,3.0,0.29,0.0,5.0,grass,10,0.0,synthetic
2026-07-03T06:00:00,zone_06,library_exterior,40.7127,-74.0057,30.0,60.9,1.4,0.4,20.0,35.0,concrete,3,0.0,synthetic
2026-07-03T06:00:00,zone_07,cafeteria_patio,40.7125,-74.0063,29.8,59.9,1.3,0.67,40.0,50.0,concrete,5,0.0,synthetic
2026-07-03T06:00:00,zone_08,walkway,40.7132,-74.0056,29.8,56.7,2.7,0.14,10.0,15.0,asphalt,1,0.0,synthetic
2026-07-03T06:00:00,zone_09,garden,40.7124,-74.0064,27.3,57.4,1.0,0.47,60.0,70.0,grass,0,0.0,synthetic
2026-07-03T06:00:00,zone_10,gym_exterior,40.7133,-74.0065,30.6,55.0,2.6,0.21,10.0,20.0,concrete,5,0.0,synthetic
2026-07-03T06:00:00,zone_11,admin_building,40.7123,-74.0055,29.7,56.4,0.8,0.58,25.0,30.0,concrete,0,0.0,synthetic
2026-07-03T06:00:00,zone_12,entrance_plaza,40.7134,-74.0066,32.6,56.0,2.5,0.28,5.0,10.0,asphalt,1,0.0,synthetic
2026-07-03T07:00:00,zone_01,playground,40.7128,-74.006,32.0,50.2,0.5,0.57,5.0,10.0,asphalt,23,1.0,synthetic
2026-07-03T07:00:00,zone_02,parking_lot,40.713,-74.0062,34.3,55.4,1.6,0.21,0.0,0.0,asphalt,5,1.0,synthetic
2026-07-03T07:00:00,zone_03,courtyard,40.7126,-74.0058,31.1,56.5,0.8,0.16,15.0,25.0,concrete,14,1.0,synthetic
2026-07-03T07:00:00,zone_04,building_roof,40.7129,-74.0059,34.8,55.8,3.1,0.3,0.0,0.0,concrete,1,1.0,synthetic
2026-07-03T07:00:00,zone_05,sports_field,40.7131,-74.0061,32.1,50.6,0.5,0.33,0.0,5.0,grass,33,1.0,synthetic
2026-07-03T07:00:00,zone_06,library_exterior,40.7127,-74.0057,31.9,53.1,2.9,0.49,20.0,35.0,concrete,10,1.0,synthetic
2026-07-03T07:00:00,zone_07,cafeteria_patio,40.7125,-74.0063,30.3,50.5,1.2,0.71,40.0,50.0,concrete,19,1.0,synthetic
2026-07-03T07:00:00,zone_08,walkway,40.7132,-74.0056,31.8,55.2,2.9,0.52,10.0,15.0,asphalt,10,1.0,synthetic
2026-07-03T07:00:00,zone_09,garden,40.7124,-74.0064,30.4,57.8,0.3,0.64,60.0,70.0,grass,3,1.0,synthetic
2026-07-03T07:00:00,zone_10,gym_exterior,40.7133,-74.0065,32.1,49.4,2.6,0.62,10.0,20.0,concrete,10,1.0,synthetic
2026-07-03T07:00:00,zone_11,admin_building,40.7123,-74.0055,31.2,49.5,1.2,0.43,25.0,30.0,concrete,8,1.0,synthetic
2026-07-03T07:00:00,zone_12,entrance_plaza,40.7134,-74.0066,32.9,54.1,1.7,0.16,5.0,10.0,asphalt,10,1.0,synthetic
2026-07-03T08:00:00,zone_01,playground,40.7128,-74.006,33.0,53.1,0.7,0.31,5.0,10.0,asphalt,64,1.0,synthetic
2026-07-03T08:00:00,zone_02,parking_lot,40.713,-74.0062,35.1,47.6,3.6,0.45,0.0,0.0,asphalt,11,1.0,synthetic
2026-07-03T08:00:00,zone_03,courtyard,40.7126,-74.0058,31.7,50.5,1.8,0.2,15.0,25.0,concrete,37,1.0,synthetic
2026-07-03T08:00:00,zone_04,building_roof,40.7129,-74.0059,35.0,50.4,3.9,0.73,0.0,0.0,concrete,4,1.0,synthetic
2026-07-03T08:00:00,zone_05,sports_field,40.7131,-74.0061,32.4,50.5,2.4,0.31,0.0,5.0,grass,96,1.0,synthetic
2026-07-03T08:00:00,zone_06,library_exterior,40.7127,-74.0057,32.7,43.9,3.2,0.11,20.0,35.0,concrete,27,1.0,synthetic
2026-07-03T08:00:00,zone_07,cafeteria_patio,40.7125,-74.0063,31.4,50.8,2.7,0.34,40.0,50.0,concrete,51,1.0,synthetic
2026-07-03T08:00:00,zone_08,walkway,40.7132,-74.0056,32.7,48.2,3.5,0.65,10.0,15.0,asphalt,19,1.0,synthetic
2026-07-03T08:00:00,zone_09,garden,40.7124,-74.0064,30.6,51.4,3.2,0.77,60.0,70.0,grass,12,1.0,synthetic
2026-07-03T08:00:00,zone_10,gym_exterior,40.7133,-74.0065,33.0,55.6,2.1,0.37,10.0,20.0,concrete,31,1.0,synthetic
2026-07-03T08:00:00,zone_11,admin_building,40.7123,-74.0055,31.4,51.8,1.7,0.32,25.0,30.0,concrete,16,1.0,synthetic
2026-07-03T08:00:00,zone_12,entrance_plaza,40.7134,-74.0066,34.0,48.1,3.1,0.8,5.0,10.0,asphalt,28,1.0,synthetic
2026-07-03T09:00:00,zone_01,playground,40.7128,-74.006,35.0,44.4,0.8,0.38,5.0,10.0,asphalt,78,1.0,synthetic
2026-07-03T09:00:00,zone_02,parking_lot,40.713,-74.0062,36.4,46.8,1.2,0.54,0.0,0.0,asphalt,10,1.0,synthetic
2026-07-03T09:00:00,zone_03,courtyard,40.7126,-74.0058,33.4,40.3,3.1,0.63,15.0,25.0,concrete,47,1.0,synthetic
2026-07-03T09:00:00,zone_04,building_roof,40.7129,-74.0059,36.3,46.6,2.7,0.23,0.0,0.0,concrete,7,1.0,synthetic
2026-07-03T09:00:00,zone_05,sports_field,40.7131,-74.0061,33.9,40.3,1.6,0.19,0.0,5.0,grass,120,1.0,synthetic
2026-07-03T09:00:00,zone_06,library_exterior,40.7127,-74.0057,34.4,41.4,1.1,0.14,20.0,35.0,concrete,30,1.0,synthetic
2026-07-03T09:00:00,zone_07,cafeteria_patio,40.7125,-74.0063,32.7,40.6,0.5,0.55,40.0,50.0,concrete,60,1.0,synthetic
2026-07-03T09:00:00,zone_08,walkway,40.7132,-74.0056,34.8,43.3,1.2,0.53,10.0,15.0,asphalt,23,1.0,synthetic
2026-07-03T09:00:00,zone_09,garden,40.7124,-74.0064,32.6,45.1,3.4,0.43,60.0,70.0,grass,13,1.0,synthetic
2026-07-03T09:00:00,zone_10,gym_exterior,40.7133,-74.0065,33.8,40.6,0.0,0.74,10.0,20.0,concrete,41,1.0,synthetic
2026-07-03T09:00:00,zone_11,admin_building,40.7123,-74.0055,32.4,47.0,1.0,0.63,25.0,30.0,concrete,23,1.0,synthetic
2026-07-03T09:00:00,zone_12,entrance_plaza,40.7134,-74.0066,33.7,39.8,2.2,0.78,5.0,10.0,asphalt,34,1.0,synthetic
2026-07-03T10:00:00,zone_01,playground,40.7128,-74.006,34.5,40.4,2.1,0.21,5.0,10.0,asphalt,76,1.0,synthetic
2026-07-03T10:00:00,zone_02,parking_lot,40.713,-74.0062,35.3,38.8,1.1,0.72,0.0,0.0,asphalt,10,1.0,synthetic
2026-07-03T10:00:00,zone_03,courtyard,40.7126,-74.0058,32.9,36.8,1.3,0.55,15.0,25.0,concrete,48,1.0,synthetic
2026-07-03T10:00:00,zone_04,building_roof,40.7129,-74.0059,36.9,42.4,4.4,0.51,0.0,0.0,concrete,4,1.0,synthetic
2026-07-03T10:00:00,zone_05,sports_field,40.7131,-74.0061,32.5,37.8,1.7,0.21,0.0,5.0,grass,119,1.0,synthetic
2026-07-03T10:00:00,zone_06,library_exterior,40.7127,-74.0057,33.2,42.9,2.1,0.52,20.0,35.0,concrete,29,1.0,synthetic
2026-07-03T10:00:00,zone_07,cafeteria_patio,40.7125,-74.0063,33.2,43.9,3.1,0.48,40.0,50.0,concrete,59,1.0,synthetic
2026-07-03T10:00:00,zone_08,walkway,40.7132,-74.0056,34.4,38.5,1.8,0.31,10.0,15.0,asphalt,26,1.0,synthetic
2026-07-03T10:00:00,zone_09,garden,40.7124,-74.0064,32.3,40.6,4.0,0.16,60.0,70.0,grass,13,1.0,synthetic
2026-07-03T10:00:00,zone_10,gym_exterior,40.7133,-74.0065,34.6,41.8,2.0,0.54,10.0,20.0,concrete,39,1.0,synthetic
2026-07-03T10:00:00,zone_11,admin_building,40.7123,-74.0055,33.7,42.6,2.2,0.19,25.0,30.0,concrete,20,1.0,synthetic
2026-07-03T10:00:00,zone_12,entrance_plaza,40.7134,-74.0066,35.6,38.4,1.9,0.46,5.0,10.0,asphalt,35,1.0,synthetic
2026-07-03T11:00:00,zone_01,playground,40.7128,-74.006,35.3,40.4,1.8,0.67,5.0,10.0,asphalt,76,1.0,synthetic
2026-07-03T11:00:00,zone_02,parking_lot,40.713,-74.0062,36.2,42.5,1.8,0.55,0.0,0.0,asphalt,7,1.0,synthetic
2026-07-03T11:00:00,zone_03,courtyard,40.7126,-74.0058,33.7,39.6,2.8,0.37,15.0,25.0,concrete,40,1.0,synthetic
2026-07-03T11:00:00,zone_04,building_roof,40.7129,-74.0059,36.9,35.7,2.3,0.35,0.0,0.0,concrete,6,1.0,synthetic
2026-07-03T11:00:00,zone_05,sports_field,40.7131,-74.0061,33.6,44.2,2.4,0.65,0.0,5.0,grass,110,1.0,synthetic
2026-07-03T11:00:00,zone_06,library_exterior,40.7127,-74.0057,33.0,45.2,2.1,0.52,20.0,35.0,concrete,28,1.0,synthetic
2026-07-03T11:00:00,zone_07,cafeteria_patio,40.7125,-74.0063,33.6,36.2,0.7,0.14,40.0,50.0,concrete,54,1.0,synthetic
2026-07-03T11:00:00,zone_08,walkway,40.7132,-74.0056,35.2,41.7,0.5,0.57,10.0,15.0,asphalt,22,1.0,synthetic
2026-07-03T11:00:00,zone_09,garden,40.7124,-74.0064,32.4,37.6,1.6,0.24,60.0,70.0,grass,13,1.0,synthetic
2026-07-03T11:00:00,zone_10,gym_exterior,40.7133,-74.0065,33.9,39.6,2.3,0.44,10.0,20.0,concrete,32,1.0,synthetic
2026-07-03T11:00:00,zone_11,admin_building,40.7123,-74.0055,34.1,38.9,2.0,0.14,25.0,30.0,concrete,16,1.0,synthetic
2026-07-03T11:00:00,zone_12,entrance_plaza,40.7134,-74.0066,35.6,37.8,3.0,0.49,5.0,10.0,asphalt,31,1.0,synthetic
2026-07-03T12:00:00,zone_01,playground,40.7128,-74.006,34.9,36.8,1.6,0.76,5.0,10.0,asphalt,56,1.0,synthetic
2026-07-03T12:00:00,zone_02,parking_lot,40.713,-74.0062,36.1,43.3,0.4,0.35,0.0,0.0,asphalt,7,1.0,synthetic
2026-07-03T12:00:00,zone_03,courtyard,40.7126,-74.0058,34.3,34.5,3.2,0.39,15.0,25.0,concrete,33,1.0,synthetic
2026-07-03T12:00:00,zone_04,building_roof,40.7129,-74.0059,35.5,39.9,2.1,0.61,0.0,0.0,concrete,4,1.0,synthetic
2026-07-03T12:00:00,zone_05,sports_field,40.7131,-74.0061,32.9,36.1,1.7,0.23,0.0,5.0,grass,84,1.0,synthetic
2026-07-03T12:00:00,zone_06,library_exterior,40.7127,-74.0057,33.9,44.0,0.6,0.75,20.0,35.0,concrete,26,1.0,synthetic
2026-07-03T12:00:00,zone_07,cafeteria_patio,40.7125,-74.0063,33.0,39.8,3.2,0.79,40.0,50.0,concrete,41,1.0,synthetic
2026-07-03T12:00:00,zone_08,walkway,40.7132,-74.0056,34.6,39.8,1.5,0.38,10.0,15.0,asphalt,18,1.0,synthetic
2026-07-03T12:00:00,zone_09,garden,40.7124,-74.0064,32.5,40.7,2.5,0.33,60.0,70.0,grass,9,1.0,synthetic
2026-07-03T12:00:00,zone_10,gym_exterior,40.7133,-74.0065,33.8,45.6,3.2,0.66,10.0,20.0,concrete,28,1.0,synthetic
2026-07-03T12:00:00,zone_11,admin_building,40.7123,-74.0055,33.0,42.1,3.3,0.38,25.0,30.0,concrete,10,1.0,synthetic
2026-07-03T12:00:00,zone_12,entrance_plaza,40.7134,-74.0066,35.4,40.9,2.4,0.38,5.0,10.0,asphalt,23,1.0,synthetic
2026-07-03T13:00:00,zone_01,playground,40.7128,-74.006,34.0,39.8,1.8,0.39,5.0,10.0,asphalt,76,1.0,synthetic
2026-07-03T13:00:00,zone_02,parking_lot,40.713,-74.0062,36.4,38.2,0.8,0.43,0.0,0.0,asphalt,9,1.0,synthetic
2026-07-03T13:00:00,zone_03,courtyard,40.7126,-74.0058,34.4,48.1,2.7,0.12,15.0,25.0,concrete,39,1.0,synthetic
2026-07-03T13:00:00,zone_04,building_roof,40.7129,-74.0059,36.9,41.5,0.4,0.59,0.0,0.0,concrete,4,1.0,synthetic
2026-07-03T13:00:00,zone_05,sports_field,40.7131,-74.0061,33.5,44.3,2.7,0.44,0.0,5.0,grass,110,1.0,synthetic
2026-07-03T13:00:00,zone_06,library_exterior,40.7127,-74.0057,32.9,41.5,3.8,0.46,20.0,35.0,concrete,25,1.0,synthetic
2026-07-03T13:00:00,zone_07,cafeteria_patio,40.7125,-74.0063,31.7,43.3,2.6,0.22,40.0,50.0,concrete,54,1.0,synthetic
2026-07-03T13:00:00,zone_08,walkway,40.7132,-74.0056,33.4,43.2,2.9,0.39,10.0,15.0,asphalt,26,1.0,synthetic
2026-07-03T13:00:00,zone_09,garden,40.7124,-74.0064,32.3,43.5,2.2,0.72,60.0,70.0,grass,15,1.0,synthetic
2026-07-03T13:00:00,zone_10,gym_exterior,40.7133,-74.0065,34.2,44.5,3.6,0.74,10.0,20.0,concrete,36,1.0,synthetic
2026-07-03T13:00:00,zone_11,admin_building,40.7123,-74.0055,32.3,44.2,1.2,0.27,25.0,30.0,concrete,17,1.0,synthetic
2026-07-03T13:00:00,zone_12,entrance_plaza,40.7134,-74.0066,35.1,37.8,0.4,0.53,5.0,10.0,asphalt,34,1.0,synthetic
2026-07-03T14:00:00,zone_01,playground,40.7128,-74.006,33.6,43.4,1.3,0.38,5.0,10.0,asphalt,79,1.0,synthetic
2026-07-03T14:00:00,zone_02,parking_lot,40.713,-74.0062,35.7,50.9,1.9,0.5,0.0,0.0,asphalt,11,1.0,synthetic
2026-07-03T14:00:00,zone_03,courtyard,40.7126,-74.0058,33.2,50.8,1.0,0.72,15.0,25.0,concrete,47,1.0,synthetic
2026-07-03T14:00:00,zone_04,building_roof,40.7129,-74.0059,35.4,48.7,1.5,0.7,0.0,0.0,concrete,5,1.0,synthetic
2026-07-03T14:00:00,zone_05,sports_field,40.7131,-74.0061,33.1,47.3,2.8,0.63,0.0,5.0,grass,119,1.0,synthetic
2026-07-03T14:00:00,zone_06,library_exterior,40.7127,-74.0057,31.9,42.2,2.6,0.31,20.0,35.0,concrete,30,1.0,synthetic
2026-07-03T14:00:00,zone_07,cafeteria_patio,40.7125,-74.0063,32.2,49.5,1.0,0.57,40.0,50.0,concrete,60,1.0,synthetic
2026-07-03T14:00:00,zone_08,walkway,40.7132,-74.0056,33.3,52.2,2.0,0.32,10.0,15.0,asphalt,23,1.0,synthetic
2026-07-03T14:00:00,zone_09,garden,40.7124,-74.0064,32.0,44.5,1.2,0.38,60.0,70.0,grass,16,1.0,synthetic
2026-07-03T14:00:00,zone_10,gym_exterior,40.7133,-74.0065,32.3,45.4,2.1,0.36,10.0,20.0,concrete,40,1.0,synthetic
2026-07-03T14:00:00,zone_11,admin_building,40.7123,-74.0055,32.3,48.1,1.7,0.77,25.0,30.0,concrete,20,1.0,synthetic
2026-07-03T14:00:00,zone_12,entrance_plaza,40.7134,-74.0066,33.3,43.9,2.0,0.18,5.0,10.0,asphalt,34,1.0,synthetic
2026-07-03T15:00:00,zone_01,playground,40.7128,-74.006,32.1,49.2,2.3,0.31,5.0,10.0,asphalt,64,1.0,synthetic
2026-07-03T15:00:00,zone_02,parking_lot,40.713,-74.0062,33.7,53.8,2.3,0.58,0.0,0.0,asphalt,8,1.0,synthetic
2026-07-03T15:00:00,zone_03,courtyard,40.7126,-74.0058,31.5,46.2,2.2,0.18,15.0,25.0,concrete,40,1.0,synthetic
2026-07-03T15:00:00,zone_04,building_roof,40.7129,-74.0059,35.0,50.7,1.9,0.56,0.0,0.0,concrete,4,1.0,synthetic
2026-07-03T15:00:00,zone_05,sports_field,40.7131,-74.0061,31.4,54.3,1.9,0.7,0.0,5.0,grass,96,1.0,synthetic
2026-07-03T15:00:00,zone_06,library_exterior,40.7127,-74.0057,31.5,50.3,2.8,0.28,20.0,35.0,concrete,26,1.0,synthetic
2026-07-03T15:00:00,zone_07,cafeteria_patio,40.7125,-74.0063,30.8,52.7,2.1,0.43,40.0,50.0,concrete,48,1.0,synthetic
2026-07-03T15:00:00,zone_08,walkway,40.7132,-74.0056,31.8,55.6,2.3,0.48,10.0,15.0,asphalt,20,1.0,synthetic
2026-07-03T15:00:00,zone_09,garden,40.7124,-74.0064,30.3,49.9,4.5,0.42,60.0,70.0,grass,12,1.0,synthetic
2026-07-03T15:00:00,zone_10,gym_exterior,40.7133,-74.0065,31.9,53.6,1.4,0.69,10.0,20.0,concrete,32,1.0,synthetic
2026-07-03T15:00:00,zone_11,admin_building,40.7123,-74.0055,31.7,55.7,2.9,0.61,25.0,30.0,concrete,16,1.0,synthetic
2026-07-03T15:00:00,zone_12,entrance_plaza,40.7134,-74.0066,32.9,49.7,2.1,0.54,5.0,10.0,asphalt,28,1.0,synthetic
2026-07-03T16:00:00,zone_01,playground,40.7128,-74.006,30.8,56.0,1.9,0.64,5.0,10.0,asphalt,40,1.0,synthetic
2026-07-03T16:00:00,zone_02,parking_lot,40.713,-74.0062,32.3,57.6,2.0,0.78,0.0,0.0,asphalt,5,1.0,synthetic
2026-07-03T16:00:00,zone_03,courtyard,40.7126,-74.0058,29.6,54.6,2.3,0.41,15.0,25.0,concrete,18,1.0,synthetic
2026-07-03T16:00:00,zone_04,building_roof,40.7129,-74.0059,33.3,61.7,0.9,0.79,0.0,0.0,concrete,2,1.0,synthetic
2026-07-03T16:00:00,zone_05,sports_field,40.7131,-74.0061,29.7,58.2,3.0,0.39,0.0,5.0,grass,63,1.0,synthetic
2026-07-03T16:00:00,zone_06,library_exterior,40.7127,-74.0057,30.8,57.4,2.5,0.55,20.0,35.0,concrete,15,1.0,synthetic
2026-07-03T16:00:00,zone_07,cafeteria_patio,40.7125,-74.0063,29.0,51.6,2.9,0.46,40.0,50.0,concrete,29,1.0,synthetic
2026-07-03T16:00:00,zone_08,walkway,40.7132,-74.0056,31.2,53.5,2.0,0.74,10.0,15.0,asphalt,12,1.0,synthetic
2026-07-03T16:00:00,zone_09,garden,40.7124,-74.0064,28.6,58.1,1.6,0.25,60.0,70.0,grass,5,1.0,synthetic
2026-07-03T16:00:00,zone_10,gym_exterior,40.7133,-74.0065,30.7,60.6,2.1,0.75,10.0,20.0,concrete,20,1.0,synthetic
2026-07-03T16:00:00,zone_11,admin_building,40.7123,-74.0055,29.4,58.0,0.0,0.36,25.0,30.0,concrete,10,1.0,synthetic
2026-07-03T16:00:00,zone_12,entrance_plaza,40.7134,-74.0066,32.5,61.0,1.9,0.66,5.0,10.0,asphalt,17,1.0,synthetic
2026-07-03T17:00:00,zone_01,playground,40.7128,-74.006,29.7,59.1,2.1,0.7,5.0,10.0,asphalt,28,1.0,synthetic
2026-07-03T17:00:00,zone_02,parking_lot,40.713,-74.0062,31.4,69.5,2.0,0.79,0.0,0.0,asphalt,3,1.0,synthetic
2026-07-03T17:00:00,zone_03,courtyard,40.7126,-74.0058,28.6,67.5,2.2,0.7,15.0,25.0,concrete,13,1.0,synthetic
2026-07-03T17:00:00,zone_04,building_roof,40.7129,-74.0059,32.1,63.3,0.6,0.67,0.0,0.0,concrete,0,1.0,synthetic
2026-07-03T17:00:00,zone_05,sports_field,40.7131,-74.0061,29.0,63.5,1.2,0.15,0.0,5.0,grass,35,1.0,synthetic
2026-07-03T17:00:00,zone_06,library_exterior,40.7127,-74.0057,28.9,61.0,1.3,0.36,20.0,35.0,concrete,6,1.0,synthetic
2026-07-03T17:00:00,zone_07,cafeteria_patio,40.7125,-74.0063,27.3,64.7,1.8,0.31,40.0,50.0,concrete,18,1.0,synthetic
2026-07-03T17:00:00,zone_08,walkway,40.7132,-74.0056,29.0,63.5,1.6,0.54,10.0,15.0,asphalt,7,1.0,synthetic
2026-07-03T17:00:00,zone_09,garden,40.7124,-74.0064,27.6,68.9,2.6,0.22,60.0,70.0,grass,4,1.0,synthetic
2026-07-03T17:00:00,zone_10,gym_exterior,40.7133,-74.0065,30.0,65.2,1.4,0.3,10.0,20.0,concrete,11,1.0,synthetic
2026-07-03T17:00:00,zone_11,admin_building,40.7123,-74.0055,27.9,60.2,0.8,0.58,25.0,30.0,concrete,6,1.0,synthetic
2026-07-03T17:00:00,zone_12,entrance_plaza,40.7134,-74.0066,30.2,62.3,3.4,0.62,5.0,10.0,asphalt,10,1.0,synthetic
2026-07-03T18:00:00,zone_01,playground,40.7128,-74.006,28.2,72.7,1.1,0.36,5.0,10.0,asphalt,8,0.0,synthetic
2026-07-03T18:00:00,zone_02,parking_lot,40.713,-74.0062,30.0,71.2,1.9,0.13,0.0,0.0,asphalt,1,0.0,synthetic
2026-07-03T18:00:00,zone_03,courtyard,40.7126,-74.0058,27.5,67.9,1.6,0.79,15.0,25.0,concrete,4,0.0,synthetic
2026-07-03T18:00:00,zone_04,building_roof,40.7129,-74.0059,31.4,69.8,3.2,0.23,0.0,0.0,concrete,0,0.0,synthetic
2026-07-03T18:00:00,zone_05,sports_field,40.7131,-74.0061,27.8,72.9,1.8,0.32,0.0,5.0,grass,11,0.0,synthetic
2026-07-03T18:00:00,zone_06,library_exterior,40.7127,-74.0057,26.8,75.4,2.3,0.67,20.0,35.0,concrete,1,0.0,synthetic
2026-07-03T18:00:00,zone_07,cafeteria_patio,40.7125,-74.0063,26.5,70.5,1.4,0.31,40.0,50.0,concrete,5,0.0,synthetic
2026-07-03T18:00:00,zone_08,walkway,40.7132,-74.0056,28.8,76.5,1.0,0.68,10.0,15.0,asphalt,4,0.0,synthetic
2026-07-03T18:00:00,zone_09,garden,40.7124,-74.0064,26.1,67.2,1.5,0.18,60.0,70.0,grass,1,0.0,synthetic
2026-07-03T18:00:00,zone_10,gym_exterior,40.7133,-74.0065,27.7,73.9,0.9,0.14,10.0,20.0,concrete,6,0.0,synthetic
2026-07-03T18:00:00,zone_11,admin_building,40.7123,-74.0055,26.6,73.2,1.3,0.2,25.0,30.0,concrete,2,0.0,synthetic
2026-07-03T18:00:00,zone_12,entrance_plaza,40.7134,-74.0066,28.9,70.7,0.9,0.32,5.0,10.0,asphalt,3,0.0,synthetic
2026-07-03T19:00:00,zone_01,playground,40.7128,-74.006,27.7,82.5,2.1,0.47,5.0,10.0,asphalt,1,0.0,synthetic
2026-07-03T19:00:00,zone_02,parking_lot,40.713,-74.0062,28.8,76.2,1.8,0.36,0.0,0.0,asphalt,1,0.0,synthetic
2026-07-03T19:00:00,zone_03,courtyard,40.7126,-74.0058,26.1,81.1,3.0,0.13,15.0,25.0,concrete,0,0.0,synthetic
2026-07-03T19:00:00,zone_04,building_roof,40.7129,-74.0059,29.4,72.5,2.7,0.74,0.0,0.0,concrete,0,0.0,synthetic
2026-07-03T19:00:00,zone_05,sports_field,40.7131,-74.0061,25.1,74.8,1.9,0.44,0.0,5.0,grass,1,0.0,synthetic
2026-07-03T19:00:00,zone_06,library_exterior,40.7127,-74.0057,26.6,76.7,3.5,0.67,20.0,35.0,concrete,0,0.0,synthetic
2026-07-03T19:00:00,zone_07,cafeteria_patio,40.7125,-74.0063,25.4,71.8,1.6,0.66,40.0,50.0,concrete,2,0.0,synthetic
2026-07-03T19:00:00,zone_08,walkway,40.7132,-74.0056,27.1,79.2,2.8,0.69,10.0,15.0,asphalt,1,0.0,synthetic
2026-07-03T19:00:00,zone_09,garden,40.7124,-74.0064,24.7,77.1,3.7,0.42,60.0,70.0,grass,0,0.0,synthetic
2026-07-03T19:00:00,zone_10,gym_exterior,40.7133,-74.0065,26.3,81.4,0.9,0.62,10.0,20.0,concrete,0,0.0,synthetic
2026-07-03T19:00:00,zone_11,admin_building,40.7123,-74.0055,25.4,78.2,3.0,0.44,25.0,30.0,concrete,0,0.0,synthetic
2026-07-03T19:00:00,zone_12,entrance_plaza,40.7134,-74.0066,27.6,69.7,2.1,0.6,5.0,10.0,asphalt,1,0.0,synthetic
2026-07-03T20:00:00,zone_01,playground,40.7128,-74.006,26.3,77.8,1.7,0.1,5.0,10.0,asphalt,0,0.0,synthetic
2026-07-03T20:00:00,zone_02,parking_lot,40.713,-74.0062,28.3,79.1,2.2,0.21,0.0,0.0,asphalt,2,0.0,synthetic
2026-07-03T20:00:00,zone_03,courtyard,40.7126,-74.0058,25.8,87.3,2.9,0.78,15.0,25.0,concrete,1,0.0,synthetic
2026-07-03T20:00:00,zone_04,building_roof,40.7129,-74.0059,27.5,85.3,1.4,0.73,0.0,0.0,concrete,0,0.0,synthetic
2026-07-03T20:00:00,zone_05,sports_field,40.7131,-74.0061,24.8,80.4,2.4,0.38,0.0,5.0,grass,2,0.0,synthetic
2026-07-03T20:00:00,zone_06,library_exterior,40.7127,-74.0057,25.8,82.4,2.9,0.16,20.0,35.0,concrete,0,0.0,synthetic
2026-07-03T20:00:00,zone_07,cafeteria_patio,40.7125,-74.0063,25.0,84.0,1.7,0.22,40.0,50.0,concrete,0,0.0,synthetic
2026-07-03T20:00:00,zone_08,walkway,40.7132,-74.0056,26.1,88.2,0.8,0.25,10.0,15.0,asphalt,1,0.0,synthetic
2026-07-03T20:00:00,zone_09,garden,40.7124,-74.0064,23.9,82.0,3.1,0.57,60.0,70.0,grass,0,0.0,synthetic
2026-07-03T20:00:00,zone_10,gym_exterior,40.7133,-74.0065,26.0,82.4,2.3,0.47,10.0,20.0,concrete,0,0.0,synthetic
2026-07-03T20:00:00,zone_11,admin_building,40.7123,-74.0055,24.8,83.8,2.3,0.5,25.0,30.0,concrete,0,0.0,synthetic
2026-07-03T20:00:00,zone_12,entrance_plaza,40.7134,-74.0066,26.4,83.7,3.5,0.78,5.0,10.0,asphalt,0,0.0,synthetic
2026-07-03T21:00:00,zone_01,playground,40.7128,-74.006,25.8,87.2,2.5,0.23,5.0,10.0,asphalt,2,0.0,synthetic
2026-07-03T21:00:00,zone_02,parking_lot,40.713,-74.0062,27.7,91.2,1.8,0.47,0.0,0.0,asphalt,5,0.0,synthetic
2026-07-03T21:00:00,zone_03,courtyard,40.7126,-74.0058,24.8,80.4,2.6,0.23,15.0,25.0,concrete,0,0.0,synthetic
2026-07-03T21:00:00,zone_04,building_roof,40.7129,-74.0059,27.6,84.2,1.2,0.29,0.0,0.0,concrete,3,0.0,synthetic
2026-07-03T21:00:00,zone_05,sports_field,40.7131,-74.0061,23.2,88.9,0.0,0.62,0.0,5.0,grass,0,0.0,synthetic
2026-07-03T21:00:00,zone_06,library_exterior,40.7127,-74.0057,24.5,85.0,2.6,0.11,20.0,35.0,concrete,0,0.0,synthetic
2026-07-03T21:00:00,zone_07,cafeteria_patio,40.7125,-74.0063,24.8,87.7,1.1,0.78,40.0,50.0,concrete,0,0.0,synthetic
2026-07-03T21:00:00,zone_08,walkway,40.7132,-74.0056,26.4,87.8,1.9,0.4,10.0,15.0,asphalt,0,0.0,synthetic
2026-07-03T21:00:00,zone_09,garden,40.7124,-74.0064,22.9,88.6,2.0,0.64,60.0,70.0,grass,0,0.0,synthetic
2026-07-03T21:00:00,zone_10,gym_exterior,40.7133,-74.0065,24.9,84.6,3.2,0.28,10.0,20.0,concrete,0,0.0,synthetic
2026-07-03T21:00:00,zone_11,admin_building,40.7123,-74.0055,24.0,86.4,4.2,0.5,25.0,30.0,concrete,0,0.0,synthetic
2026-07-03T21:00:00,zone_12,entrance_plaza,40.7134,-74.0066,25.6,83.3,1.7,0.17,5.0,10.0,asphalt,0,0.0,synthetic
2026-07-03T22:00:00,zone_01,playground,40.7128,-74.006,26.0,91.6,2.9,0.42,5.0,10.0,asphalt,0,0.0,synthetic
2026-07-03T22:00:00,zone_02,parking_lot,40.713,-74.0062,27.5,88.8,1.0,0.75,0.0,0.0,asphalt,0,0.0,synthetic
2026-07-03T22:00:00,zone_03,courtyard,40.7126,-74.0058,24.2,87.1,2.2,0.48,15.0,25.0,concrete,1,0.0,synthetic
2026-07-03T22:00:00,zone_04,building_roof,40.7129,-74.0059,26.8,85.5,2.2,0.46,0.0,0.0,concrete,2,0.0,synthetic
2026-07-03T22:00:00,zone_05,sports_field,40.7131,-74.0061,23.6,90.3,1.3,0.58,0.0,5.0,grass,0,0.0,synthetic
2026-07-03T22:00:00,zone_06,library_exterior,40.7127,-74.0057,24.0,91.3,2.2,0.64,20.0,35.0,concrete,0,0.0,synthetic
2026-07-03T22:00:00,zone_07,cafeteria_patio,40.7125,-74.0063,24.0,88.4,2.7,0.54,40.0,50.0,concrete,0,0.0,synthetic
2026-07-03T22:00:00,zone_08,walkway,40.7132,-74.0056,24.5,86.8,2.8,0.31,10.0,15.0,asphalt,2,0.0,synthetic
2026-07-03T22:00:00,zone_09,garden,40.7124,-74.0064,23.0,87.0,0.5,0.53,60.0,70.0,grass,0,0.0,synthetic
2026-07-03T22:00:00,zone_10,gym_exterior,40.7133,-74.0065,24.3,88.4,0.8,0.79,10.0,20.0,concrete,0,0.0,synthetic
2026-07-03T22:00:00,zone_11,admin_building,40.7123,-74.0055,23.6,88.2,2.6,0.4,25.0,30.0,concrete,0,0.0,synthetic
2026-07-03T22:00:00,zone_12,entrance_plaza,40.7134,-74.0066,25.5,89.3,1.9,0.67,5.0,10.0,asphalt,0,0.0,synthetic
2026-07-03T23:00:00,zone_01,playground,40.7128,-74.006,25.4,90.2,3.1,0.19,5.0,10.0,asphalt,0,0.0,synthetic
2026-07-03T23:00:00,zone_02,parking_lot,40.713,-74.0062,26.6,91.3,2.6,0.29,0.0,0.0,asphalt,0,0.0,synthetic
2026-07-03T23:00:00,zone_03,courtyard,40.7126,-74.0058,24.6,86.9,2.6,0.62,15.0,25.0,concrete,0,0.0,synthetic
2026-07-03T23:00:00,zone_04,building_roof,40.7129,-74.0059,26.9,88.1,1.0,0.79,0.0,0.0,concrete,0,0.0,synthetic
2026-07-03T23:00:00,zone_05,sports_field,40.7131,-74.0061,24.2,92.7,1.9,0.66,0.0,5.0,grass,0,0.0,synthetic
2026-07-03T23:00:00,zone_06,library_exterior,40.7127,-74.0057,24.3,89.4,1.3,0.63,20.0,35.0,concrete,0,0.0,synthetic
2026-07-03T23:00:00,zone_07,cafeteria_patio,40.7125,-74.0063,24.1,85.4,3.6,0.26,40.0,50.0,concrete,0,0.0,synthetic
2026-07-03T23:00:00,zone_08,walkway,40.7132,-74.0056,24.4,89.0,0.7,0.35,10.0,15.0,asphalt,0,0.0,synthetic
2026-07-03T23:00:00,zone_09,garden,40.7124,-74.0064,22.2,89.6,3.0,0.21,60.0,70.0,grass,0,0.0,synthetic
2026-07-03T23:00:00,zone_10,gym_exterior,40.7133,-74.0065,25.0,93.0,3.7,0.39,10.0,20.0,concrete,0,0.0,synthetic
2026-07-03T23:00:00,zone_11,admin_building,40.7123,-74.0055,23.5,90.0,3.1,0.13,25.0,30.0,concrete,2,0.0,synthetic
2026-07-03T23:00:00,zone_12,entrance_plaza,40.7134,-74.0066,25.6,89.9,2.1,0.74,5.0,10.0,asphalt,0,0.0,synthetic
2026-07-04T00:00:00,zone_01,playground,40.7128,-74.006,25.5,94.1,2.4,0.42,5.0,10.0,asphalt,0,0.0,synthetic
2026-07-04T00:00:00,zone_02,parking_lot,40.713,-74.0062,25.5,87.6,1.2,0.48,0.0,0.0,asphalt,0,0.0,synthetic
2026-07-04T00:00:00,zone_03,courtyard,40.7126,-74.0058,24.7,88.5,2.5,0.49,15.0,25.0,concrete,0,0.0,synthetic
2026-07-04T00:00:00,zone_04,building_roof,40.7129,-74.0059,26.2,89.5,3.1,0.31,0.0,0.0,concrete,0,0.0,synthetic
2026-07-04T00:00:00,zone_05,sports_field,40.7131,-74.0061,23.5,88.4,3.0,0.43,0.0,5.0,grass,0,0.0,synthetic
2026-07-04T00:00:00,zone_06,library_exterior,40.7127,-74.0057,23.7,87.7,2.5,0.34,20.0,35.0,concrete,0,0.0,synthetic
2026-07-04T00:00:00,zone_07,cafeteria_patio,40.7125,-74.0063,23.5,90.1,3.8,0.79,40.0,50.0,concrete,0,0.0,synthetic
2026-07-04T00:00:00,zone_08,walkway,40.7132,-74.0056,24.2,92.1,1.9,0.52,10.0,15.0,asphalt,0,0.0,synthetic
2026-07-04T00:00:00,zone_09,garden,40.7124,-74.0064,22.5,89.0,2.4,0.4,60.0,70.0,grass,0,0.0,synthetic
2026-07-04T00:00:00,zone_10,gym_exterior,40.7133,-74.0065,23.5,97.1,2.9,0.73,10.0,20.0,concrete,0,0.0,synthetic
2026-07-04T00:00:00,zone_11,admin_building,40.7123,-74.0055,24.3,84.5,0.0,0.3,25.0,30.0,concrete,1,0.0,synthetic
2026-07-04T00:00:00,zone_12,entrance_plaza,40.7134,-74.0066,24.8,91.0,1.3,0.8,5.0,10.0,asphalt,0,0.0,synthetic
2026-07-04T01:00:00,zone_01,playground,40.7128,-74.006,25.7,84.8,2.5,0.28,5.0,10.0,asphalt,0,0.0,synthetic
2026-07-04T01:00:00,zone_02,parking_lot,40.713,-74.0062,26.9,85.9,1.8,0.5,0.0,0.0,asphalt,0,0.0,synthetic
2026-07-04T01:00:00,zone_03,courtyard,40.7126,-74.0058,24.7,88.3,3.9,0.61,15.0,25.0,concrete,0,0.0,synthetic
2026-07-04T01:00:00,zone_04,building_roof,40.7129,-74.0059,28.7,93.5,0.8,0.78,0.0,0.0,concrete,0,0.0,synthetic
2026-07-04T01:00:00,zone_05,sports_field,40.7131,-74.0061,24.2,90.2,0.6,0.48,0.0,5.0,grass,1,0.0,synthetic
2026-07-04T01:00:00,zone_06,library_exterior,40.7127,-74.0057,24.5,92.4,3.3,0.22,20.0,35.0,concrete,0,0.0,synthetic
2026-07-04T01:00:00,zone_07,cafeteria_patio,40.7125,-74.0063,23.2,83.1,3.4,0.44,40.0,50.0,concrete,0,0.0,synthetic
2026-07-04T01:00:00,zone_08,walkway,40.7132,-74.0056,25.3,90.7,3.1,0.27,10.0,15.0,asphalt,0,0.0,synthetic
2026-07-04T01:00:00,zone_09,garden,40.7124,-74.0064,23.2,82.0,2.2,0.41,60.0,70.0,grass,4,0.0,synthetic
2026-07-04T01:00:00,zone_10,gym_exterior,40.7133,-74.0065,24.9,88.1,3.1,0.51,10.0,20.0,concrete,0,0.0,synthetic
2026-07-04T01:00:00,zone_11,admin_building,40.7123,-74.0055,23.9,90.9,1.9,0.38,25.0,30.0,concrete,0,0.0,synthetic
2026-07-04T01:00:00,zone_12,entrance_plaza,40.7134,-74.0066,26.0,88.3,1.2,0.73,5.0,10.0,asphalt,0,0.0,synthetic
2026-07-04T02:00:00,zone_01,playground,40.7128,-74.006,26.4,84.2,2.3,0.58,5.0,10.0,asphalt,0,0.0,synthetic
2026-07-04T02:00:00,zone_02,parking_lot,40.713,-74.0062,28.4,80.0,0.4,0.32,0.0,0.0,asphalt,0,0.0,synthetic
2026-07-04T02:00:00,zone_03,courtyard,40.7126,-74.0058,24.5,82.4,1.4,0.78,15.0,25.0,concrete,0,0.0,synthetic
2026-07-04T02:00:00,zone_04,building_roof,40.7129,-74.0059,27.8,76.3,2.3,0.27,0.0,0.0,concrete,0,0.0,synthetic
2026-07-04T02:00:00,zone_05,sports_field,40.7131,-74.0061,25.5,85.6,1.2,0.57,0.0,5.0,grass,0,0.0,synthetic
2026-07-04T02:00:00,zone_06,library_exterior,40.7127,-74.0057,25.3,80.7,1.2,0.69,20.0,35.0,concrete,1,0.0,synthetic
2026-07-04T02:00:00,zone_07,cafeteria_patio,40.7125,-74.0063,24.0,82.1,3.2,0.48,40.0,50.0,concrete,0,0.0,synthetic
2026-07-04T02:00:00,zone_08,walkway,40.7132,-74.0056,25.8,80.6,1.3,0.39,10.0,15.0,asphalt,0,0.0,synthetic
2026-07-04T02:00:00,zone_09,garden,40.7124,-74.0064,23.5,84.8,0.7,0.78,60.0,70.0,grass,0,0.0,synthetic
2026-07-04T02:00:00,zone_10,gym_exterior,40.7133,-74.0065,25.1,80.0,3.5,0.7,10.0,20.0,concrete,0,0.0,synthetic
2026-07-04T02:00:00,zone_11,admin_building,40.7123,-74.0055,24.9,85.7,0.9,0.14,25.0,30.0,concrete,2,0.0,synthetic
2026-07-04T02:00:00,zone_12,entrance_plaza,40.7134,-74.0066,26.1,79.9,3.0,0.31,5.0,10.0,asphalt,1,0.0,synthetic
2026-07-04T03:00:00,zone_01,playground,40.7128,-74.006,27.2,80.2,3.7,0.59,5.0,10.0,asphalt,0,0.0,synthetic
2026-07-04T03:00:00,zone_02,parking_lot,40.713,-74.0062,29.5,82.3,2.4,0.29,0.0,0.0,asphalt,3,0.0,synthetic
2026-07-04T03:00:00,zone_03,courtyard,40.7126,-74.0058,25.5,76.5,2.9,0.5,15.0,25.0,concrete,0,0.0,synthetic
2026-07-04T03:00:00,zone_04,building_roof,40.7129,-74.0059,29.7,84.3,0.0,0.23,0.0,0.0,concrete,0,0.0,synthetic
2026-07-04T03:00:00,zone_05,sports_field,40.7131,-74.0061,25.0,77.6,1.8,0.19,0.0,5.0,grass,0,0.0,synthetic
2026-07-04T03:00:00,zone_06,library_exterior,40.7127,-74.0057,26.0,78.5,2.6,0.64,20.0,35.0,concrete,1,0.0,synthetic
2026-07-04T03:00:00,zone_07,cafeteria_patio,40.7125,-74.0063,26.0,75.0,2.3,0.55,40.0,50.0,concrete,2,0.0,synthetic
2026-07-04T03:00:00,zone_08,walkway,40.7132,-74.0056,27.9,70.0,2.1,0.16,10.0,15.0,asphalt,0,0.0,synthetic
2026-07-04T03:00:00,zone_09,garden,40.7124,-74.0064,24.1,75.9,0.9,0.58,60.0,70.0,grass,0,0.0,synthetic
2026-07-04T03:00:00,zone_10,gym_exterior,40.7133,-74.0065,26.4,78.8,2.1,0.43,10.0,20.0,concrete,2,0.0,synthetic
2026-07-04T03:00:00,zone_11,admin_building,40.7123,-74.0055,26.2,75.2,2.2,0.54,25.0,30.0,concrete,0,0.0,synthetic
2026-07-04T03:00:00,zone_12,entrance_plaza,40.7134,-74.0066,27.8,75.6,2.6,0.53,5.0,10.0,asphalt,0,0.0,synthetic
2026-07-04T04:00:00,zone_01,playground,40.7128,-74.006,29.0,73.9,2.3,0.29,5.0,10.0,asphalt,0,0.0,synthetic
2026-07-04T04:00:00,zone_02,parking_lot,40.713,-74.0062,29.5,75.1,2.3,0.12,0.0,0.0,asphalt,0,0.0,synthetic
2026-07-04T04:00:00,zone_03,courtyard,40.7126,-74.0058,28.2,74.3,2.5,0.55,15.0,25.0,concrete,2,0.0,synthetic
2026-07-04T04:00:00,zone_04,building_roof,40.7129,-74.0059,30.9,68.9,1.5,0.35,0.0,0.0,concrete,0,0.0,synthetic
2026-07-04T04:00:00,zone_05,sports_field,40.7131,-74.0061,27.5,74.1,1.3,0.4,0.0,5.0,grass,0,0.0,synthetic
2026-07-04T04:00:00,zone_06,library_exterior,40.7127,-74.0057,27.9,71.3,0.6,0.47,20.0,35.0,concrete,2,0.0,synthetic
2026-07-04T04:00:00,zone_07,cafeteria_patio,40.7125,-74.0063,26.8,64.8,3.4,0.56,40.0,50.0,concrete,0,0.0,synthetic
2026-07-04T04:00:00,zone_08,walkway,40.7132,-74.0056,27.7,74.2,1.2,0.56,10.0,15.0,asphalt,0,0.0,synthetic
2026-07-04T04:00:00,zone_09,garden,40.7124,-74.0064,26.3,70.0,0.2,0.15,60.0,70.0,grass,0,0.0,synthetic
2026-07-04T04:00:00,zone_10,gym_exterior,40.7133,-74.0065,28.4,73.1,1.5,0.69,10.0,20.0,concrete,0,0.0,synthetic
2026-07-04T04:00:00,zone_11,admin_building,40.7123,-74.0055,27.1,73.0,0.6,0.17,25.0,30.0,concrete,0,0.0,synthetic
2026-07-04T04:00:00,zone_12,entrance_plaza,40.7134,-74.0066,29.1,75.0,2.6,0.16,5.0,10.0,asphalt,0,0.0,synthetic
2026-07-04T05:00:00,zone_01,playground,40.7128,-74.006,30.2,69.5,1.5,0.23,5.0,10.0,asphalt,0,0.0,synthetic
2026-07-04T05:00:00,zone_02,parking_lot,40.713,-74.0062,31.6,63.1,2.1,0.67,0.0,0.0,asphalt,0,0.0,synthetic
2026-07-04T05:00:00,zone_03,courtyard,40.7126,-74.0058,28.4,61.0,0.4,0.12,15.0,25.0,concrete,1,0.0,synthetic
2026-07-04T05:00:00,zone_04,building_roof,40.7129,-74.0059,32.4,69.2,3.6,0.57,0.0,0.0,concrete,1,0.0,synthetic
2026-07-04T05:00:00,zone_05,sports_field,40.7131,-74.0061,28.2,61.5,2.9,0.77,0.0,5.0,grass,0,0.0,synthetic
2026-07-04T05:00:00,zone_06,library_exterior,40.7127,-74.0057,28.2,66.4,3.9,0.65,20.0,35.0,concrete,2,0.0,synthetic
2026-07-04T05:00:00,zone_07,cafeteria_patio,40.7125,-74.0063,28.7,66.5,1.5,0.55,40.0,50.0,concrete,1,0.0,synthetic
2026-07-04T05:00:00,zone_08,walkway,40.7132,-74.0056,29.6,64.8,2.1,0.22,10.0,15.0,asphalt,0,0.0,synthetic
2026-07-04T05:00:00,zone_09,garden,40.7124,-74.0064,27.1,66.7,2.0,0.74,60.0,70.0,grass,0,0.0,synthetic
2026-07-04T05:00:00,zone_10,gym_exterior,40.7133,-74.0065,29.0,63.9,2.0,0.74,10.0,20.0,concrete,3,0.0,synthetic
2026-07-04T05:00:00,zone_11,admin_building,40.7123,-74.0055,28.8,62.1,1.4,0.58,25.0,30.0,concrete,0,0.0,synthetic
2026-07-04T05:00:00,zone_12,entrance_plaza,40.7134,-74.0066,31.2,66.6,1.5,0.38,5.0,10.0,asphalt,0,0.0,synthetic
2026-07-04T06:00:00,zone_01,playground,40.7128,-74.006,30.8,54.5,0.4,0.74,5.0,10.0,asphalt,8,0.0,synthetic
2026-07-04T06:00:00,zone_02,parking_lot,40.713,-74.0062,33.0,57.6,2.3,0.73,0.0,0.0,asphalt,0,0.0,synthetic
2026-07-04T06:00:00,zone_03,courtyard,40.7126,-74.0058,30.6,58.3,0.8,0.23,15.0,25.0,concrete,6,0.0,synthetic
2026-07-04T06:00:00,zone_04,building_roof,40.7129,-74.0059,33.0,57.7,3.4,0.2,0.0,0.0,concrete,0,0.0,synthetic
2026-07-04T06:00:00,zone_05,sports_field,40.7131,-74.0061,30.0,55.8,1.5,0.56,0.0,5.0,grass,14,0.0,synthetic
2026-07-04T06:00:00,zone_06,library_exterior,40.7127,-74.0057,31.1,59.8,3.0,0.29,20.0,35.0,concrete,5,0.0,synthetic
2026-07-04T06:00:00,zone_07,cafeteria_patio,40.7125,-74.0063,29.6,56.9,2.2,0.68,40.0,50.0,concrete,7,0.0,synthetic
2026-07-04T06:00:00,zone_08,walkway,40.7132,-74.0056,31.3,62.1,0.9,0.66,10.0,15.0,asphalt,3,0.0,synthetic
2026-07-04T06:00:00,zone_09,garden,40.7124,-74.0064,28.9,57.6,1.8,0.54,60.0,70.0,grass,2,0.0,synthetic
2026-07-04T06:00:00,zone_10,gym_exterior,40.7133,-74.0065,29.6,52.7,3.1,0.76,10.0,20.0,concrete,3,0.0,synthetic
2026-07-04T06:00:00,zone_11,admin_building,40.7123,-74.0055,30.1,60.3,1.9,0.29,25.0,30.0,concrete,2,0.0,synthetic
2026-07-04T06:00:00,zone_12,entrance_plaza,40.7134,-74.0066,31.9,60.7,1.0,0.6,5.0,10.0,asphalt,4,0.0,synthetic
2026-07-04T07:00:00,zone_01,playground,40.7128,-74.006,32.5,51.6,1.0,0.68,5.0,10.0,asphalt,24,1.0,synthetic
2026-07-04T07:00:00,zone_02,parking_lot,40.713,-74.0062,34.3,48.9,3.6,0.18,0.0,0.0,asphalt,0,1.0,synthetic
2026-07-04T07:00:00,zone_03,courtyard,40.7126,-74.0058,31.9,50.8,2.9,0.78,15.0,25.0,concrete,11,1.0,synthetic
2026-07-04T07:00:00,zone_04,building_roof,40.7129,-74.0059,34.5,55.1,1.6,0.78,0.0,0.0,concrete,1,1.0,synthetic
2026-07-04T07:00:00,zone_05,sports_field,40.7131,-74.0061,30.7,51.6,2.8,0.36,0.0,5.0,grass,35,1.0,synthetic
2026-07-04T07:00:00,zone_06,library_exterior,40.7127,-74.0057,31.2,50.5,2.0,0.39,20.0,35.0,concrete,9,1.0,synthetic
2026-07-04T07:00:00,zone_07,cafeteria_patio,40.7125,-74.0063,30.5,55.0,2.2,0.75,40.0,50.0,concrete,17,1.0,synthetic
2026-07-04T07:00:00,zone_08,walkway,40.7132,-74.0056,32.6,52.5,3.8,0.61,10.0,15.0,asphalt,7,1.0,synthetic
2026-07-04T07:00:00,zone_09,garden,40.7124,-74.0064,29.8,49.3,1.4,0.35,60.0,70.0,grass,4,1.0,synthetic
2026-07-04T07:00:00,zone_10,gym_exterior,40.7133,-74.0065,31.8,52.5,3.3,0.4,10.0,20.0,concrete,12,1.0,synthetic
2026-07-04T07:00:00,zone_11,admin_building,40.7123,-74.0055,31.3,56.4,1.8,0.52,25.0,30.0,concrete,7,1.0,synthetic
2026-07-04T07:00:00,zone_12,entrance_plaza,40.7134,-74.0066,32.4,58.0,1.3,0.62,5.0,10.0,asphalt,9,1.0,synthetic
2026-07-04T08:00:00,zone_01,playground,40.7128,-74.006,33.6,41.3,3.4,0.2,5.0,10.0,asphalt,63,1.0,synthetic
2026-07-04T08:00:00,zone_02,parking_lot,40.713,-74.0062,34.4,54.1,1.8,0.4,0.0,0.0,asphalt,8,1.0,synthetic
2026-07-04T08:00:00,zone_03,courtyard,40.7126,-74.0058,32.3,52.5,1.1,0.67,15.0,25.0,concrete,37,1.0,synthetic
2026-07-04T08:00:00,zone_04,building_roof,40.7129,-74.0059,34.9,48.6,2.6,0.68,0.0,0.0,concrete,2,1.0,synthetic
2026-07-04T08:00:00,zone_05,sports_field,40.7131,-74.0061,31.3,45.7,2.4,0.41,0.0,5.0,grass,97,1.0,synthetic
2026-07-04T08:00:00,zone_06,library_exterior,40.7127,-74.0057,31.6,47.1,0.5,0.8,20.0,35.0,concrete,26,1.0,synthetic
2026-07-04T08:00:00,zone_07,cafeteria_patio,40.7125,-74.0063,30.8,38.8,2.8,0.66,40.0,50.0,concrete,48,1.0,synthetic
2026-07-04T08:00:00,zone_08,walkway,40.7132,-74.0056,33.9,46.2,1.8,0.23,10.0,15.0,asphalt,25,1.0,synthetic
2026-07-04T08:00:00,zone_09,garden,40.7124,-74.0064,30.2,46.6,1.8,0.77,60.0,70.0,grass,13,1.0,synthetic
2026-07-04T08:00:00,zone_10,gym_exterior,40.7133,-74.0065,33.8,49.0,0.9,0.36,10.0,20.0,concrete,32,1.0,synthetic
2026-07-04T08:00:00,zone_11,admin_building,40.7123,-74.0055,32.3,44.9,3.5,0.25,25.0,30.0,concrete,16,1.0,synthetic
2026-07-04T08:00:00,zone_12,entrance_plaza,40.7134,-74.0066,33.9,43.8,2.2,0.39,5.0,10.0,asphalt,28,1.0,synthetic
2026-07-04T09:00:00,zone_01,playground,40.7128,-74.006,33.9,43.5,2.7,0.18,5.0,10.0,asphalt,77,1.0,synthetic
2026-07-04T09:00:00,zone_02,parking_lot,40.713,-74.0062,35.2,45.5,2.9,0.57,0.0,0.0,asphalt,11,1.0,synthetic
2026-07-04T09:00:00,zone_03,courtyard,40.7126,-74.0058,33.8,44.1,1.8,0.27,15.0,25.0,concrete,44,1.0,synthetic
2026-07-04T09:00:00,zone_04,building_roof,40.7129,-74.0059,36.8,46.7,1.3,0.3,0.0,0.0,concrete,4,1.0,synthetic
2026-07-04T09:00:00,zone_05,sports_field,40.7131,-74.0061,32.1,41.9,1.9,0.34,0.0,5.0,grass,120,1.0,synthetic
2026-07-04T09:00:00,zone_06,library_exterior,40.7127,-74.0057,33.0,44.2,2.4,0.53,20.0,35.0,concrete,29,1.0,synthetic
2026-07-04T09:00:00,zone_07,cafeteria_patio,40.7125,-74.0063,32.7,41.9,1.0,0.64,40.0,50.0,concrete,58,1.0,synthetic
2026-07-04T09:00:00,zone_08,walkway,40.7132,-74.0056,33.6,47.1,1.9,0.64,10.0,15.0,asphalt,26,1.0,synthetic
2026-07-04T09:00:00,zone_09,garden,40.7124,-74.0064,32.3,43.2,1.4,0.66,60.0,70.0,grass,16,1.0,synthetic
2026-07-04T09:00:00,zone_10,gym_exterior,40.7133,-74.0065,33.3,45.7,2.1,0.5,10.0,20.0,concrete,38,1.0,synthetic
2026-07-04T09:00:00,zone_11,admin_building,40.7123,-74.0055,33.3,43.7,3.0,0.11,25.0,30.0,concrete,21,1.0,synthetic
2026-07-04T09:00:00,zone_12,entrance_plaza,40.7134,-74.0066,33.8,49.7,1.2,0.58,5.0,10.0,asphalt,35,1.0,synthetic
2026-07-04T10:00:00,zone_01,playground,40.7128,-74.006,35.6,40.9,0.8,0.55,5.0,10.0,asphalt,80,1.0,synthetic
2026-07-04T10:00:00,zone_02,parking_lot,40.713,-74.0062,36.4,40.5,0.9,0.77,0.0,0.0,asphalt,10,1.0,synthetic
2026-07-04T10:00:00,zone_03,courtyard,40.7126,-74.0058,33.4,41.0,0.6,0.66,15.0,25.0,concrete,46,1.0,synthetic
2026-07-04T10:00:00,zone_04,building_roof,40.7129,-74.0059,35.3,41.2,1.4,0.48,0.0,0.0,concrete,5,1.0,synthetic
2026-07-04T10:00:00,zone_05,sports_field,40.7131,-74.0061,32.9,41.1,3.1,0.7,0.0,5.0,grass,120,1.0,synthetic
2026-07-04T10:00:00,zone_06,library_exterior,40.7127,-74.0057,33.9,39.7,2.4,0.17,20.0,35.0,concrete,29,1.0,synthetic
2026-07-04T10:00:00,zone_07,cafeteria_patio,40.7125,-74.0063,32.4,44.7,1.3,0.55,40.0,50.0,concrete,61,1.0,synthetic
2026-07-04T10:00:00,zone_08,walkway,40.7132,-74.0056,34.7,38.0,2.3,0.19,10.0,15.0,asphalt,27,1.0,synthetic
2026-07-04T10:00:00,zone_09,garden,40.7124,-74.0064,31.7,40.1,3.0,0.17,60.0,70.0,grass,16,1.0,synthetic
2026-07-04T10:00:00,zone_10,gym_exterior,40.7133,-74.0065,34.7,40.9,2.0,0.77,10.0,20.0,concrete,41,1.0,synthetic
2026-07-04T10:00:00,zone_11,admin_building,40.7123,-74.0055,32.3,43.2,2.0,0.43,25.0,30.0,concrete,22,1.0,synthetic
2026-07-04T10:00:00,zone_12,entrance_plaza,40.7134,-74.0066,35.9,40.8,1.7,0.33,5.0,10.0,asphalt,37,1.0,synthetic
2026-07-04T11:00:00,zone_01,playground,40.7128,-74.006,36.4,39.1,2.7,0.44,5.0,10.0,asphalt,71,1.0,synthetic
2026-07-04T11:00:00,zone_02,parking_lot,40.713,-74.0062,36.1,39.1,1.1,0.42,0.0,0.0,asphalt,8,1.0,synthetic
2026-07-04T11:00:00,zone_03,courtyard,40.7126,-74.0058,34.2,34.2,0.0,0.41,15.0,25.0,concrete,41,1.0,synthetic
2026-07-04T11:00:00,zone_04,building_roof,40.7129,-74.0059,37.0,41.1,1.1,0.42,0.0,0.0,concrete,3,1.0,synthetic
2026-07-04T11:00:00,zone_05,sports_field,40.7131,-74.0061,33.1,42.0,3.4,0.34,0.0,5.0,grass,108,1.0,synthetic
2026-07-04T11:00:00,zone_06,library_exterior,40.7127,-74.0057,33.1,40.9,1.6,0.71,20.0,35.0,concrete,27,1.0,synthetic
2026-07-04T11:00:00,zone_07,cafeteria_patio,40.7125,-74.0063,34.0,37.4,2.6,0.19,40.0,50.0,concrete,54,1.0,synthetic
2026-07-04T11:00:00,zone_08,walkway,40.7132,-74.0056,34.5,36.0,2.7,0.48,10.0,15.0,asphalt,22,1.0,synthetic
2026-07-04T11:00:00,zone_09,garden,40.7124,-74.0064,33.0,36.8,2.9,0.14,60.0,70.0,grass,11,1.0,synthetic
2026-07-04T11:00:00,zone_10,gym_exterior,40.7133,-74.0065,34.2,44.5,1.2,0.3,10.0,20.0,concrete,36,1.0,synthetic
2026-07-04T11:00:00,zone_11,admin_building,40.7123,-74.0055,34.3,38.0,1.2,0.11,25.0,30.0,concrete,18,1.0,synthetic
2026-07-04T11:00:00,zone_12,entrance_plaza,40.7134,-74.0066,35.4,37.4,2.2,0.66,5.0,10.0,asphalt,32,1.0,synthetic
2026-07-04T12:00:00,zone_01,playground,40.7128,-74.006,33.7,39.3,1.4,0.46,5.0,10.0,asphalt,56,1.0,synthetic
2026-07-04T12:00:00,zone_02,parking_lot,40.713,-74.0062,37.5,40.1,2.1,0.48,0.0,0.0,asphalt,8,1.0,synthetic
2026-07-04T12:00:00,zone_03,courtyard,40.7126,-74.0058,34.3,43.7,2.1,0.21,15.0,25.0,concrete,31,1.0,synthetic
2026-07-04T12:00:00,zone_04,building_roof,40.7129,-74.0059,36.3,38.4,0.6,0.44,0.0,0.0,concrete,2,1.0,synthetic
2026-07-04T12:00:00,zone_05,sports_field,40.7131,-74.0061,33.4,40.7,2.1,0.14,0.0,5.0,grass,83,1.0,synthetic
2026-07-04T12:00:00,zone_06,library_exterior,40.7127,-74.0057,33.7,44.6,4.6,0.22,20.0,35.0,concrete,23,1.0,synthetic
2026-07-04T12:00:00,zone_07,cafeteria_patio,40.7125,-74.0063,32.8,37.8,0.7,0.18,40.0,50.0,concrete,42,1.0,synthetic
2026-07-04T12:00:00,zone_08,walkway,40.7132,-74.0056,34.6,42.7,1.3,0.2,10.0,15.0,asphalt,17,1.0,synthetic
2026-07-04T12:00:00,zone_09,garden,40.7124,-74.0064,32.8,45.0,1.1,0.27,60.0,70.0,grass,10,1.0,synthetic
2026-07-04T12:00:00,zone_10,gym_exterior,40.7133,-74.0065,33.8,42.4,2.2,0.38,10.0,20.0,concrete,28,1.0,synthetic
2026-07-04T12:00:00,zone_11,admin_building,40.7123,-74.0055,33.5,42.8,1.2,0.38,25.0,30.0,concrete,12,1.0,synthetic
2026-07-04T12:00:00,zone_12,entrance_plaza,40.7134,-74.0066,35.3,38.9,1.7,0.35,5.0,10.0,asphalt,23,1.0,synthetic
2026-07-04T13:00:00,zone_01,playground,40.7128,-74.006,34.7,45.2,1.6,0.36,5.0,10.0,asphalt,70,1.0,synthetic
2026-07-04T13:00:00,zone_02,parking_lot,40.713,-74.0062,36.0,42.0,1.1,0.36,0.0,0.0,asphalt,10,1.0,synthetic
2026-07-04T13:00:00,zone_03,courtyard,40.7126,-74.0058,33.5,40.9,1.5,0.5,15.0,25.0,concrete,42,1.0,synthetic
2026-07-04T13:00:00,zone_04,building_roof,40.7129,-74.0059,36.4,45.9,1.6,0.69,0.0,0.0,concrete,2,1.0,synthetic
2026-07-04T13:00:00,zone_05,sports_field,40.7131,-74.0061,33.5,47.2,3.7,0.63,0.0,5.0,grass,108,1.0,synthetic
2026-07-04T13:00:00,zone_06,library_exterior,40.7127,-74.0057,32.6,44.4,2.7,0.16,20.0,35.0,concrete,28,1.0,synthetic
2026-07-04T13:00:00,zone_07,cafeteria_patio,40.7125,-74.0063,32.0,42.9,3.1,0.53,40.0,50.0,concrete,50,1.0,synthetic
2026-07-04T13:00:00,zone_08,walkway,40.7132,-74.0056,34.3,44.8,1.6,0.7,10.0,15.0,asphalt,22,1.0,synthetic
2026-07-04T13:00:00,zone_09,garden,40.7124,-74.0064,31.8,47.0,3.0,0.35,60.0,70.0,grass,11,1.0,synthetic
2026-07-04T13:00:00,zone_10,gym_exterior,40.7133,-74.0065,34.6,46.9,0.7,0.36,10.0,20.0,concrete,37,1.0,synthetic
2026-07-04T13:00:00,zone_11,admin_building,40.7123,-74.0055,32.7,44.7,2.2,0.63,25.0,30.0,concrete,20,1.0,synthetic
2026-07-04T13:00:00,zone_12,entrance_plaza,40.7134,-74.0066,34.4,45.4,3.1,0.4,5.0,10.0,asphalt,31,1.0,synthetic
2026-07-04T14:00:00,zone_01,playground,40.7128,-74.006,33.5,48.8,1.7,0.77,5.0,10.0,asphalt,78,1.0,synthetic
2026-07-04T14:00:00,zone_02,parking_lot,40.713,-74.0062,35.4,46.1,1.7,0.16,0.0,0.0,asphalt,11,1.0,synthetic
2026-07-04T14:00:00,zone_03,courtyard,40.7126,-74.0058,32.1,50.7,1.7,0.44,15.0,25.0,concrete,47,1.0,synthetic
2026-07-04T14:00:00,zone_04,building_roof,40.7129,-74.0059,35.3,51.2,0.0,0.36,0.0,0.0,concrete,4,1.0,synthetic
2026-07-04T14:00:00,zone_05,sports_field,40.7131,-74.0061,32.7,47.7,2.4,0.57,0.0,5.0,grass,116,1.0,synthetic
2026-07-04T14:00:00,zone_06,library_exterior,40.7127,-74.0057,31.9,44.4,2.1,0.5,20.0,35.0,concrete,30,1.0,synthetic
2026-07-04T14:00:00,zone_07,cafeteria_patio,40.7125,-74.0063,31.7,47.5,2.2,0.48,40.0,50.0,concrete,64,1.0,synthetic
2026-07-04T14:00:00,zone_08,walkway,40.7132,-74.0056,32.7,46.6,1.1,0.14,10.0,15.0,asphalt,21,1.0,synthetic
2026-07-04T14:00:00,zone_09,garden,40.7124,-74.0064,31.4,56.7,2.8,0.22,60.0,70.0,grass,14,1.0,synthetic
2026-07-04T14:00:00,zone_10,gym_exterior,40.7133,-74.0065,32.6,43.2,1.0,0.55,10.0,20.0,concrete,39,1.0,synthetic
2026-07-04T14:00:00,zone_11,admin_building,40.7123,-74.0055,32.7,48.8,1.3,0.29,25.0,30.0,concrete,20,1.0,synthetic
2026-07-04T14:00:00,zone_12,entrance_plaza,40.7134,-74.0066,34.1,48.2,1.4,0.5,5.0,10.0,asphalt,35,1.0,synthetic
2026-07-04T15:00:00,zone_01,playground,40.7128,-74.006,31.4,58.6,2.2,0.15,5.0,10.0,asphalt,64,1.0,synthetic
2026-07-04T15:00:00,zone_02,parking_lot,40.713,-74.0062,33.2,51.9,0.0,0.51,0.0,0.0,asphalt,5,1.0,synthetic
2026-07-04T15:00:00,zone_03,courtyard,40.7126,-74.0058,31.0,51.2,3.3,0.56,15.0,25.0,concrete,36,1.0,synthetic
2026-07-04T15:00:00,zone_04,building_roof,40.7129,-74.0059,34.8,51.9,2.2,0.47,0.0,0.0,concrete,5,1.0,synthetic
2026-07-04T15:00:00,zone_05,sports_field,40.7131,-74.0061,32.1,50.4,3.6,0.3,0.0,5.0,grass,96,1.0,synthetic
2026-07-04T15:00:00,zone_06,library_exterior,40.7127,-74.0057,30.9,52.9,3.5,0.59,20.0,35.0,concrete,23,1.0,synthetic
2026-07-04T15:00:00,zone_07,cafeteria_patio,40.7125,-74.0063,29.8,52.4,3.1,0.58,40.0,50.0,concrete,48,1.0,synthetic
2026-07-04T15:00:00,zone_08,walkway,40.7132,-74.0056,31.9,53.4,1.7,0.32,10.0,15.0,asphalt,21,1.0,synthetic
2026-07-04T15:00:00,zone_09,garden,40.7124,-74.0064,30.4,52.6,1.9,0.7,60.0,70.0,grass,12,1.0,synthetic
2026-07-04T15:00:00,zone_10,gym_exterior,40.7133,-74.0065,31.1,51.2,0.1,0.74,10.0,20.0,concrete,30,1.0,synthetic
2026-07-04T15:00:00,zone_11,admin_building,40.7123,-74.0055,31.1,57.3,2.0,0.14,25.0,30.0,concrete,16,1.0,synthetic
2026-07-04T15:00:00,zone_12,entrance_plaza,40.7134,-74.0066,32.8,47.6,1.2,0.51,5.0,10.0,asphalt,29,1.0,synthetic
2026-07-04T16:00:00,zone_01,playground,40.7128,-74.006,31.4,58.8,2.0,0.64,5.0,10.0,asphalt,42,1.0,synthetic
2026-07-04T16:00:00,zone_02,parking_lot,40.713,-74.0062,33.7,64.7,0.3,0.11,0.0,0.0,asphalt,5,1.0,synthetic
2026-07-04T16:00:00,zone_03,courtyard,40.7126,-74.0058,30.8,65.5,2.0,0.14,15.0,25.0,concrete,23,1.0,synthetic
2026-07-04T16:00:00,zone_04,building_roof,40.7129,-74.0059,33.9,59.1,2.6,0.23,0.0,0.0,concrete,2,1.0,synthetic
2026-07-04T16:00:00,zone_05,sports_field,40.7131,-74.0061,29.1,63.6,1.9,0.29,0.0,5.0,grass,60,1.0,synthetic
2026-07-04T16:00:00,zone_06,library_exterior,40.7127,-74.0057,30.3,58.9,2.8,0.14,20.0,35.0,concrete,14,1.0,synthetic
2026-07-04T16:00:00,zone_07,cafeteria_patio,40.7125,-74.0063,29.2,58.7,3.0,0.55,40.0,50.0,concrete,31,1.0,synthetic
2026-07-04T16:00:00,zone_08,walkway,40.7132,-74.0056,30.8,60.9,2.1,0.19,10.0,15.0,asphalt,10,1.0,synthetic
2026-07-04T16:00:00,zone_09,garden,40.7124,-74.0064,28.6,66.1,2.0,0.77,60.0,70.0,grass,5,1.0,synthetic
2026-07-04T16:00:00,zone_10,gym_exterior,40.7133,-74.0065,29.9,52.8,2.7,0.31,10.0,20.0,concrete,23,1.0,synthetic
2026-07-04T16:00:00,zone_11,admin_building,40.7123,-74.0055,29.2,57.2,1.7,0.26,25.0,30.0,concrete,10,1.0,synthetic
2026-07-04T16:00:00,zone_12,entrance_plaza,40.7134,-74.0066,31.5,60.4,1.9,0.11,5.0,10.0,asphalt,16,1.0,synthetic
2026-07-04T17:00:00,zone_01,playground,40.7128,-74.006,30.1,65.3,2.4,0.14,5.0,10.0,asphalt,25,1.0,synthetic
2026-07-04T17:00:00,zone_02,parking_lot,40.713,-74.0062,31.8,66.3,2.0,0.26,0.0,0.0,asphalt,5,1.0,synthetic
2026-07-04T17:00:00,zone_03,courtyard,40.7126,-74.0058,29.2,67.2,1.3,0.65,15.0,25.0,concrete,12,1.0,synthetic
2026-07-04T17:00:00,zone_04,building_roof,40.7129,-74.0059,31.8,68.2,2.2,0.73,0.0,0.0,concrete,3,1.0,synthetic
2026-07-04T17:00:00,zone_05,sports_field,40.7131,-74.0061,28.4,64.4,2.7,0.42,0.0,5.0,grass,36,1.0,synthetic
2026-07-04T17:00:00,zone_06,library_exterior,40.7127,-74.0057,28.2,66.3,2.0,0.16,20.0,35.0,concrete,6,1.0,synthetic
2026-07-04T17:00:00,zone_07,cafeteria_patio,40.7125,-74.0063,28.4,73.8,1.8,0.33,40.0,50.0,concrete,16,1.0,synthetic
2026-07-04T17:00:00,zone_08,walkway,40.7132,-74.0056,30.8,67.0,1.1,0.14,10.0,15.0,asphalt,9,1.0,synthetic
2026-07-04T17:00:00,zone_09,garden,40.7124,-74.0064,27.1,61.6,2.3,0.21,60.0,70.0,grass,2,1.0,synthetic
2026-07-04T17:00:00,zone_10,gym_exterior,40.7133,-74.0065,29.9,62.0,0.0,0.39,10.0,20.0,concrete,14,1.0,synthetic
2026-07-04T17:00:00,zone_11,admin_building,40.7123,-74.0055,28.5,65.0,2.2,0.74,25.0,30.0,concrete,6,1.0,synthetic
2026-07-04T17:00:00,zone_12,entrance_plaza,40.7134,-74.0066,30.1,60.8,3.0,0.76,5.0,10.0,asphalt,10,1.0,synthetic
2026-07-04T18:00:00,zone_01,playground,40.7128,-74.006,28.5,72.1,1.1,0.43,5.0,10.0,asphalt,11,0.0,synthetic
2026-07-04T18:00:00,zone_02,parking_lot,40.713,-74.0062,30.1,75.8,1.1,0.7,0.0,0.0,asphalt,0,0.0,synthetic
2026-07-04T18:00:00,zone_03,courtyard,40.7126,-74.0058,27.3,74.2,1.7,0.74,15.0,25.0,concrete,3,0.0,synthetic
2026-07-04T18:00:00,zone_04,building_roof,40.7129,-74.0059,31.2,78.8,0.3,0.66,0.0,0.0,concrete,2,0.0,synthetic
2026-07-04T18:00:00,zone_05,sports_field,40.7131,-74.0061,26.7,71.7,2.1,0.76,0.0,5.0,grass,10,0.0,synthetic
2026-07-04T18:00:00,zone_06,library_exterior,40.7127,-74.0057,27.9,70.3,1.2,0.13,20.0,35.0,concrete,4,0.0,synthetic
2026-07-04T18:00:00,zone_07,cafeteria_patio,40.7125,-74.0063,27.2,69.9,1.5,0.45,40.0,50.0,concrete,4,0.0,synthetic
2026-07-04T18:00:00,zone_08,walkway,40.7132,-74.0056,27.9,72.5,1.6,0.48,10.0,15.0,asphalt,0,0.0,synthetic
2026-07-04T18:00:00,zone_09,garden,40.7124,-74.0064,26.0,72.7,2.6,0.49,60.0,70.0,grass,2,0.0,synthetic
2026-07-04T18:00:00,zone_10,gym_exterior,40.7133,-74.0065,27.5,76.5,2.4,0.47,10.0,20.0,concrete,3,0.0,synthetic
2026-07-04T18:00:00,zone_11,admin_building,40.7123,-74.0055,26.6,75.1,2.2,0.16,25.0,30.0,concrete,3,0.0,synthetic
2026-07-04T18:00:00,zone_12,entrance_plaza,40.7134,-74.0066,30.0,70.5,2.0,0.73,5.0,10.0,asphalt,5,0.0,synthetic
2026-07-04T19:00:00,zone_01,playground,40.7128,-74.006,27.2,72.8,2.8,0.16,5.0,10.0,asphalt,0,0.0,synthetic
2026-07-04T19:00:00,zone_02,parking_lot,40.713,-74.0062,28.8,79.9,1.5,0.39,0.0,0.0,asphalt,0,0.0,synthetic
2026-07-04T19:00:00,zone_03,courtyard,40.7126,-74.0058,26.1,74.1,1.6,0.5,15.0,25.0,concrete,0,0.0,synthetic
2026-07-04T19:00:00,zone_04,building_roof,40.7129,-74.0059,28.5,75.3,2.5,0.63,0.0,0.0,concrete,0,0.0,synthetic
2026-07-04T19:00:00,zone_05,sports_field,40.7131,-74.0061,26.6,75.0,3.1,0.27,0.0,5.0,grass,0,0.0,synthetic
2026-07-04T19:00:00,zone_06,library_exterior,40.7127,-74.0057,26.5,80.4,2.4,0.47,20.0,35.0,concrete,0,0.0,synthetic
2026-07-04T19:00:00,zone_07,cafeteria_patio,40.7125,-74.0063,25.2,79.6,1.6,0.59,40.0,50.0,concrete,1,0.0,synthetic
2026-07-04T19:00:00,zone_08,walkway,40.7132,-74.0056,27.3,71.3,2.7,0.66,10.0,15.0,asphalt,0,0.0,synthetic
2026-07-04T19:00:00,zone_09,garden,40.7124,-74.0064,25.8,78.7,0.8,0.67,60.0,70.0,grass,2,0.0,synthetic
2026-07-04T19:00:00,zone_10,gym_exterior,40.7133,-74.0065,27.0,72.3,1.3,0.31,10.0,20.0,concrete,2,0.0,synthetic
2026-07-04T19:00:00,zone_11,admin_building,40.7123,-74.0055,26.8,77.0,2.1,0.56,25.0,30.0,concrete,1,0.0,synthetic
2026-07-04T19:00:00,zone_12,entrance_plaza,40.7134,-74.0066,28.4,74.6,2.3,0.39,5.0,10.0,asphalt,0,0.0,synthetic
2026-07-04T20:00:00,zone_01,playground,40.7128,-74.006,26.4,80.1,1.2,0.64,5.0,10.0,asphalt,0,0.0,synthetic
2026-07-04T20:00:00,zone_02,parking_lot,40.713,-74.0062,28.9,78.4,1.7,0.16,0.0,0.0,asphalt,0,0.0,synthetic
2026-07-04T20:00:00,zone_03,courtyard,40.7126,-74.0058,24.7,82.0,1.8,0.21,15.0,25.0,concrete,1,0.0,synthetic
2026-07-04T20:00:00,zone_04,building_roof,40.7129,-74.0059,28.8,83.0,2.2,0.7,0.0,0.0,concrete,0,0.0,synthetic
2026-07-04T20:00:00,zone_05,sports_field,40.7131,-74.0061,25.1,82.7,1.5,0.79,0.0,5.0,grass,0,0.0,synthetic
2026-07-04T20:00:00,zone_06,library_exterior,40.7127,-74.0057,24.5,80.6,0.2,0.16,20.0,35.0,concrete,1,0.0,synthetic
2026-07-04T20:00:00,zone_07,cafeteria_patio,40.7125,-74.0063,24.9,86.3,1.2,0.21,40.0,50.0,concrete,0,0.0,synthetic
2026-07-04T20:00:00,zone_08,walkway,40.7132,-74.0056,26.4,80.7,2.4,0.33,10.0,15.0,asphalt,0,0.0,synthetic
2026-07-04T20:00:00,zone_09,garden,40.7124,-74.0064,23.4,84.0,0.3,0.62,60.0,70.0,grass,0,0.0,synthetic
2026-07-04T20:00:00,zone_10,gym_exterior,40.7133,-74.0065,25.8,82.6,1.8,0.44,10.0,20.0,concrete,0,0.0,synthetic
2026-07-04T20:00:00,zone_11,admin_building,40.7123,-74.0055,24.1,82.8,2.6,0.76,25.0,30.0,concrete,0,0.0,synthetic
2026-07-04T20:00:00,zone_12,entrance_plaza,40.7134,-74.0066,27.2,83.7,3.3,0.31,5.0,10.0,asphalt,0,0.0,synthetic
2026-07-04T21:00:00,zone_01,playground,40.7128,-74.006,24.9,83.9,0.2,0.77,5.0,10.0,asphalt,0,0.0,synthetic
2026-07-04T21:00:00,zone_02,parking_lot,40.713,-74.0062,26.9,85.8,1.3,0.18,0.0,0.0,asphalt,0,0.0,synthetic
2026-07-04T21:00:00,zone_03,courtyard,40.7126,-74.0058,24.6,82.2,3.4,0.62,15.0,25.0,concrete,0,0.0,synthetic
2026-07-04T21:00:00,zone_04,building_roof,40.7129,-74.0059,26.8,84.2,3.1,0.14,0.0,0.0,concrete,0,0.0,synthetic
2026-07-04T21:00:00,zone_05,sports_field,40.7131,-74.0061,23.6,86.4,2.4,0.44,0.0,5.0,grass,1,0.0,synthetic
2026-07-04T21:00:00,zone_06,library_exterior,40.7127,-74.0057,24.7,86.7,1.5,0.25,20.0,35.0,concrete,1,0.0,synthetic
2026-07-04T21:00:00,zone_07,cafeteria_patio,40.7125,-74.0063,23.5,91.7,2.8,0.73,40.0,50.0,concrete,0,0.0,synthetic
2026-07-04T21:00:00,zone_08,walkway,40.7132,-74.0056,25.0,83.6,0.9,0.78,10.0,15.0,asphalt,0,0.0,synthetic
2026-07-04T21:00:00,zone_09,garden,40.7124,-74.0064,22.5,80.1,1.3,0.26,60.0,70.0,grass,0,0.0,synthetic
2026-07-04T21:00:00,zone_10,gym_exterior,40.7133,-74.0065,25.4,82.2,2.5,0.54,10.0,20.0,concrete,0,0.0,synthetic
2026-07-04T21:00:00,zone_11,admin_building,40.7123,-74.0055,23.3,87.6,0.8,0.5,25.0,30.0,concrete,0,0.0,synthetic
2026-07-04T21:00:00,zone_12,entrance_plaza,40.7134,-74.0066,26.2,88.4,2.2,0.34,5.0,10.0,asphalt,0,0.0,synthetic
2026-07-04T22:00:00,zone_01,playground,40.7128,-74.006,25.1,92.5,1.5,0.64,5.0,10.0,asphalt,0,0.0,synthetic
2026-07-04T22:00:00,zone_02,parking_lot,40.713,-74.0062,27.1,86.8,1.4,0.43,0.0,0.0,asphalt,0,0.0,synthetic
2026-07-04T22:00:00,zone_03,courtyard,40.7126,-74.0058,23.9,85.6,2.0,0.42,15.0,25.0,concrete,0,0.0,synthetic
2026-07-04T22:00:00,zone_04,building_roof,40.7129,-74.0059,27.1,81.9,0.5,0.24,0.0,0.0,concrete,0,0.0,synthetic
2026-07-04T22:00:00,zone_05,sports_field,40.7131,-74.0061,23.7,88.1,2.7,0.7,0.0,5.0,grass,0,0.0,synthetic
2026-07-04T22:00:00,zone_06,library_exterior,40.7127,-74.0057,22.7,87.6,1.3,0.22,20.0,35.0,concrete,0,0.0,synthetic
2026-07-04T22:00:00,zone_07,cafeteria_patio,40.7125,-74.0063,23.8,88.5,0.7,0.75,40.0,50.0,concrete,3,0.0,synthetic
2026-07-04T22:00:00,zone_08,walkway,40.7132,-74.0056,25.7,92.6,1.9,0.55,10.0,15.0,asphalt,0,0.0,synthetic
2026-07-04T22:00:00,zone_09,garden,40.7124,-74.0064,23.2,93.3,1.4,0.4,60.0,70.0,grass,0,0.0,synthetic
2026-07-04T22:00:00,zone_10,gym_exterior,40.7133,-74.0065,23.4,88.3,2.0,0.32,10.0,20.0,concrete,3,0.0,synthetic
2026-07-04T22:00:00,zone_11,admin_building,40.7123,-74.0055,23.9,89.9,1.7,0.5,25.0,30.0,concrete,0,0.0,synthetic
2026-07-04T22:00:00,zone_12,entrance_plaza,40.7134,-74.0066,25.4,90.3,2.4,0.11,5.0,10.0,asphalt,0,0.0,synthetic
2026-07-04T23:00:00,zone_01,playground,40.7128,-74.006,24.9,94.9,1.8,0.67,5.0,10.0,asphalt,0,0.0,synthetic
2026-07-04T23:00:00,zone_02,parking_lot,40.713,-74.0062,26.8,83.6,3.2,0.77,0.0,0.0,asphalt,2,0.0,synthetic
2026-07-04T23:00:00,zone_03,courtyard,40.7126,-74.0058,22.8,92.2,2.1,0.31,15.0,25.0,concrete,0,0.0,synthetic
2026-07-04T23:00:00,zone_04,building_roof,40.7129,-74.0059,27.7,86.4,0.6,0.52,0.0,0.0,concrete,0,0.0,synthetic
2026-07-04T23:00:00,zone_05,sports_field,40.7131,-74.0061,23.4,88.0,0.0,0.62,0.0,5.0,grass,3,0.0,synthetic
2026-07-04T23:00:00,zone_06,library_exterior,40.7127,-74.0057,24.1,91.9,2.7,0.68,20.0,35.0,concrete,0,0.0,synthetic
2026-07-04T23:00:00,zone_07,cafeteria_patio,40.7125,-74.0063,23.1,92.5,0.9,0.21,40.0,50.0,concrete,0,0.0,synthetic
2026-07-04T23:00:00,zone_08,walkway,40.7132,-74.0056,24.1,87.6,3.8,0.74,10.0,15.0,asphalt,1,0.0,synthetic
2026-07-04T23:00:00,zone_09,garden,40.7124,-74.0064,23.1,85.4,2.5,0.35,60.0,70.0,grass,1,0.0,synthetic
2026-07-04T23:00:00,zone_10,gym_exterior,40.7133,-74.0065,24.5,83.2,1.3,0.66,10.0,20.0,concrete,0,0.0,synthetic
2026-07-04T23:00:00,zone_11,admin_building,40.7123,-74.0055,23.2,88.2,3.1,0.27,25.0,30.0,concrete,0,0.0,synthetic
2026-07-04T23:00:00,zone_12,entrance_plaza,40.7134,-74.0066,25.4,88.1,2.3,0.67,5.0,10.0,asphalt,3,0.0,synthetic
2026-07-05T00:00:00,zone_01,playground,40.7128,-74.006,25.1,96.7,0.9,0.57,5.0,10.0,asphalt,0,0.0,synthetic
2026-07-05T00:00:00,zone_02,parking_lot,40.713,-74.0062,27.0,84.3,0.7,0.69,0.0,0.0,asphalt,4,0.0,synthetic
2026-07-05T00:00:00,zone_03,courtyard,40.7126,-74.0058,24.0,84.1,4.0,0.65,15.0,25.0,concrete,0,0.0,synthetic
2026-07-05T00:00:00,zone_04,building_roof,40.7129,-74.0059,28.0,85.6,3.5,0.11,0.0,0.0,concrete,0,0.0,synthetic
2026-07-05T00:00:00,zone_05,sports_field,40.7131,-74.0061,23.6,84.8,2.1,0.75,0.0,5.0,grass,2,0.0,synthetic
2026-07-05T00:00:00,zone_06,library_exterior,40.7127,-74.0057,23.1,79.8,2.2,0.27,20.0,35.0,concrete,0,0.0,synthetic
2026-07-05T00:00:00,zone_07,cafeteria_patio,40.7125,-74.0063,23.5,91.2,3.1,0.19,40.0,50.0,concrete,1,0.0,synthetic
2026-07-05T00:00:00,zone_08,walkway,40.7132,-74.0056,24.5,89.4,0.8,0.23,10.0,15.0,asphalt,0,0.0,synthetic
2026-07-05T00:00:00,zone_09,garden,40.7124,-74.0064,22.2,83.3,1.3,0.45,60.0,70.0,grass,0,0.0,synthetic
2026-07-05T00:00:00,zone_10,gym_exterior,40.7133,-74.0065,24.5,85.3,2.8,0.62,10.0,20.0,concrete,4,0.0,synthetic
2026-07-05T00:00:00,zone_11,admin_building,40.7123,-74.0055,24.4,87.0,1.4,0.55,25.0,30.0,concrete,0,0.0,synthetic
2026-07-05T00:00:00,zone_12,entrance_plaza,40.7134,-74.0066,24.9,92.0,2.2,0.19,5.0,10.0,asphalt,1,0.0,synthetic
2026-07-05T01:00:00,zone_01,playground,40.7128,-74.006,26.2,81.4,2.4,0.11,5.0,10.0,asphalt,0,0.0,synthetic
2026-07-05T01:00:00,zone_02,parking_lot,40.713,-74.0062,26.4,88.7,2.5,0.39,0.0,0.0,asphalt,0,0.0,synthetic
2026-07-05T01:00:00,zone_03,courtyard,40.7126,-74.0058,24.9,87.3,0.7,0.46,15.0,25.0,concrete,0,0.0,synthetic
2026-07-05T01:00:00,zone_04,building_roof,40.7129,-74.0059,27.8,85.4,2.9,0.19,0.0,0.0,concrete,0,0.0,synthetic
2026-07-05T01:00:00,zone_05,sports_field,40.7131,-74.0061,24.7,86.9,1.5,0.15,0.0,5.0,grass,0,0.0,synthetic
2026-07-05T01:00:00,zone_06,library_exterior,40.7127,-74.0057,24.0,83.1,1.9,0.42,20.0,35.0,concrete,0,0.0,synthetic
2026-07-05T01:00:00,zone_07,cafeteria_patio,40.7125,-74.0063,23.5,88.1,3.7,0.71,40.0,50.0,concrete,0,0.0,synthetic
2026-07-05T01:00:00,zone_08,walkway,40.7132,-74.0056,25.9,90.0,2.4,0.29,10.0,15.0,asphalt,0,0.0,synthetic
2026-07-05T01:00:00,zone_09,garden,40.7124,-74.0064,23.2,87.5,1.2,0.41,60.0,70.0,grass,1,0.0,synthetic
2026-07-05T01:00:00,zone_10,gym_exterior,40.7133,-74.0065,25.5,88.4,1.7,0.68,10.0,20.0,concrete,1,0.0,synthetic
2026-07-05T01:00:00,zone_11,admin_building,40.7123,-74.0055,22.9,90.7,2.8,0.61,25.0,30.0,concrete,0,0.0,synthetic
2026-07-05T01:00:00,zone_12,entrance_plaza,40.7134,-74.0066,27.1,83.0,3.1,0.14,5.0,10.0,asphalt,2,0.0,synthetic
2026-07-05T02:00:00,zone_01,playground,40.7128,-74.006,26.4,86.1,1.1,0.44,5.0,10.0,asphalt,0,0.0,synthetic
2026-07-05T02:00:00,zone_02,parking_lot,40.713,-74.0062,27.8,85.3,1.6,0.43,0.0,0.0,asphalt,0,0.0,synthetic
2026-07-05T02:00:00,zone_03,courtyard,40.7126,-74.0058,25.5,78.2,1.5,0.65,15.0,25.0,concrete,0,0.0,synthetic
2026-07-05T02:00:00,zone_04,building_roof,40.7129,-74.0059,28.1,84.9,2.2,0.37,0.0,0.0,concrete,1,0.0,synthetic
2026-07-05T02:00:00,zone_05,sports_field,40.7131,-74.0061,26.2,82.8,1.4,0.45,0.0,5.0,grass,5,0.0,synthetic
2026-07-05T02:00:00,zone_06,library_exterior,40.7127,-74.0057,25.5,81.3,0.9,0.64,20.0,35.0,concrete,0,0.0,synthetic
2026-07-05T02:00:00,zone_07,cafeteria_patio,40.7125,-74.0063,24.3,81.7,1.0,0.75,40.0,50.0,concrete,0,0.0,synthetic
2026-07-05T02:00:00,zone_08,walkway,40.7132,-74.0056,25.7,80.5,0.3,0.66,10.0,15.0,asphalt,0,0.0,synthetic
2026-07-05T02:00:00,zone_09,garden,40.7124,-74.0064,23.3,82.2,2.1,0.2,60.0,70.0,grass,0,0.0,synthetic
2026-07-05T02:00:00,zone_10,gym_exterior,40.7133,-74.0065,26.3,88.7,2.3,0.74,10.0,20.0,concrete,0,0.0,synthetic
2026-07-05T02:00:00,zone_11,admin_building,40.7123,-74.0055,24.9,80.4,1.9,0.11,25.0,30.0,concrete,1,0.0,synthetic
2026-07-05T02:00:00,zone_12,entrance_plaza,40.7134,-74.0066,26.7,82.5,0.0,0.43,5.0,10.0,asphalt,1,0.0,synthetic
2026-07-05T03:00:00,zone_01,playground,40.7128,-74.006,28.0,78.4,1.2,0.67,5.0,10.0,asphalt,3,0.0,synthetic
2026-07-05T03:00:00,zone_02,parking_lot,40.713,-74.0062,28.1,78.3,2.1,0.7,0.0,0.0,asphalt,0,0.0,synthetic
2026-07-05T03:00:00,zone_03,courtyard,40.7126,-74.0058,26.7,76.2,2.5,0.32,15.0,25.0,concrete,0,0.0,synthetic
2026-07-05T03:00:00,zone_04,building_roof,40.7129,-74.0059,29.2,77.7,0.4,0.23,0.0,0.0,concrete,0,0.0,synthetic
2026-07-05T03:00:00,zone_05,sports_field,40.7131,-74.0061,25.8,73.9,0.0,0.32,0.0,5.0,grass,0,0.0,synthetic
2026-07-05T03:00:00,zone_06,library_exterior,40.7127,-74.0057,26.4,78.5,1.9,0.71,20.0,35.0,concrete,0,0.0,synthetic
2026-07-05T03:00:00,zone_07,cafeteria_patio,40.7125,-74.0063,25.5,76.7,2.6,0.5,40.0,50.0,concrete,2,0.0,synthetic
2026-07-05T03:00:00,zone_08,walkway,40.7132,-74.0056,26.4,79.1,5.1,0.3,10.0,15.0,asphalt,0,0.0,synthetic
2026-07-05T03:00:00,zone_09,garden,40.7124,-74.0064,24.8,78.1,2.0,0.21,60.0,70.0,grass,0,0.0,synthetic
2026-07-05T03:00:00,zone_10,gym_exterior,40.7133,-74.0065,25.6,76.9,1.1,0.4,10.0,20.0,concrete,0,0.0,synthetic
2026-07-05T03:00:00,zone_11,admin_building,40.7123,-74.0055,26.4,76.5,1.5,0.65,25.0,30.0,concrete,1,0.0,synthetic
2026-07-05T03:00:00,zone_12,entrance_plaza,40.7134,-74.0066,27.0,78.3,1.4,0.79,5.0,10.0,asphalt,0,0.0,synthetic
2026-07-05T04:00:00,zone_01,playground,40.7128,-74.006,28.8,70.5,2.6,0.27,5.0,10.0,asphalt,0,0.0,synthetic
2026-07-05T04:00:00,zone_02,parking_lot,40.713,-74.0062,29.4,80.0,1.6,0.24,0.0,0.0,asphalt,0,0.0,synthetic
2026-07-05T04:00:00,zone_03,courtyard,40.7126,-74.0058,28.1,69.0,2.3,0.25,15.0,25.0,concrete,0,0.0,synthetic
2026-07-05T04:00:00,zone_04,building_roof,40.7129,-74.0059,29.6,72.3,2.8,0.47,0.0,0.0,concrete,0,0.0,synthetic
2026-07-05T04:00:00,zone_05,sports_field,40.7131,-74.0061,27.1,73.2,1.9,0.46,0.0,5.0,grass,3,0.0,synthetic
2026-07-05T04:00:00,zone_06,library_exterior,40.7127,-74.0057,27.3,66.4,3.9,0.76,20.0,35.0,concrete,0,0.0,synthetic
2026-07-05T04:00:00,zone_07,cafeteria_patio,40.7125,-74.0063,26.9,71.2,5.1,0.22,40.0,50.0,concrete,0,0.0,synthetic
2026-07-05T04:00:00,zone_08,walkway,40.7132,-74.0056,28.4,73.6,3.9,0.69,10.0,15.0,asphalt,0,0.0,synthetic
2026-07-05T04:00:00,zone_09,garden,40.7124,-74.0064,25.1,70.4,4.7,0.23,60.0,70.0,grass,0,0.0,synthetic
2026-07-05T04:00:00,zone_10,gym_exterior,40.7133,-74.0065,28.1,73.5,1.2,0.52,10.0,20.0,concrete,0,0.0,synthetic
2026-07-05T04:00:00,zone_11,admin_building,40.7123,-74.0055,26.1,73.5,1.2,0.4,25.0,30.0,concrete,0,0.0,synthetic
2026-07-05T04:00:00,zone_12,entrance_plaza,40.7134,-74.0066,30.1,73.3,1.4,0.78,5.0,10.0,asphalt,0,0.0,synthetic
2026-07-05T05:00:00,zone_01,playground,40.7128,-74.006,29.7,60.0,1.9,0.67,5.0,10.0,asphalt,0,0.0,synthetic
2026-07-05T05:00:00,zone_02,parking_lot,40.713,-74.0062,30.6,65.9,2.3,0.27,0.0,0.0,asphalt,1,0.0,synthetic
2026-07-05T05:00:00,zone_03,courtyard,40.7126,-74.0058,29.1,63.7,0.1,0.35,15.0,25.0,concrete,2,0.0,synthetic
2026-07-05T05:00:00,zone_04,building_roof,40.7129,-74.0059,32.3,61.7,0.5,0.41,0.0,0.0,concrete,3,0.0,synthetic
2026-07-05T05:00:00,zone_05,sports_field,40.7131,-74.0061,28.9,63.4,4.9,0.31,0.0,5.0,grass,0,0.0,synthetic
2026-07-05T05:00:00,zone_06,library_exterior,40.7127,-74.0057,28.4,66.9,1.1,0.39,20.0,35.0,concrete,3,0.0,synthetic
2026-07-05T05:00:00,zone_07,cafeteria_patio,40.7125,-74.0063,27.2,63.4,1.7,0.56,40.0,50.0,concrete,0,0.0,synthetic
2026-07-05T05:00:00,zone_08,walkway,40.7132,-74.0056,28.9,67.9,0.6,0.25,10.0,15.0,asphalt,0,0.0,synthetic
2026-07-05T05:00:00,zone_09,garden,40.7124,-74.0064,27.2,62.9,1.3,0.55,60.0,70.0,grass,0,0.0,synthetic
2026-07-05T05:00:00,zone_10,gym_exterior,40.7133,-74.0065,28.5,68.7,2.5,0.28,10.0,20.0,concrete,3,0.0,synthetic
2026-07-05T05:00:00,zone_11,admin_building,40.7123,-74.0055,28.2,66.0,0.0,0.29,25.0,30.0,concrete,2,0.0,synthetic
2026-07-05T05:00:00,zone_12,entrance_plaza,40.7134,-74.0066,31.0,65.8,0.6,0.28,5.0,10.0,asphalt,0,0.0,synthetic
2026-07-05T06:00:00,zone_01,playground,40.7128,-74.006,30.2,57.5,1.8,0.36,5.0,10.0,asphalt,9,0.0,synthetic
2026-07-05T06:00:00,zone_02,parking_lot,40.713,-74.0062,33.3,57.4,3.2,0.33,0.0,0.0,asphalt,4,0.0,synthetic
2026-07-05T06:00:00,zone_03,courtyard,40.7126,-74.0058,30.3,61.8,1.9,0.57,15.0,25.0,concrete,0,0.0,synthetic
2026-07-05T06:00:00,zone_04,building_roof,40.7129,-74.0059,32.3,56.5,1.8,0.45,0.0,0.0,concrete,0,0.0,synthetic
2026-07-05T06:00:00,zone_05,sports_field,40.7131,-74.0061,30.6,55.8,2.5,0.52,0.0,5.0,grass,12,0.0,synthetic
2026-07-05T06:00:00,zone_06,library_exterior,40.7127,-74.0057,30.0,58.8,0.3,0.5,20.0,35.0,concrete,1,0.0,synthetic
2026-07-05T06:00:00,zone_07,cafeteria_patio,40.7125,-74.0063,29.9,55.2,3.3,0.19,40.0,50.0,concrete,6,0.0,synthetic
2026-07-05T06:00:00,zone_08,walkway,40.7132,-74.0056,30.9,55.3,1.9,0.33,10.0,15.0,asphalt,3,0.0,synthetic
2026-07-05T06:00:00,zone_09,garden,40.7124,-74.0064,29.1,59.0,3.2,0.3,60.0,70.0,grass,1,0.0,synthetic
2026-07-05T06:00:00,zone_10,gym_exterior,40.7133,-74.0065,30.9,56.5,1.8,0.45,10.0,20.0,concrete,3,0.0,synthetic
2026-07-05T06:00:00,zone_11,admin_building,40.7123,-74.0055,30.7,59.9,3.2,0.51,25.0,30.0,concrete,0,0.0,synthetic
2026-07-05T06:00:00,zone_12,entrance_plaza,40.7134,-74.0066,32.8,60.7,1.7,0.18,5.0,10.0,asphalt,3,0.0,synthetic
2026-07-05T07:00:00,zone_01,playground,40.7128,-74.006,32.5,47.9,2.5,0.65,5.0,10.0,asphalt,25,1.0,synthetic
2026-07-05T07:00:00,zone_02,parking_lot,40.713,-74.0062,33.5,47.3,0.8,0.14,0.0,0.0,asphalt,3,1.0,synthetic
2026-07-05T07:00:00,zone_03,courtyard,40.7126,-74.0058,31.6,52.6,1.3,0.68,15.0,25.0,concrete,14,1.0,synthetic
2026-07-05T07:00:00,zone_04,building_roof,40.7129,-74.0059,34.6,52.9,3.7,0.43,0.0,0.0,concrete,0,1.0,synthetic
2026-07-05T07:00:00,zone_05,sports_field,40.7131,-74.0061,30.6,58.8,2.0,0.47,0.0,5.0,grass,34,1.0,synthetic
2026-07-05T07:00:00,zone_06,library_exterior,40.7127,-74.0057,31.6,54.9,1.2,0.6,20.0,35.0,concrete,9,1.0,synthetic
2026-07-05T07:00:00,zone_07,cafeteria_patio,40.7125,-74.0063,31.3,52.5,2.7,0.2,40.0,50.0,concrete,14,1.0,synthetic
2026-07-05T07:00:00,zone_08,walkway,40.7132,-74.0056,32.1,48.9,2.5,0.59,10.0,15.0,asphalt,7,1.0,synthetic
2026-07-05T07:00:00,zone_09,garden,40.7124,-74.0064,29.5,57.4,4.0,0.39,60.0,70.0,grass,4,1.0,synthetic
2026-07-05T07:00:00,zone_10,gym_exterior,40.7133,-74.0065,31.8,57.7,2.5,0.73,10.0,20.0,concrete,13,1.0,synthetic
2026-07-05T07:00:00,zone_11,admin_building,40.7123,-74.0055,30.6,54.1,2.9,0.32,25.0,30.0,concrete,6,1.0,synthetic
2026-07-05T07:00:00,zone_12,entrance_plaza,40.7134,-74.0066,32.5,54.2,0.5,0.25,5.0,10.0,asphalt,12,1.0,synthetic
2026-07-05T08:00:00,zone_01,playground,40.7128,-74.006,33.1,45.7,1.8,0.27,5.0,10.0,asphalt,65,1.0,synthetic
2026-07-05T08:00:00,zone_02,parking_lot,40.713,-74.0062,34.1,45.7,3.1,0.5,0.0,0.0,asphalt,8,1.0,synthetic
2026-07-05T08:00:00,zone_03,courtyard,40.7126,-74.0058,32.8,44.7,4.2,0.72,15.0,25.0,concrete,36,1.0,synthetic
2026-07-05T08:00:00,zone_04,building_roof,40.7129,-74.0059,36.0,46.9,1.9,0.52,0.0,0.0,concrete,7,1.0,synthetic
2026-07-05T08:00:00,zone_05,sports_field,40.7131,-74.0061,31.9,47.7,3.1,0.14,0.0,5.0,grass,93,1.0,synthetic
2026-07-05T08:00:00,zone_06,library_exterior,40.7127,-74.0057,32.3,46.1,1.3,0.28,20.0,35.0,concrete,21,1.0,synthetic
2026-07-05T08:00:00,zone_07,cafeteria_patio,40.7125,-74.0063,32.1,44.7,0.6,0.32,40.0,50.0,concrete,48,1.0,synthetic
2026-07-05T08:00:00,zone_08,walkway,40.7132,-74.0056,32.7,47.8,2.6,0.63,10.0,15.0,asphalt,21,1.0,synthetic
2026-07-05T08:00:00,zone_09,garden,40.7124,-74.0064,31.5,51.0,4.2,0.13,60.0,70.0,grass,12,1.0,synthetic
2026-07-05T08:00:00,zone_10,gym_exterior,40.7133,-74.0065,33.4,49.0,0.0,0.29,10.0,20.0,concrete,32,1.0,synthetic
2026-07-05T08:00:00,zone_11,admin_building,40.7123,-74.0055,32.8,50.4,1.6,0.64,25.0,30.0,concrete,17,1.0,synthetic
2026-07-05T08:00:00,zone_12,entrance_plaza,40.7134,-74.0066,34.5,47.8,3.8,0.5,5.0,10.0,asphalt,33,1.0,synthetic
2026-07-05T09:00:00,zone_01,playground,40.7128,-74.006,34.4,45.5,1.6,0.17,5.0,10.0,asphalt,84,1.0,synthetic
2026-07-05T09:00:00,zone_02,parking_lot,40.713,-74.0062,36.2,45.8,0.9,0.69,0.0,0.0,asphalt,8,1.0,synthetic
2026-07-05T09:00:00,zone_03,courtyard,40.7126,-74.0058,33.6,38.8,2.2,0.39,15.0,25.0,concrete,45,1.0,synthetic
2026-07-05T09:00:00,zone_04,building_roof,40.7129,-74.0059,35.8,47.3,2.7,0.35,0.0,0.0,concrete,7,1.0,synthetic
2026-07-05T09:00:00,zone_05,sports_field,40.7131,-74.0061,33.6,44.3,3.2,0.12,0.0,5.0,grass,120,1.0,synthetic
2026-07-05T09:00:00,zone_06,library_exterior,40.7127,-74.0057,32.5,41.4,1.2,0.77,20.0,35.0,concrete,30,1.0,synthetic
2026-07-05T09:00:00,zone_07,cafeteria_patio,40.7125,-74.0063,32.8,43.2,2.7,0.1,40.0,50.0,concrete,60,1.0,synthetic
2026-07-05T09:00:00,zone_08,walkway,40.7132,-74.0056,34.0,44.1,2.7,0.48,10.0,15.0,asphalt,25,1.0,synthetic
2026-07-05T09:00:00,zone_09,garden,40.7124,-74.0064,31.3,43.6,2.2,0.74,60.0,70.0,grass,14,1.0,synthetic
2026-07-05T09:00:00,zone_10,gym_exterior,40.7133,-74.0065,33.8,40.0,2.2,0.21,10.0,20.0,concrete,39,1.0,synthetic
2026-07-05T09:00:00,zone_11,admin_building,40.7123,-74.0055,32.5,46.5,4.3,0.22,25.0,30.0,concrete,19,1.0,synthetic
2026-07-05T09:00:00,zone_12,entrance_plaza,40.7134,-74.0066,34.4,46.5,1.0,0.58,5.0,10.0,asphalt,35,1.0,synthetic
2026-07-05T10:00:00,zone_01,playground,40.7128,-74.006,34.7,37.8,2.8,0.28,5.0,10.0,asphalt,79,1.0,synthetic
2026-07-05T10:00:00,zone_02,parking_lot,40.713,-74.0062,36.6,37.2,1.8,0.6,0.0,0.0,asphalt,9,1.0,synthetic
2026-07-05T10:00:00,zone_03,courtyard,40.7126,-74.0058,34.4,45.3,1.2,0.17,15.0,25.0,concrete,43,1.0,synthetic
2026-07-05T10:00:00,zone_04,building_roof,40.7129,-74.0059,36.8,46.3,1.0,0.33,0.0,0.0,concrete,6,1.0,synthetic
2026-07-05T10:00:00,zone_05,sports_field,40.7131,-74.0061,33.9,39.1,2.0,0.42,0.0,5.0,grass,121,1.0,synthetic
2026-07-05T10:00:00,zone_06,library_exterior,40.7127,-74.0057,32.6,40.4,3.3,0.25,20.0,35.0,concrete,34,1.0,synthetic
2026-07-05T10:00:00,zone_07,cafeteria_patio,40.7125,-74.0063,34.1,38.2,1.2,0.13,40.0,50.0,concrete,59,1.0,synthetic
2026-07-05T10:00:00,zone_08,walkway,40.7132,-74.0056,34.0,39.8,2.3,0.7,10.0,15.0,asphalt,24,1.0,synthetic
2026-07-05T10:00:00,zone_09,garden,40.7124,-74.0064,32.3,38.1,2.1,0.28,60.0,70.0,grass,12,1.0,synthetic
2026-07-05T10:00:00,zone_10,gym_exterior,40.7133,-74.0065,33.1,43.5,0.7,0.61,10.0,20.0,concrete,37,1.0,synthetic
2026-07-05T10:00:00,zone_11,admin_building,40.7123,-74.0055,34.0,40.4,1.8,0.49,25.0,30.0,concrete,20,1.0,synthetic
2026-07-05T10:00:00,zone_12,entrance_plaza,40.7134,-74.0066,34.7,39.7,4.2,0.58,5.0,10.0,asphalt,34,1.0,synthetic
2026-07-05T11:00:00,zone_01,playground,40.7128,-74.006,35.5,39.1,0.3,0.15,5.0,10.0,asphalt,75,1.0,synthetic
2026-07-05T11:00:00,zone_02,parking_lot,40.713,-74.0062,37.2,39.6,3.1,0.45,0.0,0.0,asphalt,9,1.0,synthetic
2026-07-05T11:00:00,zone_03,courtyard,40.7126,-74.0058,34.5,36.8,1.3,0.45,15.0,25.0,concrete,41,1.0,synthetic
2026-07-05T11:00:00,zone_04,building_roof,40.7129,-74.0059,36.1,35.3,1.5,0.24,0.0,0.0,concrete,4,1.0,synthetic
2026-07-05T11:00:00,zone_05,sports_field,40.7131,-74.0061,33.2,36.7,4.3,0.56,0.0,5.0,grass,111,1.0,synthetic
2026-07-05T11:00:00,zone_06,library_exterior,40.7127,-74.0057,34.6,36.4,4.2,0.72,20.0,35.0,concrete,24,1.0,synthetic
2026-07-05T11:00:00,zone_07,cafeteria_patio,40.7125,-74.0063,33.1,36.1,1.1,0.21,40.0,50.0,concrete,51,1.0,synthetic
2026-07-05T11:00:00,zone_08,walkway,40.7132,-74.0056,35.2,40.1,1.5,0.69,10.0,15.0,asphalt,17,1.0,synthetic
2026-07-05T11:00:00,zone_09,garden,40.7124,-74.0064,32.5,45.6,2.5,0.5,60.0,70.0,grass,13,1.0,synthetic
2026-07-05T11:00:00,zone_10,gym_exterior,40.7133,-74.0065,33.8,37.4,1.5,0.44,10.0,20.0,concrete,38,1.0,synthetic
2026-07-05T11:00:00,zone_11,admin_building,40.7123,-74.0055,33.5,42.9,1.4,0.1,25.0,30.0,concrete,18,1.0,synthetic
2026-07-05T11:00:00,zone_12,entrance_plaza,40.7134,-74.0066,35.9,36.6,3.8,0.6,5.0,10.0,asphalt,29,1.0,synthetic
2026-07-05T12:00:00,zone_01,playground,40.7128,-74.006,34.5,42.3,2.5,0.52,5.0,10.0,asphalt,57,1.0,synthetic
2026-07-05T12:00:00,zone_02,parking_lot,40.713,-74.0062,35.7,38.3,2.0,0.51,0.0,0.0,asphalt,5,1.0,synthetic
2026-07-05T12:00:00,zone_03,courtyard,40.7126,-74.0058,33.6,34.2,3.4,0.73,15.0,25.0,concrete,29,1.0,synthetic
2026-07-05T12:00:00,zone_04,building_roof,40.7129,-74.0059,36.6,37.6,2.3,0.61,0.0,0.0,concrete,2,1.0,synthetic
2026-07-05T12:00:00,zone_05,sports_field,40.7131,-74.0061,33.3,41.8,1.4,0.73,0.0,5.0,grass,84,1.0,synthetic
2026-07-05T12:00:00,zone_06,library_exterior,40.7127,-74.0057,34.6,41.9,1.7,0.13,20.0,35.0,concrete,21,1.0,synthetic
2026-07-05T12:00:00,zone_07,cafeteria_patio,40.7125,-74.0063,32.9,43.1,1.9,0.52,40.0,50.0,concrete,40,1.0,synthetic
2026-07-05T12:00:00,zone_08,walkway,40.7132,-74.0056,34.3,39.5,1.0,0.73,10.0,15.0,asphalt,17,1.0,synthetic
2026-07-05T12:00:00,zone_09,garden,40.7124,-74.0064,31.7,41.0,2.1,0.61,60.0,70.0,grass,10,1.0,synthetic
2026-07-05T12:00:00,zone_10,gym_exterior,40.7133,-74.0065,33.6,42.8,2.7,0.25,10.0,20.0,concrete,26,1.0,synthetic
2026-07-05T12:00:00,zone_11,admin_building,40.7123,-74.0055,34.2,39.9,1.8,0.65,25.0,30.0,concrete,16,1.0,synthetic
2026-07-05T12:00:00,zone_12,entrance_plaza,40.7134,-74.0066,35.6,43.8,1.2,0.32,5.0,10.0,asphalt,23,1.0,synthetic
2026-07-05T13:00:00,zone_01,playground,40.7128,-74.006,34.2,41.6,1.8,0.74,5.0,10.0,asphalt,70,1.0,synthetic
2026-07-05T13:00:00,zone_02,parking_lot,40.713,-74.0062,36.0,41.7,1.4,0.75,0.0,0.0,asphalt,9,1.0,synthetic
2026-07-05T13:00:00,zone_03,courtyard,40.7126,-74.0058,32.4,46.3,1.2,0.59,15.0,25.0,concrete,41,1.0,synthetic
2026-07-05T13:00:00,zone_04,building_roof,40.7129,-74.0059,37.4,41.0,2.7,0.64,0.0,0.0,concrete,2,1.0,synthetic
2026-07-05T13:00:00,zone_05,sports_field,40.7131,-74.0061,34.0,41.8,3.0,0.45,0.0,5.0,grass,108,1.0,synthetic
2026-07-05T13:00:00,zone_06,library_exterior,40.7127,-74.0057,33.3,44.7,0.6,0.38,20.0,35.0,concrete,27,1.0,synthetic
2026-07-05T13:00:00,zone_07,cafeteria_patio,40.7125,-74.0063,32.4,45.2,3.4,0.35,40.0,50.0,concrete,54,1.0,synthetic
2026-07-05T13:00:00,zone_08,walkway,40.7132,-74.0056,33.2,45.5,2.2,0.17,10.0,15.0,asphalt,22,1.0,synthetic
2026-07-05T13:00:00,zone_09,garden,40.7124,-74.0064,32.2,42.0,2.1,0.79,60.0,70.0,grass,13,1.0,synthetic
2026-07-05T13:00:00,zone_10,gym_exterior,40.7133,-74.0065,33.3,48.8,2.3,0.12,10.0,20.0,concrete,35,1.0,synthetic
2026-07-05T13:00:00,zone_11,admin_building,40.7123,-74.0055,32.9,42.9,2.0,0.66,25.0,30.0,concrete,18,1.0,synthetic
2026-07-05T13:00:00,zone_12,entrance_plaza,40.7134,-74.0066,34.0,40.2,1.9,0.49,5.0,10.0,asphalt,28,1.0,synthetic
2026-07-05T14:00:00,zone_01,playground,40.7128,-74.006,32.9,49.5,0.0,0.41,5.0,10.0,asphalt,80,1.0,synthetic
2026-07-05T14:00:00,zone_02,parking_lot,40.713,-74.0062,34.2,53.0,3.6,0.58,0.0,0.0,asphalt,9,1.0,synthetic
2026-07-05T14:00:00,zone_03,courtyard,40.7126,-74.0058,32.3,49.4,3.4,0.36,15.0,25.0,concrete,48,1.0,synthetic
2026-07-05T14:00:00,zone_04,building_roof,40.7129,-74.0059,34.5,46.9,1.6,0.17,0.0,0.0,concrete,5,1.0,synthetic
2026-07-05T14:00:00,zone_05,sports_field,40.7131,-74.0061,32.6,51.1,1.8,0.51,0.0,5.0,grass,122,1.0,synthetic
2026-07-05T14:00:00,zone_06,library_exterior,40.7127,-74.0057,32.4,48.6,1.7,0.51,20.0,35.0,concrete,28,1.0,synthetic
2026-07-05T14:00:00,zone_07,cafeteria_patio,40.7125,-74.0063,31.6,46.9,2.4,0.24,40.0,50.0,concrete,62,1.0,synthetic
2026-07-05T14:00:00,zone_08,walkway,40.7132,-74.0056,33.9,47.2,2.0,0.31,10.0,15.0,asphalt,28,1.0,synthetic
2026-07-05T14:00:00,zone_09,garden,40.7124,-74.0064,30.2,45.3,1.1,0.22,60.0,70.0,grass,16,1.0,synthetic
2026-07-05T14:00:00,zone_10,gym_exterior,40.7133,-74.0065,31.8,48.1,1.1,0.56,10.0,20.0,concrete,40,1.0,synthetic
2026-07-05T14:00:00,zone_11,admin_building,40.7123,-74.0055,32.0,48.8,2.5,0.78,25.0,30.0,concrete,22,1.0,synthetic
2026-07-05T14:00:00,zone_12,entrance_plaza,40.7134,-74.0066,34.8,44.2,1.8,0.77,5.0,10.0,asphalt,34,1.0,synthetic
2026-07-05T15:00:00,zone_01,playground,40.7128,-74.006,31.6,53.5,2.4,0.55,5.0,10.0,asphalt,63,1.0,synthetic
2026-07-05T15:00:00,zone_02,parking_lot,40.713,-74.0062,34.2,52.1,1.8,0.28,0.0,0.0,asphalt,9,1.0,synthetic
2026-07-05T15:00:00,zone_03,courtyard,40.7126,-74.0058,32.2,52.9,1.4,0.6,15.0,25.0,concrete,37,1.0,synthetic
2026-07-05T15:00:00,zone_04,building_roof,40.7129,-74.0059,33.8,47.5,1.8,0.44,0.0,0.0,concrete,2,1.0,synthetic
2026-07-05T15:00:00,zone_05,sports_field,40.7131,-74.0061,30.3,48.5,2.1,0.41,0.0,5.0,grass,96,1.0,synthetic
2026-07-05T15:00:00,zone_06,library_exterior,40.7127,-74.0057,31.6,51.0,1.9,0.31,20.0,35.0,concrete,26,1.0,synthetic
2026-07-05T15:00:00,zone_07,cafeteria_patio,40.7125,-74.0063,30.1,55.2,2.8,0.13,40.0,50.0,concrete,47,1.0,synthetic
2026-07-05T15:00:00,zone_08,walkway,40.7132,-74.0056,31.8,50.7,2.0,0.36,10.0,15.0,asphalt,21,1.0,synthetic
2026-07-05T15:00:00,zone_09,garden,40.7124,-74.0064,29.9,55.4,0.9,0.36,60.0,70.0,grass,11,1.0,synthetic
2026-07-05T15:00:00,zone_10,gym_exterior,40.7133,-74.0065,32.3,49.0,2.6,0.15,10.0,20.0,concrete,29,1.0,synthetic
2026-07-05T15:00:00,zone_11,admin_building,40.7123,-74.0055,30.9,48.7,1.8,0.56,25.0,30.0,concrete,17,1.0,synthetic
2026-07-05T15:00:00,zone_12,entrance_plaza,40.7134,-74.0066,32.7,51.4,1.8,0.21,5.0,10.0,asphalt,28,1.0,synthetic
2026-07-05T16:00:00,zone_01,playground,40.7128,-74.006,31.6,56.5,2.0,0.37,5.0,10.0,asphalt,40,1.0,synthetic
2026-07-05T16:00:00,zone_02,parking_lot,40.713,-74.0062,34.2,59.4,0.9,0.61,0.0,0.0,asphalt,3,1.0,synthetic
2026-07-05T16:00:00,zone_03,courtyard,40.7126,-74.0058,30.2,59.4,2.7,0.35,15.0,25.0,concrete,18,1.0,synthetic
2026-07-05T16:00:00,zone_04,building_roof,40.7129,-74.0059,33.4,55.5,0.6,0.42,0.0,0.0,concrete,2,1.0,synthetic
2026-07-05T16:00:00,zone_05,sports_field,40.7131,-74.0061,30.0,62.5,2.1,0.59,0.0,5.0,grass,59,1.0,synthetic
2026-07-05T16:00:00,zone_06,library_exterior,40.7127,-74.0057,30.4,62.2,2.5,0.57,20.0,35.0,concrete,14,1.0,synthetic
2026-07-05T16:00:00,zone_07,cafeteria_patio,40.7125,-74.0063,29.6,57.5,3.2,0.25,40.0,50.0,concrete,28,1.0,synthetic
2026-07-05T16:00:00,zone_08,walkway,40.7132,-74.0056,31.2,59.1,0.7,0.7,10.0,15.0,asphalt,15,1.0,synthetic
2026-07-05T16:00:00,zone_09,garden,40.7124,-74.0064,29.4,60.0,0.8,0.53,60.0,70.0,grass,9,1.0,synthetic
2026-07-05T16:00:00,zone_10,gym_exterior,40.7133,-74.0065,30.0,62.4,2.6,0.62,10.0,20.0,concrete,25,1.0,synthetic
2026-07-05T16:00:00,zone_11,admin_building,40.7123,-74.0055,28.5,59.5,1.7,0.33,25.0,30.0,concrete,10,1.0,synthetic
2026-07-05T16:00:00,zone_12,entrance_plaza,40.7134,-74.0066,32.2,53.3,1.8,0.11,5.0,10.0,asphalt,19,1.0,synthetic
2026-07-05T17:00:00,zone_01,playground,40.7128,-74.006,30.0,62.6,2.6,0.53,5.0,10.0,asphalt,24,1.0,synthetic
2026-07-05T17:00:00,zone_02,parking_lot,40.713,-74.0062,31.4,65.2,2.5,0.28,0.0,0.0,asphalt,4,1.0,synthetic
2026-07-05T17:00:00,zone_03,courtyard,40.7126,-74.0058,28.5,67.1,1.5,0.39,15.0,25.0,concrete,11,1.0,synthetic
2026-07-05T17:00:00,zone_04,building_roof,40.7129,-74.0059,30.4,68.6,0.4,0.31,0.0,0.0,concrete,4,1.0,synthetic
2026-07-05T17:00:00,zone_05,sports_field,40.7131,-74.0061,28.7,66.7,2.0,0.19,0.0,5.0,grass,38,1.0,synthetic
2026-07-05T17:00:00,zone_06,library_exterior,40.7127,-74.0057,28.3,67.0,1.3,0.68,20.0,35.0,concrete,9,1.0,synthetic
2026-07-05T17:00:00,zone_07,cafeteria_patio,40.7125,-74.0063,28.2,68.3,2.7,0.66,40.0,50.0,concrete,20,1.0,synthetic
2026-07-05T17:00:00,zone_08,walkway,40.7132,-74.0056,30.2,64.0,2.7,0.44,10.0,15.0,asphalt,7,1.0,synthetic
2026-07-05T17:00:00,zone_09,garden,40.7124,-74.0064,28.2,64.4,2.2,0.23,60.0,70.0,grass,6,1.0,synthetic
2026-07-05T17:00:00,zone_10,gym_exterior,40.7133,-74.0065,29.5,64.9,2.7,0.12,10.0,20.0,concrete,13,1.0,synthetic
2026-07-05T17:00:00,zone_11,admin_building,40.7123,-74.0055,29.7,63.6,2.2,0.24,25.0,30.0,concrete,8,1.0,synthetic
2026-07-05T17:00:00,zone_12,entrance_plaza,40.7134,-74.0066,29.9,62.1,1.3,0.21,5.0,10.0,asphalt,10,1.0,synthetic
2026-07-05T18:00:00,zone_01,playground,40.7128,-74.006,28.6,72.2,1.7,0.46,5.0,10.0,asphalt,5,0.0,synthetic
2026-07-05T18:00:00,zone_02,parking_lot,40.713,-74.0062,30.1,76.1,2.5,0.18,0.0,0.0,asphalt,3,0.0,synthetic
2026-07-05T18:00:00,zone_03,courtyard,40.7126,-74.0058,27.6,67.9,3.5,0.51,15.0,25.0,concrete,3,0.0,synthetic
2026-07-05T18:00:00,zone_04,building_roof,40.7129,-74.0059,30.1,70.3,2.4,0.4,0.0,0.0,concrete,0,0.0,synthetic
2026-07-05T18:00:00,zone_05,sports_field,40.7131,-74.0061,26.6,71.6,2.9,0.28,0.0,5.0,grass,12,0.0,synthetic
2026-07-05T18:00:00,zone_06,library_exterior,40.7127,-74.0057,27.7,71.4,3.0,0.16,20.0,35.0,concrete,0,0.0,synthetic
2026-07-05T18:00:00,zone_07,cafeteria_patio,40.7125,-74.0063,26.6,72.1,2.7,0.51,40.0,50.0,concrete,7,0.0,synthetic
2026-07-05T18:00:00,zone_08,walkway,40.7132,-74.0056,28.8,71.0,2.0,0.75,10.0,15.0,asphalt,3,0.0,synthetic
2026-07-05T18:00:00,zone_09,garden,40.7124,-74.0064,26.8,78.6,0.6,0.1,60.0,70.0,grass,1,0.0,synthetic
2026-07-05T18:00:00,zone_10,gym_exterior,40.7133,-74.0065,27.9,66.6,1.1,0.79,10.0,20.0,concrete,0,0.0,synthetic
2026-07-05T18:00:00,zone_11,admin_building,40.7123,-74.0055,27.0,65.3,2.4,0.63,25.0,30.0,concrete,4,0.0,synthetic
2026-07-05T18:00:00,zone_12,entrance_plaza,40.7134,-74.0066,29.3,68.1,1.2,0.11,5.0,10.0,asphalt,2,0.0,synthetic
2026-07-05T19:00:00,zone_01,playground,40.7128,-74.006,27.3,75.2,1.2,0.24,5.0,10.0,asphalt,0,0.0,synthetic
2026-07-05T19:00:00,zone_02,parking_lot,40.713,-74.0062,28.7,77.9,1.7,0.12,0.0,0.0,asphalt,0,0.0,synthetic
2026-07-05T19:00:00,zone_03,courtyard,40.7126,-74.0058,26.0,82.9,1.1,0.56,15.0,25.0,concrete,0,0.0,synthetic
2026-07-05T19:00:00,zone_04,building_roof,40.7129,-74.0059,28.9,76.5,2.6,0.7,0.0,0.0,concrete,3,0.0,synthetic
2026-07-05T19:00:00,zone_05,sports_field,40.7131,-74.0061,26.1,76.5,1.3,0.59,0.0,5.0,grass,0,0.0,synthetic
2026-07-05T19:00:00,zone_06,library_exterior,40.7127,-74.0057,26.6,77.2,2.4,0.37,20.0,35.0,concrete,0,0.0,synthetic
2026-07-05T19:00:00,zone_07,cafeteria_patio,40.7125,-74.0063,25.7,78.4,2.8,0.8,40.0,50.0,concrete,0,0.0,synthetic
2026-07-05T19:00:00,zone_08,walkway,40.7132,-74.0056,26.8,72.7,0.1,0.11,10.0,15.0,asphalt,0,0.0,synthetic
2026-07-05T19:00:00,zone_09,garden,40.7124,-74.0064,24.6,74.7,0.7,0.71,60.0,70.0,grass,0,0.0,synthetic
2026-07-05T19:00:00,zone_10,gym_exterior,40.7133,-74.0065,26.5,78.2,3.3,0.77,10.0,20.0,concrete,2,0.0,synthetic
2026-07-05T19:00:00,zone_11,admin_building,40.7123,-74.0055,26.6,79.8,2.0,0.26,25.0,30.0,concrete,0,0.0,synthetic
2026-07-05T19:00:00,zone_12,entrance_plaza,40.7134,-74.0066,28.2,76.0,1.9,0.76,5.0,10.0,asphalt,0,0.0,synthetic
2026-07-05T20:00:00,zone_01,playground,40.7128,-74.006,26.5,83.1,1.5,0.4,5.0,10.0,asphalt,0,0.0,synthetic
2026-07-05T20:00:00,zone_02,parking_lot,40.713,-74.0062,27.4,79.8,2.8,0.3,0.0,0.0,asphalt,0,0.0,synthetic
2026-07-05T20:00:00,zone_03,courtyard,40.7126,-74.0058,25.7,79.4,3.0,0.32,15.0,25.0,concrete,2,0.0,synthetic
2026-07-05T20:00:00,zone_04,building_roof,40.7129,-74.0059,28.4,85.1,1.8,0.4,0.0,0.0,concrete,2,0.0,synthetic
2026-07-05T20:00:00,zone_05,sports_field,40.7131,-74.0061,24.8,79.2,1.6,0.41,0.0,5.0,grass,0,0.0,synthetic
2026-07-05T20:00:00,zone_06,library_exterior,40.7127,-74.0057,25.6,85.9,2.7,0.11,20.0,35.0,concrete,0,0.0,synthetic
2026-07-05T20:00:00,zone_07,cafeteria_patio,40.7125,-74.0063,25.5,83.5,0.0,0.2,40.0,50.0,concrete,0,0.0,synthetic
2026-07-05T20:00:00,zone_08,walkway,40.7132,-74.0056,25.9,85.7,2.2,0.57,10.0,15.0,asphalt,1,0.0,synthetic
2026-07-05T20:00:00,zone_09,garden,40.7124,-74.0064,24.2,85.9,2.3,0.66,60.0,70.0,grass,0,0.0,synthetic
2026-07-05T20:00:00,zone_10,gym_exterior,40.7133,-74.0065,25.0,78.0,2.3,0.39,10.0,20.0,concrete,0,0.0,synthetic
2026-07-05T20:00:00,zone_11,admin_building,40.7123,-74.0055,25.9,80.0,2.1,0.64,25.0,30.0,concrete,0,0.0,synthetic
2026-07-05T20:00:00,zone_12,entrance_plaza,40.7134,-74.0066,26.8,83.8,2.3,0.72,5.0,10.0,asphalt,1,0.0,synthetic
2026-07-05T21:00:00,zone_01,playground,40.7128,-74.006,27.1,83.6,0.3,0.38,5.0,10.0,asphalt,0,0.0,synthetic
2026-07-05T21:00:00,zone_02,parking_lot,40.713,-74.0062,26.4,84.3,2.7,0.15,0.0,0.0,asphalt,0,0.0,synthetic
2026-07-05T21:00:00,zone_03,courtyard,40.7126,-74.0058,24.2,88.2,1.5,0.29,15.0,25.0,concrete,0,0.0,synthetic
2026-07-05T21:00:00,zone_04,building_roof,40.7129,-74.0059,27.9,87.5,1.8,0.43,0.0,0.0,concrete,0,0.0,synthetic
2026-07-05T21:00:00,zone_05,sports_field,40.7131,-74.0061,24.3,88.1,4.1,0.69,0.0,5.0,grass,0,0.0,synthetic
2026-07-05T21:00:00,zone_06,library_exterior,40.7127,-74.0057,24.5,86.6,2.2,0.48,20.0,35.0,concrete,0,0.0,synthetic
2026-07-05T21:00:00,zone_07,cafeteria_patio,40.7125,-74.0063,22.9,87.9,4.1,0.39,40.0,50.0,concrete,0,0.0,synthetic
2026-07-05T21:00:00,zone_08,walkway,40.7132,-74.0056,25.5,87.9,1.8,0.39,10.0,15.0,asphalt,0,0.0,synthetic
2026-07-05T21:00:00,zone_09,garden,40.7124,-74.0064,22.6,89.1,2.9,0.39,60.0,70.0,grass,0,0.0,synthetic
2026-07-05T21:00:00,zone_10,gym_exterior,40.7133,-74.0065,24.7,85.5,2.0,0.69,10.0,20.0,concrete,0,0.0,synthetic
2026-07-05T21:00:00,zone_11,admin_building,40.7123,-74.0055,24.3,85.9,2.7,0.3,25.0,30.0,concrete,0,0.0,synthetic
2026-07-05T21:00:00,zone_12,entrance_plaza,40.7134,-74.0066,26.7,90.2,0.4,0.67,5.0,10.0,asphalt,0,0.0,synthetic
2026-07-05T22:00:00,zone_01,playground,40.7128,-74.006,25.1,93.3,3.5,0.68,5.0,10.0,asphalt,3,0.0,synthetic
2026-07-05T22:00:00,zone_02,parking_lot,40.713,-74.0062,25.9,87.5,2.3,0.41,0.0,0.0,asphalt,0,0.0,synthetic
2026-07-05T22:00:00,zone_03,courtyard,40.7126,-74.0058,23.7,88.8,1.1,0.24,15.0,25.0,concrete,1,0.0,synthetic
2026-07-05T22:00:00,zone_04,building_roof,40.7129,-74.0059,26.5,87.8,0.2,0.41,0.0,0.0,concrete,2,0.0,synthetic
2026-07-05T22:00:00,zone_05,sports_field,40.7131,-74.0061,23.0,89.7,0.0,0.12,0.0,5.0,grass,0,0.0,synthetic
2026-07-05T22:00:00,zone_06,library_exterior,40.7127,-74.0057,25.5,88.8,3.8,0.22,20.0,35.0,concrete,1,0.0,synthetic
2026-07-05T22:00:00,zone_07,cafeteria_patio,40.7125,-74.0063,23.8,87.4,0.5,0.14,40.0,50.0,concrete,0,0.0,synthetic
2026-07-05T22:00:00,zone_08,walkway,40.7132,-74.0056,24.2,87.9,2.3,0.2,10.0,15.0,asphalt,3,0.0,synthetic
2026-07-05T22:00:00,zone_09,garden,40.7124,-74.0064,22.9,85.6,2.9,0.32,60.0,70.0,grass,0,0.0,synthetic
2026-07-05T22:00:00,zone_10,gym_exterior,40.7133,-74.0065,24.3,88.8,1.7,0.56,10.0,20.0,concrete,0,0.0,synthetic
2026-07-05T22:00:00,zone_11,admin_building,40.7123,-74.0055,25.0,90.5,2.1,0.43,25.0,30.0,concrete,0,0.0,synthetic
2026-07-05T22:00:00,zone_12,entrance_plaza,40.7134,-74.0066,26.0,89.5,1.5,0.27,5.0,10.0,asphalt,1,0.0,synthetic
2026-07-05T23:00:00,zone_01,playground,40.7128,-74.006,25.0,84.8,2.0,0.15,5.0,10.0,asphalt,3,0.0,synthetic
2026-07-05T23:00:00,zone_02,parking_lot,40.713,-74.0062,26.9,91.9,3.0,0.4,0.0,0.0,asphalt,0,0.0,synthetic
2026-07-05T23:00:00,zone_03,courtyard,40.7126,-74.0058,25.0,90.8,2.0,0.32,15.0,25.0,concrete,2,0.0,synthetic
2026-07-05T23:00:00,zone_04,building_roof,40.7129,-74.0059,26.6,92.1,3.0,0.61,0.0,0.0,concrete,0,0.0,synthetic
2026-07-05T23:00:00,zone_05,sports_field,40.7131,-74.0061,22.8,88.6,0.7,0.22,0.0,5.0,grass,0,0.0,synthetic
2026-07-05T23:00:00,zone_06,library_exterior,40.7127,-74.0057,23.4,92.5,0.0,0.79,20.0,35.0,concrete,0,0.0,synthetic
2026-07-05T23:00:00,zone_07,cafeteria_patio,40.7125,-74.0063,22.9,89.4,2.2,0.52,40.0,50.0,concrete,0,0.0,synthetic
2026-07-05T23:00:00,zone_08,walkway,40.7132,-74.0056,23.7,84.3,2.0,0.45,10.0,15.0,asphalt,0,0.0,synthetic
2026-07-05T23:00:00,zone_09,garden,40.7124,-74.0064,21.9,91.3,1.3,0.77,60.0,70.0,grass,0,0.0,synthetic
2026-07-05T23:00:00,zone_10,gym_exterior,40.7133,-74.0065,24.0,91.6,0.9,0.44,10.0,20.0,concrete,0,0.0,synthetic
2026-07-05T23:00:00,zone_11,admin_building,40.7123,-74.0055,24.1,90.2,2.4,0.65,25.0,30.0,concrete,0,0.0,synthetic
2026-07-05T23:00:00,zone_12,entrance_plaza,40.7134,-74.0066,25.4,87.1,1.5,0.28,5.0,10.0,asphalt,0,0.0,synthetic
2026-07-06T00:00:00,zone_01,playground,40.7128,-74.006,24.1,93.2,1.3,0.2,5.0,10.0,asphalt,2,0.0,synthetic
2026-07-06T00:00:00,zone_02,parking_lot,40.713,-74.0062,26.5,91.6,2.8,0.43,0.0,0.0,asphalt,3,0.0,synthetic
2026-07-06T00:00:00,zone_03,courtyard,40.7126,-74.0058,25.0,89.1,2.3,0.73,15.0,25.0,concrete,0,0.0,synthetic
2026-07-06T00:00:00,zone_04,building_roof,40.7129,-74.0059,26.9,94.3,1.0,0.45,0.0,0.0,concrete,0,0.0,synthetic
2026-07-06T00:00:00,zone_05,sports_field,40.7131,-74.0061,23.6,85.9,1.2,0.44,0.0,5.0,grass,1,0.0,synthetic
2026-07-06T00:00:00,zone_06,library_exterior,40.7127,-74.0057,23.8,92.6,1.7,0.38,20.0,35.0,concrete,0,0.0,synthetic
2026-07-06T00:00:00,zone_07,cafeteria_patio,40.7125,-74.0063,23.3,92.0,3.3,0.51,40.0,50.0,concrete,1,0.0,synthetic
2026-07-06T00:00:00,zone_08,walkway,40.7132,-74.0056,25.2,83.5,1.4,0.79,10.0,15.0,asphalt,0,0.0,synthetic
2026-07-06T00:00:00,zone_09,garden,40.7124,-74.0064,22.5,91.3,0.7,0.37,60.0,70.0,grass,2,0.0,synthetic
2026-07-06T00:00:00,zone_10,gym_exterior,40.7133,-74.0065,24.0,85.4,3.6,0.46,10.0,20.0,concrete,0,0.0,synthetic
2026-07-06T00:00:00,zone_11,admin_building,40.7123,-74.0055,25.1,89.4,3.1,0.27,25.0,30.0,concrete,0,0.0,synthetic
2026-07-06T00:00:00,zone_12,entrance_plaza,40.7134,-74.0066,25.8,89.5,1.2,0.13,5.0,10.0,asphalt,3,0.0,synthetic
2026-07-06T01:00:00,zone_01,playground,40.7128,-74.006,25.6,89.1,0.9,0.25,5.0,10.0,asphalt,0,0.0,synthetic
2026-07-06T01:00:00,zone_02,parking_lot,40.713,-74.0062,27.2,84.6,2.1,0.67,0.0,0.0,asphalt,4,0.0,synthetic
2026-07-06T01:00:00,zone_03,courtyard,40.7126,-74.0058,24.8,89.7,3.6,0.55,15.0,25.0,concrete,0,0.0,synthetic
2026-07-06T01:00:00,zone_04,building_roof,40.7129,-74.0059,28.0,85.9,2.4,0.1,0.0,0.0,concrete,0,0.0,synthetic
2026-07-06T01:00:00,zone_05,sports_field,40.7131,-74.0061,24.0,84.6,0.7,0.51,0.0,5.0,grass,0,0.0,synthetic
2026-07-06T01:00:00,zone_06,library_exterior,40.7127,-74.0057,24.2,86.5,3.0,0.58,20.0,35.0,concrete,0,0.0,synthetic
2026-07-06T01:00:00,zone_07,cafeteria_patio,40.7125,-74.0063,24.4,89.9,1.4,0.29,40.0,50.0,concrete,0,0.0,synthetic
2026-07-06T01:00:00,zone_08,walkway,40.7132,-74.0056,25.0,86.6,1.6,0.51,10.0,15.0,asphalt,0,0.0,synthetic
2026-07-06T01:00:00,zone_09,garden,40.7124,-74.0064,23.5,85.9,2.7,0.52,60.0,70.0,grass,1,0.0,synthetic
2026-07-06T01:00:00,zone_10,gym_exterior,40.7133,-74.0065,25.6,90.7,2.9,0.79,10.0,20.0,concrete,4,0.0,synthetic
2026-07-06T01:00:00,zone_11,admin_building,40.7123,-74.0055,24.7,88.8,1.7,0.16,25.0,30.0,concrete,0,0.0,synthetic
2026-07-06T01:00:00,zone_12,entrance_plaza,40.7134,-74.0066,27.3,78.5,1.8,0.5,5.0,10.0,asphalt,2,0.0,synthetic
2026-07-06T02:00:00,zone_01,playground,40.7128,-74.006,26.2,82.8,3.1,0.21,5.0,10.0,asphalt,0,0.0,synthetic
2026-07-06T02:00:00,zone_02,parking_lot,40.713,-74.0062,28.8,87.6,1.9,0.26,0.0,0.0,asphalt,0,0.0,synthetic
2026-07-06T02:00:00,zone_03,courtyard,40.7126,-74.0058,25.7,79.7,3.6,0.16,15.0,25.0,concrete,2,0.0,synthetic
2026-07-06T02:00:00,zone_04,building_roof,40.7129,-74.0059,28.3,85.3,1.6,0.37,0.0,0.0,concrete,0,0.0,synthetic
2026-07-06T02:00:00,zone_05,sports_field,40.7131,-74.0061,25.3,81.4,2.5,0.29,0.0,5.0,grass,0,0.0,synthetic
2026-07-06T02:00:00,zone_06,library_exterior,40.7127,-74.0057,24.3,85.0,3.1,0.7,20.0,35.0,concrete,0,0.0,synthetic
2026-07-06T02:00:00,zone_07,cafeteria_patio,40.7125,-74.0063,25.3,83.7,2.1,0.42,40.0,50.0,concrete,0,0.0,synthetic
2026-07-06T02:00:00,zone_08,walkway,40.7132,-74.0056,26.0,81.9,3.0,0.62,10.0,15.0,asphalt,3,0.0,synthetic
2026-07-06T02:00:00,zone_09,garden,40.7124,-74.0064,23.6,83.0,2.2,0.29,60.0,70.0,grass,0,0.0,synthetic
2026-07-06T02:00:00,zone_10,gym_exterior,40.7133,-74.0065,25.6,80.3,0.1,0.6,10.0,20.0,concrete,1,0.0,synthetic
2026-07-06T02:00:00,zone_11,admin_building,40.7123,-74.0055,24.4,86.2,2.7,0.55,25.0,30.0,concrete,2,0.0,synthetic
2026-07-06T02:00:00,zone_12,entrance_plaza,40.7134,-74.0066,26.8,82.8,1.1,0.76,5.0,10.0,asphalt,2,0.0,synthetic
2026-07-06T03:00:00,zone_01,playground,40.7128,-74.006,27.7,81.2,1.2,0.34,5.0,10.0,asphalt,0,0.0,synthetic
2026-07-06T03:00:00,zone_02,parking_lot,40.713,-74.0062,28.1,76.9,0.7,0.78,0.0,0.0,asphalt,0,0.0,synthetic
2026-07-06T03:00:00,zone_03,courtyard,40.7126,-74.0058,26.5,80.1,1.5,0.54,15.0,25.0,concrete,3,0.0,synthetic
2026-07-06T03:00:00,zone_04,building_roof,40.7129,-74.0059,28.9,74.4,1.9,0.51,0.0,0.0,concrete,5,0.0,synthetic
2026-07-06T03:00:00,zone_05,sports_field,40.7131,-74.0061,25.6,73.3,1.8,0.17,0.0,5.0,grass,0,0.0,synthetic
2026-07-06T03:00:00,zone_06,library_exterior,40.7127,-74.0057,25.7,80.1,2.0,0.31,20.0,35.0,concrete,2,0.0,synthetic
2026-07-06T03:00:00,zone_07,cafeteria_patio,40.7125,-74.0063,24.6,78.6,1.0,0.8,40.0,50.0,concrete,0,0.0,synthetic
2026-07-06T03:00:00,zone_08,walkway,40.7132,-74.0056,26.1,74.7,1.1,0.68,10.0,15.0,asphalt,2,0.0,synthetic
2026-07-06T03:00:00,zone_09,garden,40.7124,-74.0064,25.9,76.4,1.2,0.2,60.0,70.0,grass,1,0.0,synthetic
2026-07-06T03:00:00,zone_10,gym_exterior,40.7133,-74.0065,26.6,72.5,1.9,0.5,10.0,20.0,concrete,0,0.0,synthetic
2026-07-06T03:00:00,zone_11,admin_building,40.7123,-74.0055,26.1,79.4,2.2,0.13,25.0,30.0,concrete,2,0.0,synthetic
2026-07-06T03:00:00,zone_12,entrance_plaza,40.7134,-74.0066,28.4,72.2,1.3,0.24,5.0,10.0,asphalt,0,0.0,synthetic
2026-07-06T04:00:00,zone_01,playground,40.7128,-74.006,28.4,75.5,0.0,0.28,5.0,10.0,asphalt,0,0.0,synthetic
2026-07-06T04:00:00,zone_02,parking_lot,40.713,-74.0062,30.0,71.5,1.5,0.46,0.0,0.0,asphalt,3,0.0,synthetic
2026-07-06T04:00:00,zone_03,courtyard,40.7126,-74.0058,28.4,69.3,2.7,0.61,15.0,25.0,concrete,1,0.0,synthetic
2026-07-06T04:00:00,zone_04,building_roof,40.7129,-74.0059,30.4,68.2,0.0,0.63,0.0,0.0,concrete,0,0.0,synthetic
2026-07-06T04:00:00,zone_05,sports_field,40.7131,-74.0061,26.8,70.3,2.3,0.26,0.0,5.0,grass,0,0.0,synthetic
2026-07-06T04:00:00,zone_06,library_exterior,40.7127,-74.0057,26.9,77.4,2.0,0.59,20.0,35.0,concrete,0,0.0,synthetic
2026-07-06T04:00:00,zone_07,cafeteria_patio,40.7125,-74.0063,27.5,71.6,1.5,0.76,40.0,50.0,concrete,0,0.0,synthetic
2026-07-06T04:00:00,zone_08,walkway,40.7132,-74.0056,28.8,65.8,1.4,0.6,10.0,15.0,asphalt,2,0.0,synthetic
2026-07-06T04:00:00,zone_09,garden,40.7124,-74.0064,26.0,69.3,2.3,0.26,60.0,70.0,grass,0,0.0,synthetic
2026-07-06T04:00:00,zone_10,gym_exterior,40.7133,-74.0065,28.0,71.8,4.5,0.42,10.0,20.0,concrete,3,0.0,synthetic
2026-07-06T04:00:00,zone_11,admin_building,40.7123,-74.0055,27.2,65.4,2.2,0.76,25.0,30.0,concrete,0,0.0,synthetic
2026-07-06T04:00:00,zone_12,entrance_plaza,40.7134,-74.0066,30.2,70.2,1.8,0.77,5.0,10.0,asphalt,1,0.0,synthetic
2026-07-06T05:00:00,zone_01,playground,40.7128,-74.006,30.9,60.6,2.1,0.27,5.0,10.0,asphalt,0,0.0,synthetic
2026-07-06T05:00:00,zone_02,parking_lot,40.713,-74.0062,31.6,70.0,2.9,0.49,0.0,0.0,asphalt,0,0.0,synthetic
2026-07-06T05:00:00,zone_03,courtyard,40.7126,-74.0058,28.4,68.5,4.4,0.38,15.0,25.0,concrete,0,0.0,synthetic
2026-07-06T05:00:00,zone_04,building_roof,40.7129,-74.0059,32.9,65.3,0.2,0.39,0.0,0.0,concrete,0,0.0,synthetic
2026-07-06T05:00:00,zone_05,sports_field,40.7131,-74.0061,29.1,58.2,1.8,0.19,0.0,5.0,grass,6,0.0,synthetic
2026-07-06T05:00:00,zone_06,library_exterior,40.7127,-74.0057,28.2,65.0,3.6,0.38,20.0,35.0,concrete,2,0.0,synthetic
2026-07-06T05:00:00,zone_07,cafeteria_patio,40.7125,-74.0063,28.4,67.2,1.4,0.77,40.0,50.0,concrete,2,0.0,synthetic
2026-07-06T05:00:00,zone_08,walkway,40.7132,-74.0056,29.7,65.9,1.5,0.3,10.0,15.0,asphalt,0,0.0,synthetic
2026-07-06T05:00:00,zone_09,garden,40.7124,-74.0064,27.8,63.7,1.1,0.26,60.0,70.0,grass,0,0.0,synthetic
2026-07-06T05:00:00,zone_10,gym_exterior,40.7133,-74.0065,29.3,69.1,2.0,0.39,10.0,20.0,concrete,0,0.0,synthetic
2026-07-06T05:00:00,zone_11,admin_building,40.7123,-74.0055,28.8,62.8,3.1,0.61,25.0,30.0,concrete,1,0.0,synthetic
2026-07-06T05:00:00,zone_12,entrance_plaza,40.7134,-74.0066,30.7,66.2,2.2,0.77,5.0,10.0,asphalt,0,0.0,synthetic
2026-07-06T06:00:00,zone_01,playground,40.7128,-74.006,31.7,64.0,1.9,0.52,5.0,10.0,asphalt,9,0.0,synthetic
2026-07-06T06:00:00,zone_02,parking_lot,40.713,-74.0062,33.2,58.4,2.0,0.58,0.0,0.0,asphalt,0,0.0,synthetic
2026-07-06T06:00:00,zone_03,courtyard,40.7126,-74.0058,30.5,62.6,1.9,0.12,15.0,25.0,concrete,3,0.0,synthetic
2026-07-06T06:00:00,zone_04,building_roof,40.7129,-74.0059,33.5,52.5,2.9,0.29,0.0,0.0,concrete,4,0.0,synthetic
2026-07-06T06:00:00,zone_05,sports_field,40.7131,-74.0061,30.2,57.9,3.4,0.43,0.0,5.0,grass,11,0.0,synthetic
2026-07-06T06:00:00,zone_06,library_exterior,40.7127,-74.0057,30.9,57.5,1.9,0.17,20.0,35.0,concrete,3,0.0,synthetic
2026-07-06T06:00:00,zone_07,cafeteria_patio,40.7125,-74.0063,30.6,58.4,3.2,0.59,40.0,50.0,concrete,4,0.0,synthetic
2026-07-06T06:00:00,zone_08,walkway,40.7132,-74.0056,30.8,64.2,2.0,0.42,10.0,15.0,asphalt,3,0.0,synthetic
2026-07-06T06:00:00,zone_09,garden,40.7124,-74.0064,28.5,55.6,2.1,0.27,60.0,70.0,grass,1,0.0,synthetic
2026-07-06T06:00:00,zone_10,gym_exterior,40.7133,-74.0065,31.0,56.3,0.9,0.22,10.0,20.0,concrete,3,0.0,synthetic
2026-07-06T06:00:00,zone_11,admin_building,40.7123,-74.0055,29.7,59.5,2.5,0.58,25.0,30.0,concrete,0,0.0,synthetic
2026-07-06T06:00:00,zone_12,entrance_plaza,40.7134,-74.0066,32.4,60.0,2.0,0.3,5.0,10.0,asphalt,3,0.0,synthetic
2026-07-06T07:00:00,zone_01,playground,40.7128,-74.006,32.3,50.2,2.2,0.56,5.0,10.0,asphalt,21,1.0,synthetic
2026-07-06T07:00:00,zone_02,parking_lot,40.713,-74.0062,34.7,50.1,0.7,0.48,0.0,0.0,asphalt,2,1.0,synthetic
2026-07-06T07:00:00,zone_03,courtyard,40.7126,-74.0058,31.8,52.1,1.5,0.69,15.0,25.0,concrete,13,1.0,synthetic
2026-07-06T07:00:00,zone_04,building_roof,40.7129,-74.0059,34.9,56.9,1.6,0.26,0.0,0.0,concrete,3,1.0,synthetic
2026-07-06T07:00:00,zone_05,sports_field,40.7131,-74.0061,32.5,54.7,4.4,0.76,0.0,5.0,grass,38,1.0,synthetic
2026-07-06T07:00:00,zone_06,library_exterior,40.7127,-74.0057,31.2,51.1,3.2,0.45,20.0,35.0,concrete,9,1.0,synthetic
2026-07-06T07:00:00,zone_07,cafeteria_patio,40.7125,-74.0063,30.5,53.7,2.9,0.22,40.0,50.0,concrete,17,1.0,synthetic
2026-07-06T07:00:00,zone_08,walkway,40.7132,-74.0056,31.4,50.0,3.3,0.36,10.0,15.0,asphalt,6,1.0,synthetic
2026-07-06T07:00:00,zone_09,garden,40.7124,-74.0064,29.5,52.9,1.5,0.55,60.0,70.0,grass,6,1.0,synthetic
2026-07-06T07:00:00,zone_10,gym_exterior,40.7133,-74.0065,31.3,54.5,2.3,0.4,10.0,20.0,concrete,13,1.0,synthetic
2026-07-06T07:00:00,zone_11,admin_building,40.7123,-74.0055,30.7,54.5,3.1,0.59,25.0,30.0,concrete,5,1.0,synthetic
2026-07-06T07:00:00,zone_12,entrance_plaza,40.7134,-74.0066,32.8,57.1,1.2,0.25,5.0,10.0,asphalt,12,1.0,synthetic
2026-07-06T08:00:00,zone_01,playground,40.7128,-74.006,33.6,47.5,1.6,0.57,5.0,10.0,asphalt,61,1.0,synthetic
2026-07-06T08:00:00,zone_02,parking_lot,40.713,-74.0062,35.6,47.8,2.4,0.7,0.0,0.0,asphalt,9,1.0,synthetic
2026-07-06T08:00:00,zone_03,courtyard,40.7126,-74.0058,32.4,44.9,1.8,0.15,15.0,25.0,concrete,36,1.0,synthetic
2026-07-06T08:00:00,zone_04,building_roof,40.7129,-74.0059,35.8,48.7,2.2,0.58,0.0,0.0,concrete,4,1.0,synthetic
2026-07-06T08:00:00,zone_05,sports_field,40.7131,-74.0061,32.7,47.6,0.7,0.3,0.0,5.0,grass,96,1.0,synthetic
2026-07-06T08:00:00,zone_06,library_exterior,40.7127,-74.0057,34.0,48.9,2.6,0.51,20.0,35.0,concrete,25,1.0,synthetic
2026-07-06T08:00:00,zone_07,cafeteria_patio,40.7125,-74.0063,31.5,49.0,1.9,0.59,40.0,50.0,concrete,48,1.0,synthetic
2026-07-06T08:00:00,zone_08,walkway,40.7132,-74.0056,33.5,46.6,2.7,0.36,10.0,15.0,asphalt,17,1.0,synthetic
2026-07-06T08:00:00,zone_09,garden,40.7124,-74.0064,31.6,47.6,1.8,0.42,60.0,70.0,grass,12,1.0,synthetic
2026-07-06T08:00:00,zone_10,gym_exterior,40.7133,-74.0065,33.1,47.5,1.2,0.11,10.0,20.0,concrete,34,1.0,synthetic
2026-07-06T08:00:00,zone_11,admin_building,40.7123,-74.0055,32.1,46.6,1.6,0.58,25.0,30.0,concrete,16,1.0,synthetic
2026-07-06T08:00:00,zone_12,entrance_plaza,40.7134,-74.0066,34.3,42.0,1.1,0.39,5.0,10.0,asphalt,27,1.0,synthetic
2026-07-06T09:00:00,zone_01,playground,40.7128,-74.006,34.4,38.7,2.0,0.21,5.0,10.0,asphalt,78,1.0,synthetic
2026-07-06T09:00:00,zone_02,parking_lot,40.713,-74.0062,36.4,45.7,1.9,0.15,0.0,0.0,asphalt,9,1.0,synthetic
2026-07-06T09:00:00,zone_03,courtyard,40.7126,-74.0058,32.6,45.2,3.8,0.75,15.0,25.0,concrete,50,1.0,synthetic
2026-07-06T09:00:00,zone_04,building_roof,40.7129,-74.0059,37.4,47.3,2.6,0.64,0.0,0.0,concrete,5,1.0,synthetic
2026-07-06T09:00:00,zone_05,sports_field,40.7131,-74.0061,33.2,41.9,3.2,0.68,0.0,5.0,grass,120,1.0,synthetic
2026-07-06T09:00:00,zone_06,library_exterior,40.7127,-74.0057,33.4,40.6,1.0,0.31,20.0,35.0,concrete,28,1.0,synthetic
2026-07-06T09:00:00,zone_07,cafeteria_patio,40.7125,-74.0063,32.2,45.6,1.4,0.43,40.0,50.0,concrete,58,1.0,synthetic
2026-07-06T09:00:00,zone_08,walkway,40.7132,-74.0056,33.3,46.9,1.5,0.54,10.0,15.0,asphalt,22,1.0,synthetic
2026-07-06T09:00:00,zone_09,garden,40.7124,-74.0064,31.7,42.2,1.6,0.37,60.0,70.0,grass,16,1.0,synthetic
2026-07-06T09:00:00,zone_10,gym_exterior,40.7133,-74.0065,33.7,45.9,3.3,0.11,10.0,20.0,concrete,38,1.0,synthetic
2026-07-06T09:00:00,zone_11,admin_building,40.7123,-74.0055,32.9,48.5,0.0,0.43,25.0,30.0,concrete,20,1.0,synthetic
2026-07-06T09:00:00,zone_12,entrance_plaza,40.7134,-74.0066,35.2,44.4,1.6,0.17,5.0,10.0,asphalt,36,1.0,synthetic
2026-07-06T10:00:00,zone_01,playground,40.7128,-74.006,34.7,39.0,3.2,0.73,5.0,10.0,asphalt,80,1.0,synthetic
2026-07-06T10:00:00,zone_02,parking_lot,40.713,-74.0062,36.3,34.0,1.9,0.23,0.0,0.0,asphalt,10,1.0,synthetic
2026-07-06T10:00:00,zone_03,courtyard,40.7126,-74.0058,33.6,47.2,0.0,0.77,15.0,25.0,concrete,45,1.0,synthetic
2026-07-06T10:00:00,zone_04,building_roof,40.7129,-74.0059,36.9,36.4,2.4,0.75,0.0,0.0,concrete,8,1.0,synthetic
2026-07-06T10:00:00,zone_05,sports_field,40.7131,-74.0061,33.0,34.1,2.2,0.3,0.0,5.0,grass,119,1.0,synthetic
2026-07-06T10:00:00,zone_06,library_exterior,40.7127,-74.0057,33.7,37.2,1.2,0.59,20.0,35.0,concrete,30,1.0,synthetic
2026-07-06T10:00:00,zone_07,cafeteria_patio,40.7125,-74.0063,32.5,42.3,3.8,0.47,40.0,50.0,concrete,60,1.0,synthetic
2026-07-06T10:00:00,zone_08,walkway,40.7132,-74.0056,33.5,38.0,2.6,0.57,10.0,15.0,asphalt,25,1.0,synthetic
2026-07-06T10:00:00,zone_09,garden,40.7124,-74.0064,32.3,38.5,3.0,0.39,60.0,70.0,grass,15,1.0,synthetic
2026-07-06T10:00:00,zone_10,gym_exterior,40.7133,-74.0065,35.0,38.2,0.7,0.34,10.0,20.0,concrete,40,1.0,synthetic
2026-07-06T10:00:00,zone_11,admin_building,40.7123,-74.0055,33.2,34.5,1.3,0.2,25.0,30.0,concrete,20,1.0,synthetic
2026-07-06T10:00:00,zone_12,entrance_plaza,40.7134,-74.0066,35.3,39.3,3.4,0.68,5.0,10.0,asphalt,37,1.0,synthetic
2026-07-06T11:00:00,zone_01,playground,40.7128,-74.006,35.0,37.1,2.7,0.68,5.0,10.0,asphalt,75,1.0,synthetic
2026-07-06T11:00:00,zone_02,parking_lot,40.713,-74.0062,36.6,38.6,0.0,0.34,0.0,0.0,asphalt,10,1.0,synthetic
2026-07-06T11:00:00,zone_03,courtyard,40.7126,-74.0058,34.4,40.8,3.3,0.38,15.0,25.0,concrete,40,1.0,synthetic
2026-07-06T11:00:00,zone_04,building_roof,40.7129,-74.0059,36.9,38.4,3.3,0.62,0.0,0.0,concrete,3,1.0,synthetic
2026-07-06T11:00:00,zone_05,sports_field,40.7131,-74.0061,33.7,34.8,1.6,0.35,0.0,5.0,grass,106,1.0,synthetic
2026-07-06T11:00:00,zone_06,library_exterior,40.7127,-74.0057,33.8,44.4,2.4,0.38,20.0,35.0,concrete,26,1.0,synthetic
2026-07-06T11:00:00,zone_07,cafeteria_patio,40.7125,-74.0063,32.9,35.8,0.0,0.27,40.0,50.0,concrete,54,1.0,synthetic
2026-07-06T11:00:00,zone_08,walkway,40.7132,-74.0056,34.4,39.8,1.4,0.13,10.0,15.0,asphalt,23,1.0,synthetic
2026-07-06T11:00:00,zone_09,garden,40.7124,-74.0064,33.1,42.0,2.0,0.24,60.0,70.0,grass,15,1.0,synthetic
2026-07-06T11:00:00,zone_10,gym_exterior,40.7133,-74.0065,34.6,43.2,2.4,0.17,10.0,20.0,concrete,36,1.0,synthetic
2026-07-06T11:00:00,zone_11,admin_building,40.7123,-74.0055,33.8,40.5,1.2,0.41,25.0,30.0,concrete,19,1.0,synthetic
2026-07-06T11:00:00,zone_12,entrance_plaza,40.7134,-74.0066,35.4,38.0,1.3,0.33,5.0,10.0,asphalt,33,1.0,synthetic
2026-07-06T12:00:00,zone_01,playground,40.7128,-74.006,35.3,41.6,1.9,0.21,5.0,10.0,asphalt,55,1.0,synthetic
2026-07-06T12:00:00,zone_02,parking_lot,40.713,-74.0062,36.0,41.8,0.8,0.24,0.0,0.0,asphalt,8,1.0,synthetic
2026-07-06T12:00:00,zone_03,courtyard,40.7126,-74.0058,33.6,40.7,2.2,0.33,15.0,25.0,concrete,24,1.0,synthetic
2026-07-06T12:00:00,zone_04,building_roof,40.7129,-74.0059,36.7,38.0,3.1,0.47,0.0,0.0,concrete,4,1.0,synthetic
2026-07-06T12:00:00,zone_05,sports_field,40.7131,-74.0061,32.7,42.0,1.2,0.27,0.0,5.0,grass,83,1.0,synthetic
2026-07-06T12:00:00,zone_06,library_exterior,40.7127,-74.0057,33.7,36.2,2.6,0.24,20.0,35.0,concrete,21,1.0,synthetic
2026-07-06T12:00:00,zone_07,cafeteria_patio,40.7125,-74.0063,33.7,42.3,0.4,0.28,40.0,50.0,concrete,42,1.0,synthetic
2026-07-06T12:00:00,zone_08,walkway,40.7132,-74.0056,34.7,37.9,1.8,0.59,10.0,15.0,asphalt,19,1.0,synthetic
2026-07-06T12:00:00,zone_09,garden,40.7124,-74.0064,31.8,39.8,3.4,0.76,60.0,70.0,grass,7,1.0,synthetic
2026-07-06T12:00:00,zone_10,gym_exterior,40.7133,-74.0065,34.0,38.5,2.1,0.12,10.0,20.0,concrete,24,1.0,synthetic
2026-07-06T12:00:00,zone_11,admin_building,40.7123,-74.0055,33.9,39.2,0.1,0.3,25.0,30.0,concrete,18,1.0,synthetic
2026-07-06T12:00:00,zone_12,entrance_plaza,40.7134,-74.0066,34.9,36.3,0.0,0.69,5.0,10.0,asphalt,22,1.0,synthetic
2026-07-06T13:00:00,zone_01,playground,40.7128,-74.006,35.1,36.9,2.8,0.47,5.0,10.0,asphalt,71,1.0,synthetic
2026-07-06T13:00:00,zone_02,parking_lot,40.713,-74.0062,36.1,45.2,2.7,0.66,0.0,0.0,asphalt,8,1.0,synthetic
2026-07-06T13:00:00,zone_03,courtyard,40.7126,-74.0058,32.8,41.9,2.0,0.35,15.0,25.0,concrete,40,1.0,synthetic
2026-07-06T13:00:00,zone_04,building_roof,40.7129,-74.0059,35.7,44.1,1.6,0.26,0.0,0.0,concrete,5,1.0,synthetic
2026-07-06T13:00:00,zone_05,sports_field,40.7131,-74.0061,32.7,32.5,1.3,0.22,0.0,5.0,grass,107,1.0,synthetic
2026-07-06T13:00:00,zone_06,library_exterior,40.7127,-74.0057,33.6,45.6,3.8,0.62,20.0,35.0,concrete,27,1.0,synthetic
2026-07-06T13:00:00,zone_07,cafeteria_patio,40.7125,-74.0063,32.4,45.0,1.8,0.2,40.0,50.0,concrete,54,1.0,synthetic
2026-07-06T13:00:00,zone_08,walkway,40.7132,-74.0056,33.7,48.3,2.7,0.52,10.0,15.0,asphalt,23,1.0,synthetic
2026-07-06T13:00:00,zone_09,garden,40.7124,-74.0064,32.3,39.1,2.4,0.29,60.0,70.0,grass,14,1.0,synthetic
2026-07-06T13:00:00,zone_10,gym_exterior,40.7133,-74.0065,34.0,45.3,1.8,0.17,10.0,20.0,concrete,37,1.0,synthetic
2026-07-06T13:00:00,zone_11,admin_building,40.7123,-74.0055,33.7,43.2,1.3,0.27,25.0,30.0,concrete,17,1.0,synthetic
2026-07-06T13:00:00,zone_12,entrance_plaza,40.7134,-74.0066,35.2,43.8,2.6,0.63,5.0,10.0,asphalt,29,1.0,synthetic
2026-07-06T14:00:00,zone_01,playground,40.7128,-74.006,33.2,50.9,1.7,0.66,5.0,10.0,asphalt,78,1.0,synthetic
2026-07-06T14:00:00,zone_02,parking_lot,40.713,-74.0062,36.1,41.1,0.5,0.37,0.0,0.0,asphalt,12,1.0,synthetic
2026-07-06T14:00:00,zone_03,courtyard,40.7126,-74.0058,32.7,47.8,3.5,0.16,15.0,25.0,concrete,45,1.0,synthetic
2026-07-06T14:00:00,zone_04,building_roof,40.7129,-74.0059,35.5,42.9,1.7,0.29,0.0,0.0,concrete,5,1.0,synthetic
2026-07-06T14:00:00,zone_05,sports_field,40.7131,-74.0061,33.4,48.9,2.2,0.39,0.0,5.0,grass,121,1.0,synthetic
2026-07-06T14:00:00,zone_06,library_exterior,40.7127,-74.0057,32.2,46.5,2.6,0.65,20.0,35.0,concrete,33,1.0,synthetic
2026-07-06T14:00:00,zone_07,cafeteria_patio,40.7125,-74.0063,32.2,51.5,2.0,0.18,40.0,50.0,concrete,60,1.0,synthetic
2026-07-06T14:00:00,zone_08,walkway,40.7132,-74.0056,32.8,49.4,2.8,0.42,10.0,15.0,asphalt,28,1.0,synthetic
2026-07-06T14:00:00,zone_09,garden,40.7124,-74.0064,30.3,43.4,3.3,0.57,60.0,70.0,grass,16,1.0,synthetic
2026-07-06T14:00:00,zone_10,gym_exterior,40.7133,-74.0065,32.7,43.1,1.9,0.48,10.0,20.0,concrete,42,1.0,synthetic
2026-07-06T14:00:00,zone_11,admin_building,40.7123,-74.0055,32.5,50.8,2.9,0.21,25.0,30.0,concrete,20,1.0,synthetic
2026-07-06T14:00:00,zone_12,entrance_plaza,40.7134,-74.0066,34.4,44.6,2.3,0.79,5.0,10.0,asphalt,35,1.0,synthetic
2026-07-06T15:00:00,zone_01,playground,40.7128,-74.006,33.0,49.4,1.8,0.69,5.0,10.0,asphalt,63,1.0,synthetic
2026-07-06T15:00:00,zone_02,parking_lot,40.713,-74.0062,34.6,47.2,4.2,0.78,0.0,0.0,asphalt,8,1.0,synthetic
2026-07-06T15:00:00,zone_03,courtyard,40.7126,-74.0058,31.6,50.6,1.9,0.15,15.0,25.0,concrete,38,1.0,synthetic
2026-07-06T15:00:00,zone_04,building_roof,40.7129,-74.0059,33.5,54.6,2.2,0.47,0.0,0.0,concrete,4,1.0,synthetic
2026-07-06T15:00:00,zone_05,sports_field,40.7131,-74.0061,30.3,51.5,2.1,0.28,0.0,5.0,grass,93,1.0,synthetic
2026-07-06T15:00:00,zone_06,library_exterior,40.7127,-74.0057,31.5,48.5,3.4,0.49,20.0,35.0,concrete,23,1.0,synthetic
2026-07-06T15:00:00,zone_07,cafeteria_patio,40.7125,-74.0063,31.6,46.7,2.6,0.14,40.0,50.0,concrete,48,1.0,synthetic
2026-07-06T15:00:00,zone_08,walkway,40.7132,-74.0056,32.4,53.5,1.5,0.31,10.0,15.0,asphalt,21,1.0,synthetic
2026-07-06T15:00:00,zone_09,garden,40.7124,-74.0064,29.8,53.2,2.6,0.61,60.0,70.0,grass,13,1.0,synthetic
2026-07-06T15:00:00,zone_10,gym_exterior,40.7133,-74.0065,31.8,50.9,2.9,0.13,10.0,20.0,concrete,33,1.0,synthetic
2026-07-06T15:00:00,zone_11,admin_building,40.7123,-74.0055,31.1,51.8,2.2,0.74,25.0,30.0,concrete,14,1.0,synthetic
2026-07-06T15:00:00,zone_12,entrance_plaza,40.7134,-74.0066,33.5,51.5,1.0,0.76,5.0,10.0,asphalt,32,1.0,synthetic
2026-07-06T16:00:00,zone_01,playground,40.7128,-74.006,31.2,57.4,1.9,0.29,5.0,10.0,asphalt,40,1.0,synthetic
2026-07-06T16:00:00,zone_02,parking_lot,40.713,-74.0062,32.9,61.5,2.6,0.16,0.0,0.0,asphalt,9,1.0,synthetic
2026-07-06T16:00:00,zone_03,courtyard,40.7126,-74.0058,30.0,57.5,4.0,0.71,15.0,25.0,concrete,22,1.0,synthetic
2026-07-06T16:00:00,zone_04,building_roof,40.7129,-74.0059,32.7,61.4,1.2,0.29,0.0,0.0,concrete,0,1.0,synthetic
2026-07-06T16:00:00,zone_05,sports_field,40.7131,-74.0061,28.4,60.2,4.1,0.37,0.0,5.0,grass,60,1.0,synthetic
2026-07-06T16:00:00,zone_06,library_exterior,40.7127,-74.0057,29.8,57.0,3.3,0.63,20.0,35.0,concrete,14,1.0,synthetic
2026-07-06T16:00:00,zone_07,cafeteria_patio,40.7125,-74.0063,29.0,60.7,3.5,0.44,40.0,50.0,concrete,33,1.0,synthetic
2026-07-06T16:00:00,zone_08,walkway,40.7132,-74.0056,30.5,67.5,3.7,0.18,10.0,15.0,asphalt,13,1.0,synthetic
2026-07-06T16:00:00,zone_09,garden,40.7124,-74.0064,28.5,59.7,0.7,0.44,60.0,70.0,grass,7,1.0,synthetic
2026-07-06T16:00:00,zone_10,gym_exterior,40.7133,-74.0065,29.8,62.4,0.4,0.74,10.0,20.0,concrete,21,1.0,synthetic
2026-07-06T16:00:00,zone_11,admin_building,40.7123,-74.0055,30.0,61.7,0.8,0.12,25.0,30.0,concrete,8,1.0,synthetic
2026-07-06T16:00:00,zone_12,entrance_plaza,40.7134,-74.0066,31.7,62.5,1.7,0.67,5.0,10.0,asphalt,13,1.0,synthetic
2026-07-06T17:00:00,zone_01,playground,40.7128,-74.006,29.3,63.5,0.5,0.22,5.0,10.0,asphalt,22,1.0,synthetic
2026-07-06T17:00:00,zone_02,parking_lot,40.713,-74.0062,31.2,72.2,3.3,0.63,0.0,0.0,asphalt,4,1.0,synthetic
2026-07-06T17:00:00,zone_03,courtyard,40.7126,-74.0058,29.2,66.7,1.8,0.45,15.0,25.0,concrete,14,1.0,synthetic
2026-07-06T17:00:00,zone_04,building_roof,40.7129,-74.0059,31.8,64.3,1.3,0.12,0.0,0.0,concrete,0,1.0,synthetic
2026-07-06T17:00:00,zone_05,sports_field,40.7131,-74.0061,28.2,66.4,3.3,0.1,0.0,5.0,grass,38,1.0,synthetic
2026-07-06T17:00:00,zone_06,library_exterior,40.7127,-74.0057,28.9,67.2,2.8,0.3,20.0,35.0,concrete,9,1.0,synthetic
2026-07-06T17:00:00,zone_07,cafeteria_patio,40.7125,-74.0063,27.8,65.4,2.3,0.63,40.0,50.0,concrete,16,1.0,synthetic
2026-07-06T17:00:00,zone_08,walkway,40.7132,-74.0056,28.8,66.8,2.9,0.39,10.0,15.0,asphalt,7,1.0,synthetic
2026-07-06T17:00:00,zone_09,garden,40.7124,-74.0064,26.4,72.3,3.5,0.47,60.0,70.0,grass,4,1.0,synthetic
2026-07-06T17:00:00,zone_10,gym_exterior,40.7133,-74.0065,28.6,62.4,2.1,0.26,10.0,20.0,concrete,12,1.0,synthetic
2026-07-06T17:00:00,zone_11,admin_building,40.7123,-74.0055,28.8,62.2,3.1,0.45,25.0,30.0,concrete,7,1.0,synthetic
2026-07-06T17:00:00,zone_12,entrance_plaza,40.7134,-74.0066,30.8,68.5,1.1,0.41,5.0,10.0,asphalt,9,1.0,synthetic
2026-07-06T18:00:00,zone_01,playground,40.7128,-74.006,29.4,77.8,2.0,0.12,5.0,10.0,asphalt,12,0.0,synthetic
2026-07-06T18:00:00,zone_02,parking_lot,40.713,-74.0062,31.0,73.8,3.5,0.26,0.0,0.0,asphalt,1,0.0,synthetic
2026-07-06T18:00:00,zone_03,courtyard,40.7126,-74.0058,27.4,70.1,3.0,0.68,15.0,25.0,concrete,4,0.0,synthetic
2026-07-06T18:00:00,zone_04,building_roof,40.7129,-74.0059,31.4,66.2,1.1,0.22,0.0,0.0,concrete,1,0.0,synthetic
2026-07-06T18:00:00,zone_05,sports_field,40.7131,-74.0061,27.2,72.4,1.0,0.28,0.0,5.0,grass,13,0.0,synthetic
2026-07-06T18:00:00,zone_06,library_exterior,40.7127,-74.0057,26.5,71.9,1.5,0.13,20.0,35.0,concrete,2,0.0,synthetic
2026-07-06T18:00:00,zone_07,cafeteria_patio,40.7125,-74.0063,27.0,77.1,2.2,0.17,40.0,50.0,concrete,5,0.0,synthetic
2026-07-06T18:00:00,zone_08,walkway,40.7132,-74.0056,28.4,70.6,1.6,0.67,10.0,15.0,asphalt,2,0.0,synthetic
2026-07-06T18:00:00,zone_09,garden,40.7124,-74.0064,26.8,71.4,3.6,0.8,60.0,70.0,grass,2,0.0,synthetic
2026-07-06T18:00:00,zone_10,gym_exterior,40.7133,-74.0065,28.2,67.5,1.4,0.11,10.0,20.0,concrete,4,0.0,synthetic
2026-07-06T18:00:00,zone_11,admin_building,40.7123,-74.0055,27.5,69.0,3.7,0.12,25.0,30.0,concrete,6,0.0,synthetic
2026-07-06T18:00:00,zone_12,entrance_plaza,40.7134,-74.0066,29.6,71.3,3.6,0.65,5.0,10.0,asphalt,1,0.0,synthetic
2026-07-06T19:00:00,zone_01,playground,40.7128,-74.006,27.6,82.0,1.7,0.72,5.0,10.0,asphalt,2,0.0,synthetic
2026-07-06T19:00:00,zone_02,parking_lot,40.713,-74.0062,28.6,74.7,0.6,0.26,0.0,0.0,asphalt,0,0.0,synthetic
2026-07-06T19:00:00,zone_03,courtyard,40.7126,-74.0058,27.6,80.4,0.0,0.74,15.0,25.0,concrete,0,0.0,synthetic
2026-07-06T19:00:00,zone_04,building_roof,40.7129,-74.0059,29.4,74.5,2.0,0.42,0.0,0.0,concrete,0,0.0,synthetic
2026-07-06T19:00:00,zone_05,sports_field,40.7131,-74.0061,25.4,77.7,0.4,0.23,0.0,5.0,grass,0,0.0,synthetic
2026-07-06T19:00:00,zone_06,library_exterior,40.7127,-74.0057,27.3,74.2,2.9,0.43,20.0,35.0,concrete,2,0.0,synthetic
2026-07-06T19:00:00,zone_07,cafeteria_patio,40.7125,-74.0063,25.0,73.3,1.9,0.69,40.0,50.0,concrete,4,0.0,synthetic
2026-07-06T19:00:00,zone_08,walkway,40.7132,-74.0056,27.0,77.7,2.3,0.31,10.0,15.0,asphalt,0,0.0,synthetic
2026-07-06T19:00:00,zone_09,garden,40.7124,-74.0064,25.5,79.9,1.4,0.46,60.0,70.0,grass,0,0.0,synthetic
2026-07-06T19:00:00,zone_10,gym_exterior,40.7133,-74.0065,26.4,74.8,1.1,0.24,10.0,20.0,concrete,0,0.0,synthetic
2026-07-06T19:00:00,zone_11,admin_building,40.7123,-74.0055,25.8,78.9,2.1,0.78,25.0,30.0,concrete,0,0.0,synthetic
2026-07-06T19:00:00,zone_12,entrance_plaza,40.7134,-74.0066,27.6,76.5,2.9,0.65,5.0,10.0,asphalt,0,0.0,synthetic
2026-07-06T20:00:00,zone_01,playground,40.7128,-74.006,25.7,85.7,1.1,0.58,5.0,10.0,asphalt,0,0.0,synthetic
2026-07-06T20:00:00,zone_02,parking_lot,40.713,-74.0062,28.9,83.9,1.4,0.28,0.0,0.0,asphalt,1,0.0,synthetic
2026-07-06T20:00:00,zone_03,courtyard,40.7126,-74.0058,24.4,83.1,1.9,0.66,15.0,25.0,concrete,2,0.0,synthetic
2026-07-06T20:00:00,zone_04,building_roof,40.7129,-74.0059,29.2,84.0,3.0,0.29,0.0,0.0,concrete,0,0.0,synthetic
2026-07-06T20:00:00,zone_05,sports_field,40.7131,-74.0061,24.2,83.4,0.0,0.29,0.0,5.0,grass,0,0.0,synthetic
2026-07-06T20:00:00,zone_06,library_exterior,40.7127,-74.0057,25.6,82.2,2.0,0.45,20.0,35.0,concrete,0,0.0,synthetic
2026-07-06T20:00:00,zone_07,cafeteria_patio,40.7125,-74.0063,25.3,86.2,2.4,0.68,40.0,50.0,concrete,0,0.0,synthetic
2026-07-06T20:00:00,zone_08,walkway,40.7132,-74.0056,25.9,80.9,0.4,0.42,10.0,15.0,asphalt,0,0.0,synthetic
2026-07-06T20:00:00,zone_09,garden,40.7124,-74.0064,23.4,76.7,2.0,0.54,60.0,70.0,grass,1,0.0,synthetic
2026-07-06T20:00:00,zone_10,gym_exterior,40.7133,-74.0065,25.4,85.9,0.1,0.36,10.0,20.0,concrete,0,0.0,synthetic
2026-07-06T20:00:00,zone_11,admin_building,40.7123,-74.0055,24.6,82.2,1.0,0.47,25.0,30.0,concrete,0,0.0,synthetic
2026-07-06T20:00:00,zone_12,entrance_plaza,40.7134,-74.0066,26.9,88.8,1.6,0.69,5.0,10.0,asphalt,0,0.0,synthetic
2026-07-06T21:00:00,zone_01,playground,40.7128,-74.006,26.1,83.8,1.8,0.74,5.0,10.0,asphalt,0,0.0,synthetic
2026-07-06T21:00:00,zone_02,parking_lot,40.713,-74.0062,27.2,86.0,0.2,0.26,0.0,0.0,asphalt,5,0.0,synthetic
2026-07-06T21:00:00,zone_03,courtyard,40.7126,-74.0058,24.2,88.5,0.4,0.77,15.0,25.0,concrete,0,0.0,synthetic
2026-07-06T21:00:00,zone_04,building_roof,40.7129,-74.0059,27.4,82.2,1.9,0.71,0.0,0.0,concrete,0,0.0,synthetic
2026-07-06T21:00:00,zone_05,sports_field,40.7131,-74.0061,24.5,91.6,2.3,0.22,0.0,5.0,grass,0,0.0,synthetic
2026-07-06T21:00:00,zone_06,library_exterior,40.7127,-74.0057,24.1,89.0,0.2,0.7,20.0,35.0,concrete,0,0.0,synthetic
2026-07-06T21:00:00,zone_07,cafeteria_patio,40.7125,-74.0063,24.1,83.5,2.4,0.73,40.0,50.0,concrete,0,0.0,synthetic
2026-07-06T21:00:00,zone_08,walkway,40.7132,-74.0056,24.9,78.3,2.0,0.44,10.0,15.0,asphalt,1,0.0,synthetic
2026-07-06T21:00:00,zone_09,garden,40.7124,-74.0064,24.0,88.8,1.2,0.65,60.0,70.0,grass,0,0.0,synthetic
2026-07-06T21:00:00,zone_10,gym_exterior,40.7133,-74.0065,24.5,85.9,2.9,0.72,10.0,20.0,concrete,0,0.0,synthetic
2026-07-06T21:00:00,zone_11,admin_building,40.7123,-74.0055,24.0,90.0,3.6,0.36,25.0,30.0,concrete,3,0.0,synthetic
2026-07-06T21:00:00,zone_12,entrance_plaza,40.7134,-74.0066,26.2,89.4,2.1,0.45,5.0,10.0,asphalt,0,0.0,synthetic
2026-07-06T22:00:00,zone_01,playground,40.7128,-74.006,25.2,85.2,2.6,0.65,5.0,10.0,asphalt,1,0.0,synthetic
2026-07-06T22:00:00,zone_02,parking_lot,40.713,-74.0062,26.2,91.7,1.7,0.78,0.0,0.0,asphalt,0,0.0,synthetic
2026-07-06T22:00:00,zone_03,courtyard,40.7126,-74.0058,24.2,92.1,2.6,0.14,15.0,25.0,concrete,4,0.0,synthetic
2026-07-06T22:00:00,zone_04,building_roof,40.7129,-74.0059,27.2,94.2,2.0,0.44,0.0,0.0,concrete,4,0.0,synthetic
2026-07-06T22:00:00,zone_05,sports_field,40.7131,-74.0061,23.4,86.7,1.6,0.78,0.0,5.0,grass,0,0.0,synthetic
2026-07-06T22:00:00,zone_06,library_exterior,40.7127,-74.0057,23.7,87.0,3.7,0.21,20.0,35.0,concrete,2,0.0,synthetic
2026-07-06T22:00:00,zone_07,cafeteria_patio,40.7125,-74.0063,23.8,91.1,1.2,0.76,40.0,50.0,concrete,0,0.0,synthetic
2026-07-06T22:00:00,zone_08,walkway,40.7132,-74.0056,24.9,91.8,1.8,0.49,10.0,15.0,asphalt,0,0.0,synthetic
2026-07-06T22:00:00,zone_09,garden,40.7124,-74.0064,22.6,85.2,0.3,0.65,60.0,70.0,grass,1,0.0,synthetic
2026-07-06T22:00:00,zone_10,gym_exterior,40.7133,-74.0065,24.1,91.9,1.7,0.16,10.0,20.0,concrete,0,0.0,synthetic
2026-07-06T22:00:00,zone_11,admin_building,40.7123,-74.0055,23.6,95.7,1.8,0.3,25.0,30.0,concrete,1,0.0,synthetic
2026-07-06T22:00:00,zone_12,entrance_plaza,40.7134,-74.0066,24.1,89.3,3.3,0.63,5.0,10.0,asphalt,0,0.0,synthetic
2026-07-06T23:00:00,zone_01,playground,40.7128,-74.006,25.5,87.0,3.6,0.43,5.0,10.0,asphalt,0,0.0,synthetic
2026-07-06T23:00:00,zone_02,parking_lot,40.713,-74.0062,25.7,89.2,1.8,0.47,0.0,0.0,asphalt,0,0.0,synthetic
2026-07-06T23:00:00,zone_03,courtyard,40.7126,-74.0058,25.7,92.0,1.6,0.4,15.0,25.0,concrete,0,0.0,synthetic
2026-07-06T23:00:00,zone_04,building_roof,40.7129,-74.0059,27.6,88.4,4.6,0.7,0.0,0.0,concrete,1,0.0,synthetic
2026-07-06T23:00:00,zone_05,sports_field,40.7131,-74.0061,23.3,90.8,1.5,0.31,0.0,5.0,grass,3,0.0,synthetic
2026-07-06T23:00:00,zone_06,library_exterior,40.7127,-74.0057,23.8,88.1,0.7,0.59,20.0,35.0,concrete,0,0.0,synthetic
2026-07-06T23:00:00,zone_07,cafeteria_patio,40.7125,-74.0063,22.9,92.4,0.5,0.27,40.0,50.0,concrete,2,0.0,synthetic
2026-07-06T23:00:00,zone_08,walkway,40.7132,-74.0056,24.7,87.0,2.1,0.51,10.0,15.0,asphalt,0,0.0,synthetic
2026-07-06T23:00:00,zone_09,garden,40.7124,-74.0064,22.1,93.4,1.7,0.42,60.0,70.0,grass,2,0.0,synthetic
2026-07-06T23:00:00,zone_10,gym_exterior,40.7133,-74.0065,25.1,90.3,1.4,0.49,10.0,20.0,concrete,0,0.0,synthetic
2026-07-06T23:00:00,zone_11,admin_building,40.7123,-74.0055,23.3,84.3,1.9,0.53,25.0,30.0,concrete,4,0.0,synthetic
2026-07-06T23:00:00,zone_12,entrance_plaza,40.7134,-74.0066,26.3,90.9,2.3,0.58,5.0,10.0,asphalt,3,0.0,synthetic
2026-07-07T00:00:00,zone_01,playground,40.7128,-74.006,25.1,92.2,3.5,0.51,5.0,10.0,asphalt,0,0.0,synthetic
2026-07-07T00:00:00,zone_02,parking_lot,40.713,-74.0062,26.7,87.4,0.2,0.16,0.0,0.0,asphalt,0,0.0,synthetic
2026-07-07T00:00:00,zone_03,courtyard,40.7126,-74.0058,23.7,97.2,2.2,0.62,15.0,25.0,concrete,0,0.0,synthetic
2026-07-07T00:00:00,zone_04,building_roof,40.7129,-74.0059,27.3,89.7,2.6,0.71,0.0,0.0,concrete,0,0.0,synthetic
2026-07-07T00:00:00,zone_05,sports_field,40.7131,-74.0061,23.3,87.7,0.0,0.5,0.0,5.0,grass,0,0.0,synthetic
2026-07-07T00:00:00,zone_06,library_exterior,40.7127,-74.0057,24.7,90.7,1.0,0.7,20.0,35.0,concrete,0,0.0,synthetic
2026-07-07T00:00:00,zone_07,cafeteria_patio,40.7125,-74.0063,23.4,88.4,2.1,0.7,40.0,50.0,concrete,0,0.0,synthetic
2026-07-07T00:00:00,zone_08,walkway,40.7132,-74.0056,25.0,88.8,3.8,0.69,10.0,15.0,asphalt,2,0.0,synthetic
2026-07-07T00:00:00,zone_09,garden,40.7124,-74.0064,22.2,85.1,2.1,0.39,60.0,70.0,grass,0,0.0,synthetic
2026-07-07T00:00:00,zone_10,gym_exterior,40.7133,-74.0065,24.4,89.9,3.4,0.33,10.0,20.0,concrete,5,0.0,synthetic
2026-07-07T00:00:00,zone_11,admin_building,40.7123,-74.0055,23.6,90.1,2.6,0.39,25.0,30.0,concrete,2,0.0,synthetic
2026-07-07T00:00:00,zone_12,entrance_plaza,40.7134,-74.0066,26.0,87.9,2.4,0.53,5.0,10.0,asphalt,3,0.0,synthetic
2026-07-07T01:00:00,zone_01,playground,40.7128,-74.006,25.6,84.0,1.4,0.56,5.0,10.0,asphalt,0,0.0,synthetic
2026-07-07T01:00:00,zone_02,parking_lot,40.713,-74.0062,27.1,89.1,2.6,0.71,0.0,0.0,asphalt,0,0.0,synthetic
2026-07-07T01:00:00,zone_03,courtyard,40.7126,-74.0058,25.0,87.8,3.6,0.2,15.0,25.0,concrete,0,0.0,synthetic
2026-07-07T01:00:00,zone_04,building_roof,40.7129,-74.0059,27.1,81.8,2.8,0.71,0.0,0.0,concrete,0,0.0,synthetic
2026-07-07T01:00:00,zone_05,sports_field,40.7131,-74.0061,24.1,86.0,0.6,0.53,0.0,5.0,grass,0,0.0,synthetic
2026-07-07T01:00:00,zone_06,library_exterior,40.7127,-74.0057,25.0,88.0,0.5,0.47,20.0,35.0,concrete,0,0.0,synthetic
2026-07-07T01:00:00,zone_07,cafeteria_patio,40.7125,-74.0063,24.8,87.8,1.4,0.35,40.0,50.0,concrete,0,0.0,synthetic
2026-07-07T01:00:00,zone_08,walkway,40.7132,-74.0056,25.1,88.3,2.8,0.29,10.0,15.0,asphalt,1,0.0,synthetic
2026-07-07T01:00:00,zone_09,garden,40.7124,-74.0064,23.6,87.2,2.7,0.25,60.0,70.0,grass,0,0.0,synthetic
2026-07-07T01:00:00,zone_10,gym_exterior,40.7133,-74.0065,25.1,87.2,2.3,0.5,10.0,20.0,concrete,0,0.0,synthetic
2026-07-07T01:00:00,zone_11,admin_building,40.7123,-74.0055,24.6,86.1,3.4,0.41,25.0,30.0,concrete,0,0.0,synthetic
2026-07-07T01:00:00,zone_12,entrance_plaza,40.7134,-74.0066,25.6,94.3,4.1,0.2,5.0,10.0,asphalt,0,0.0,synthetic
2026-07-07T02:00:00,zone_01,playground,40.7128,-74.006,26.2,83.6,1.9,0.24,5.0,10.0,asphalt,0,0.0,synthetic
2026-07-07T02:00:00,zone_02,parking_lot,40.713,-74.0062,28.2,83.7,0.8,0.3,0.0,0.0,asphalt,0,0.0,synthetic
2026-07-07T02:00:00,zone_03,courtyard,40.7126,-74.0058,25.8,82.6,2.8,0.41,15.0,25.0,concrete,0,0.0,synthetic
2026-07-07T02:00:00,zone_04,building_roof,40.7129,-74.0059,28.3,77.2,2.8,0.15,0.0,0.0,concrete,0,0.0,synthetic
2026-07-07T02:00:00,zone_05,sports_field,40.7131,-74.0061,25.0,83.3,2.0,0.61,0.0,5.0,grass,1,0.0,synthetic
2026-07-07T02:00:00,zone_06,library_exterior,40.7127,-74.0057,24.7,81.3,0.8,0.79,20.0,35.0,concrete,0,0.0,synthetic
2026-07-07T02:00:00,zone_07,cafeteria_patio,40.7125,-74.0063,24.9,80.1,2.7,0.56,40.0,50.0,concrete,4,0.0,synthetic
2026-07-07T02:00:00,zone_08,walkway,40.7132,-74.0056,26.0,79.7,2.3,0.63,10.0,15.0,asphalt,0,0.0,synthetic
2026-07-07T02:00:00,zone_09,garden,40.7124,-74.0064,23.5,80.8,0.9,0.46,60.0,70.0,grass,1,0.0,synthetic
2026-07-07T02:00:00,zone_10,gym_exterior,40.7133,-74.0065,25.8,84.7,0.4,0.42,10.0,20.0,concrete,0,0.0,synthetic
2026-07-07T02:00:00,zone_11,admin_building,40.7123,-74.0055,25.3,79.4,3.0,0.63,25.0,30.0,concrete,0,0.0,synthetic
2026-07-07T02:00:00,zone_12,entrance_plaza,40.7134,-74.0066,26.2,86.6,2.6,0.44,5.0,10.0,asphalt,0,0.0,synthetic
2026-07-07T03:00:00,zone_01,playground,40.7128,-74.006,27.2,75.7,2.5,0.26,5.0,10.0,asphalt,0,0.0,synthetic
2026-07-07T03:00:00,zone_02,parking_lot,40.713,-74.0062,27.7,81.8,3.0,0.71,0.0,0.0,asphalt,0,0.0,synthetic
2026-07-07T03:00:00,zone_03,courtyard,40.7126,-74.0058,26.3,77.4,3.9,0.49,15.0,25.0,concrete,0,0.0,synthetic
2026-07-07T03:00:00,zone_04,building_roof,40.7129,-74.0059,29.0,78.8,0.9,0.63,0.0,0.0,concrete,1,0.0,synthetic
2026-07-07T03:00:00,zone_05,sports_field,40.7131,-74.0061,26.6,74.6,1.9,0.59,0.0,5.0,grass,0,0.0,synthetic
2026-07-07T03:00:00,zone_06,library_exterior,40.7127,-74.0057,26.6,75.6,3.2,0.35,20.0,35.0,concrete,3,0.0,synthetic
2026-07-07T03:00:00,zone_07,cafeteria_patio,40.7125,-74.0063,27.1,76.1,3.9,0.4,40.0,50.0,concrete,0,0.0,synthetic
2026-07-07T03:00:00,zone_08,walkway,40.7132,-74.0056,26.7,75.6,2.8,0.24,10.0,15.0,asphalt,1,0.0,synthetic
2026-07-07T03:00:00,zone_09,garden,40.7124,-74.0064,25.0,79.3,2.2,0.61,60.0,70.0,grass,0,0.0,synthetic
2026-07-07T03:00:00,zone_10,gym_exterior,40.7133,-74.0065,27.3,75.6,3.0,0.19,10.0,20.0,concrete,0,0.0,synthetic
2026-07-07T03:00:00,zone_11,admin_building,40.7123,-74.0055,25.9,74.5,0.3,0.63,25.0,30.0,concrete,0,0.0,synthetic
2026-07-07T03:00:00,zone_12,entrance_plaza,40.7134,-74.0066,27.9,75.3,1.7,0.36,5.0,10.0,asphalt,0,0.0,synthetic
2026-07-07T04:00:00,zone_01,playground,40.7128,-74.006,28.9,75.6,3.3,0.18,5.0,10.0,asphalt,1,0.0,synthetic
2026-07-07T04:00:00,zone_02,parking_lot,40.713,-74.0062,30.5,74.0,2.9,0.59,0.0,0.0,asphalt,0,0.0,synthetic
2026-07-07T04:00:00,zone_03,courtyard,40.7126,-74.0058,27.5,67.4,1.3,0.77,15.0,25.0,concrete,0,0.0,synthetic
2026-07-07T04:00:00,zone_04,building_roof,40.7129,-74.0059,30.9,69.3,1.5,0.75,0.0,0.0,concrete,0,0.0,synthetic
2026-07-07T04:00:00,zone_05,sports_field,40.7131,-74.0061,27.2,75.0,1.6,0.35,0.0,5.0,grass,0,0.0,synthetic
2026-07-07T04:00:00,zone_06,library_exterior,40.7127,-74.0057,27.5,66.4,2.1,0.72,20.0,35.0,concrete,0,0.0,synthetic
2026-07-07T04:00:00,zone_07,cafeteria_patio,40.7125,-74.0063,26.8,77.9,1.9,0.71,40.0,50.0,concrete,2,0.0,synthetic
2026-07-07T04:00:00,zone_08,walkway,40.7132,-74.0056,27.9,70.3,2.3,0.72,10.0,15.0,asphalt,2,0.0,synthetic
2026-07-07T04:00:00,zone_09,garden,40.7124,-74.0064,25.0,71.5,3.2,0.3,60.0,70.0,grass,1,0.0,synthetic
2026-07-07T04:00:00,zone_10,gym_exterior,40.7133,-74.0065,28.8,72.9,2.2,0.52,10.0,20.0,concrete,0,0.0,synthetic
2026-07-07T04:00:00,zone_11,admin_building,40.7123,-74.0055,27.2,72.7,2.0,0.16,25.0,30.0,concrete,0,0.0,synthetic
2026-07-07T04:00:00,zone_12,entrance_plaza,40.7134,-74.0066,29.3,76.4,1.4,0.54,5.0,10.0,asphalt,0,0.0,synthetic
2026-07-07T05:00:00,zone_01,playground,40.7128,-74.006,29.2,66.9,1.7,0.41,5.0,10.0,asphalt,1,0.0,synthetic
2026-07-07T05:00:00,zone_02,parking_lot,40.713,-74.0062,31.0,65.3,1.8,0.16,0.0,0.0,asphalt,1,0.0,synthetic
2026-07-07T05:00:00,zone_03,courtyard,40.7126,-74.0058,29.7,60.1,3.9,0.14,15.0,25.0,concrete,0,0.0,synthetic
2026-07-07T05:00:00,zone_04,building_roof,40.7129,-74.0059,32.4,63.3,3.3,0.21,0.0,0.0,concrete,0,0.0,synthetic
2026-07-07T05:00:00,zone_05,sports_field,40.7131,-74.0061,28.3,62.7,4.6,0.65,0.0,5.0,grass,0,0.0,synthetic
2026-07-07T05:00:00,zone_06,library_exterior,40.7127,-74.0057,29.4,69.8,1.3,0.39,20.0,35.0,concrete,0,0.0,synthetic
2026-07-07T05:00:00,zone_07,cafeteria_patio,40.7125,-74.0063,28.1,66.7,2.2,0.7,40.0,50.0,concrete,0,0.0,synthetic
2026-07-07T05:00:00,zone_08,walkway,40.7132,-74.0056,30.7,64.7,3.0,0.52,10.0,15.0,asphalt,0,0.0,synthetic
2026-07-07T05:00:00,zone_09,garden,40.7124,-74.0064,27.1,67.1,1.7,0.5,60.0,70.0,grass,2,0.0,synthetic
2026-07-07T05:00:00,zone_10,gym_exterior,40.7133,-74.0065,28.6,63.4,1.6,0.23,10.0,20.0,concrete,2,0.0,synthetic
2026-07-07T05:00:00,zone_11,admin_building,40.7123,-74.0055,29.4,68.4,0.9,0.34,25.0,30.0,concrete,0,0.0,synthetic
2026-07-07T05:00:00,zone_12,entrance_plaza,40.7134,-74.0066,30.3,65.5,1.3,0.16,5.0,10.0,asphalt,1,0.0,synthetic
2026-07-07T06:00:00,zone_01,playground,40.7128,-74.006,32.1,56.2,3.1,0.32,5.0,10.0,asphalt,8,0.0,synthetic
2026-07-07T06:00:00,zone_02,parking_lot,40.713,-74.0062,31.9,67.2,2.8,0.22,0.0,0.0,asphalt,1,0.0,synthetic
2026-07-07T06:00:00,zone_03,courtyard,40.7126,-74.0058,30.4,55.2,0.9,0.37,15.0,25.0,concrete,5,0.0,synthetic
2026-07-07T06:00:00,zone_04,building_roof,40.7129,-74.0059,33.9,61.0,2.7,0.62,0.0,0.0,concrete,0,0.0,synthetic
2026-07-07T06:00:00,zone_05,sports_field,40.7131,-74.0061,30.9,54.3,2.8,0.72,0.0,5.0,grass,15,0.0,synthetic
2026-07-07T06:00:00,zone_06,library_exterior,40.7127,-74.0057,29.4,55.6,3.1,0.53,20.0,35.0,concrete,5,0.0,synthetic
2026-07-07T06:00:00,zone_07,cafeteria_patio,40.7125,-74.0063,29.6,62.1,1.7,0.75,40.0,50.0,concrete,7,0.0,synthetic
2026-07-07T06:00:00,zone_08,walkway,40.7132,-74.0056,30.3,61.1,3.3,0.2,10.0,15.0,asphalt,6,0.0,synthetic
2026-07-07T06:00:00,zone_09,garden,40.7124,-74.0064,28.0,61.0,2.9,0.57,60.0,70.0,grass,1,0.0,synthetic
2026-07-07T06:00:00,zone_10,gym_exterior,40.7133,-74.0065,30.6,51.9,2.2,0.28,10.0,20.0,concrete,4,0.0,synthetic
2026-07-07T06:00:00,zone_11,admin_building,40.7123,-74.0055,30.1,59.1,2.5,0.59,25.0,30.0,concrete,2,0.0,synthetic
2026-07-07T06:00:00,zone_12,entrance_plaza,40.7134,-74.0066,30.3,55.1,0.9,0.43,5.0,10.0,asphalt,3,0.0,synthetic
2026-07-07T07:00:00,zone_01,playground,40.7128,-74.006,33.3,50.7,0.6,0.75,5.0,10.0,asphalt,25,1.0,synthetic
2026-07-07T07:00:00,zone_02,parking_lot,40.713,-74.0062,34.2,56.8,2.5,0.6,0.0,0.0,asphalt,3,1.0,synthetic
2026-07-07T07:00:00,zone_03,courtyard,40.7126,-74.0058,32.2,49.9,1.9,0.38,15.0,25.0,concrete,13,1.0,synthetic
2026-07-07T07:00:00,zone_04,building_roof,40.7129,-74.0059,34.7,49.9,3.1,0.76,0.0,0.0,concrete,0,1.0,synthetic
2026-07-07T07:00:00,zone_05,sports_field,40.7131,-74.0061,31.3,50.1,1.7,0.7,0.0,5.0,grass,36,1.0,synthetic
2026-07-07T07:00:00,zone_06,library_exterior,40.7127,-74.0057,31.4,46.2,0.3,0.74,20.0,35.0,concrete,9,1.0,synthetic
2026-07-07T07:00:00,zone_07,cafeteria_patio,40.7125,-74.0063,30.6,52.1,2.3,0.39,40.0,50.0,concrete,15,1.0,synthetic
2026-07-07T07:00:00,zone_08,walkway,40.7132,-74.0056,31.7,51.3,0.9,0.53,10.0,15.0,asphalt,4,1.0,synthetic
2026-07-07T07:00:00,zone_09,garden,40.7124,-74.0064,29.6,57.1,2.1,0.42,60.0,70.0,grass,5,1.0,synthetic
2026-07-07T07:00:00,zone_10,gym_exterior,40.7133,-74.0065,31.9,52.9,1.6,0.32,10.0,20.0,concrete,8,1.0,synthetic
2026-07-07T07:00:00,zone_11,admin_building,40.7123,-74.0055,31.5,54.1,2.6,0.64,25.0,30.0,concrete,6,1.0,synthetic
2026-07-07T07:00:00,zone_12,entrance_plaza,40.7134,-74.0066,33.7,50.1,2.2,0.47,5.0,10.0,asphalt,10,1.0,synthetic
2026-07-07T08:00:00,zone_01,playground,40.7128,-74.006,34.0,43.4,0.8,0.12,5.0,10.0,asphalt,65,1.0,synthetic
2026-07-07T08:00:00,zone_02,parking_lot,40.713,-74.0062,36.0,42.0,3.6,0.41,0.0,0.0,asphalt,8,1.0,synthetic
2026-07-07T08:00:00,zone_03,courtyard,40.7126,-74.0058,32.1,49.3,3.4,0.11,15.0,25.0,concrete,34,1.0,synthetic
2026-07-07T08:00:00,zone_04,building_roof,40.7129,-74.0059,35.9,48.9,0.9,0.7,0.0,0.0,concrete,0,1.0,synthetic
2026-07-07T08:00:00,zone_05,sports_field,40.7131,-74.0061,31.7,50.2,3.2,0.49,0.0,5.0,grass,94,1.0,synthetic
2026-07-07T08:00:00,zone_06,library_exterior,40.7127,-74.0057,32.1,44.7,2.3,0.79,20.0,35.0,concrete,25,1.0,synthetic
2026-07-07T08:00:00,zone_07,cafeteria_patio,40.7125,-74.0063,32.2,45.2,0.0,0.7,40.0,50.0,concrete,48,1.0,synthetic
2026-07-07T08:00:00,zone_08,walkway,40.7132,-74.0056,32.2,51.3,3.2,0.32,10.0,15.0,asphalt,20,1.0,synthetic
2026-07-07T08:00:00,zone_09,garden,40.7124,-74.0064,31.7,50.9,1.2,0.68,60.0,70.0,grass,10,1.0,synthetic
2026-07-07T08:00:00,zone_10,gym_exterior,40.7133,-74.0065,32.4,50.8,1.3,0.25,10.0,20.0,concrete,32,1.0,synthetic
2026-07-07T08:00:00,zone_11,admin_building,40.7123,-74.0055,31.7,47.2,2.5,0.76,25.0,30.0,concrete,17,1.0,synthetic
2026-07-07T08:00:00,zone_12,entrance_plaza,40.7134,-74.0066,34.2,47.8,4.1,0.78,5.0,10.0,asphalt,30,1.0,synthetic
2026-07-07T09:00:00,zone_01,playground,40.7128,-74.006,34.2,43.6,2.5,0.66,5.0,10.0,asphalt,80,1.0,synthetic
2026-07-07T09:00:00,zone_02,parking_lot,40.713,-74.0062,36.7,45.9,0.8,0.55,0.0,0.0,asphalt,11,1.0,synthetic
2026-07-07T09:00:00,zone_03,courtyard,40.7126,-74.0058,32.8,44.4,2.5,0.19,15.0,25.0,concrete,43,1.0,synthetic
2026-07-07T09:00:00,zone_04,building_roof,40.7129,-74.0059,36.7,41.8,1.9,0.76,0.0,0.0,concrete,1,1.0,synthetic
2026-07-07T09:00:00,zone_05,sports_field,40.7131,-74.0061,32.6,39.3,3.4,0.73,0.0,5.0,grass,121,1.0,synthetic
2026-07-07T09:00:00,zone_06,library_exterior,40.7127,-74.0057,33.2,43.6,1.0,0.6,20.0,35.0,concrete,30,1.0,synthetic
2026-07-07T09:00:00,zone_07,cafeteria_patio,40.7125,-74.0063,32.5,43.7,1.5,0.4,40.0,50.0,concrete,61,1.0,synthetic
2026-07-07T09:00:00,zone_08,walkway,40.7132,-74.0056,33.4,48.9,1.3,0.38,10.0,15.0,asphalt,25,1.0,synthetic
2026-07-07T09:00:00,zone_09,garden,40.7124,-74.0064,31.9,43.7,0.4,0.59,60.0,70.0,grass,12,1.0,synthetic
2026-07-07T09:00:00,zone_10,gym_exterior,40.7133,-74.0065,34.2,42.5,1.1,0.54,10.0,20.0,concrete,40,1.0,synthetic
2026-07-07T09:00:00,zone_11,admin_building,40.7123,-74.0055,33.0,39.3,3.1,0.42,25.0,30.0,concrete,20,1.0,synthetic
2026-07-07T09:00:00,zone_12,entrance_plaza,40.7134,-74.0066,34.4,41.1,1.9,0.4,5.0,10.0,asphalt,35,1.0,synthetic
2026-07-07T10:00:00,zone_01,playground,40.7128,-74.006,35.1,38.9,0.0,0.35,5.0,10.0,asphalt,80,1.0,synthetic
2026-07-07T10:00:00,zone_02,parking_lot,40.713,-74.0062,36.4,44.3,2.6,0.73,0.0,0.0,asphalt,10,1.0,synthetic
2026-07-07T10:00:00,zone_03,courtyard,40.7126,-74.0058,34.0,40.5,1.9,0.73,15.0,25.0,concrete,45,1.0,synthetic
2026-07-07T10:00:00,zone_04,building_roof,40.7129,-74.0059,36.4,38.0,2.9,0.41,0.0,0.0,concrete,2,1.0,synthetic
2026-07-07T10:00:00,zone_05,sports_field,40.7131,-74.0061,33.6,41.8,0.9,0.75,0.0,5.0,grass,121,1.0,synthetic
2026-07-07T10:00:00,zone_06,library_exterior,40.7127,-74.0057,33.3,39.5,2.1,0.18,20.0,35.0,concrete,29,1.0,synthetic
2026-07-07T10:00:00,zone_07,cafeteria_patio,40.7125,-74.0063,32.9,38.6,2.7,0.67,40.0,50.0,concrete,57,1.0,synthetic
2026-07-07T10:00:00,zone_08,walkway,40.7132,-74.0056,33.9,43.5,1.3,0.59,10.0,15.0,asphalt,22,1.0,synthetic
2026-07-07T10:00:00,zone_09,garden,40.7124,-74.0064,31.5,43.3,3.7,0.13,60.0,70.0,grass,15,1.0,synthetic
2026-07-07T10:00:00,zone_10,gym_exterior,40.7133,-74.0065,34.0,40.0,2.4,0.25,10.0,20.0,concrete,39,1.0,synthetic
2026-07-07T10:00:00,zone_11,admin_building,40.7123,-74.0055,32.8,40.0,1.0,0.12,25.0,30.0,concrete,20,1.0,synthetic
2026-07-07T10:00:00,zone_12,entrance_plaza,40.7134,-74.0066,35.5,38.6,0.0,0.77,5.0,10.0,asphalt,36,1.0,synthetic
2026-07-07T11:00:00,zone_01,playground,40.7128,-74.006,34.5,46.7,2.5,0.52,5.0,10.0,asphalt,72,1.0,synthetic
2026-07-07T11:00:00,zone_02,parking_lot,40.713,-74.0062,35.8,41.3,1.4,0.18,0.0,0.0,asphalt,6,1.0,synthetic
2026-07-07T11:00:00,zone_03,courtyard,40.7126,-74.0058,33.9,40.6,2.3,0.22,15.0,25.0,concrete,41,1.0,synthetic
2026-07-07T11:00:00,zone_04,building_roof,40.7129,-74.0059,36.1,41.9,2.3,0.38,0.0,0.0,concrete,4,1.0,synthetic
2026-07-07T11:00:00,zone_05,sports_field,40.7131,-74.0061,32.9,38.9,3.0,0.35,0.0,5.0,grass,108,1.0,synthetic
2026-07-07T11:00:00,zone_06,library_exterior,40.7127,-74.0057,33.7,39.1,1.7,0.1,20.0,35.0,concrete,29,1.0,synthetic
2026-07-07T11:00:00,zone_07,cafeteria_patio,40.7125,-74.0063,33.6,35.4,1.6,0.18,40.0,50.0,concrete,54,1.0,synthetic
2026-07-07T11:00:00,zone_08,walkway,40.7132,-74.0056,34.6,40.7,3.4,0.4,10.0,15.0,asphalt,22,1.0,synthetic
2026-07-07T11:00:00,zone_09,garden,40.7124,-74.0064,32.2,44.0,2.8,0.39,60.0,70.0,grass,12,1.0,synthetic
2026-07-07T11:00:00,zone_10,gym_exterior,40.7133,-74.0065,34.6,38.1,2.8,0.42,10.0,20.0,concrete,36,1.0,synthetic
2026-07-07T11:00:00,zone_11,admin_building,40.7123,-74.0055,33.5,45.0,1.3,0.4,25.0,30.0,concrete,17,1.0,synthetic
2026-07-07T11:00:00,zone_12,entrance_plaza,40.7134,-74.0066,35.8,44.3,0.9,0.44,5.0,10.0,asphalt,32,1.0,synthetic
2026-07-07T12:00:00,zone_01,playground,40.7128,-74.006,34.8,41.2,3.2,0.65,5.0,10.0,asphalt,59,1.0,synthetic
2026-07-07T12:00:00,zone_02,parking_lot,40.713,-74.0062,36.7,38.5,0.9,0.48,0.0,0.0,asphalt,9,1.0,synthetic
2026-07-07T12:00:00,zone_03,courtyard,40.7126,-74.0058,33.8,37.4,1.8,0.69,15.0,25.0,concrete,32,1.0,synthetic
2026-07-07T12:00:00,zone_04,building_roof,40.7129,-74.0059,36.2,42.0,2.2,0.38,0.0,0.0,concrete,8,1.0,synthetic
2026-07-07T12:00:00,zone_05,sports_field,40.7131,-74.0061,33.2,37.9,0.3,0.75,0.0,5.0,grass,83,1.0,synthetic
2026-07-07T12:00:00,zone_06,library_exterior,40.7127,-74.0057,34.3,38.9,3.9,0.28,20.0,35.0,concrete,21,1.0,synthetic
2026-07-07T12:00:00,zone_07,cafeteria_patio,40.7125,-74.0063,33.2,42.9,1.6,0.17,40.0,50.0,concrete,44,1.0,synthetic
2026-07-07T12:00:00,zone_08,walkway,40.7132,-74.0056,33.6,40.5,2.2,0.43,10.0,15.0,asphalt,17,1.0,synthetic
2026-07-07T12:00:00,zone_09,garden,40.7124,-74.0064,32.3,44.9,2.8,0.72,60.0,70.0,grass,10,1.0,synthetic
2026-07-07T12:00:00,zone_10,gym_exterior,40.7133,-74.0065,33.7,43.8,0.5,0.41,10.0,20.0,concrete,28,1.0,synthetic
2026-07-07T12:00:00,zone_11,admin_building,40.7123,-74.0055,34.1,40.7,1.8,0.11,25.0,30.0,concrete,15,1.0,synthetic
2026-07-07T12:00:00,zone_12,entrance_plaza,40.7134,-74.0066,35.2,41.6,1.7,0.38,5.0,10.0,asphalt,24,1.0,synthetic
2026-07-07T13:00:00,zone_01,playground,40.7128,-74.006,33.5,41.3,1.8,0.54,5.0,10.0,asphalt,72,1.0,synthetic
2026-07-07T13:00:00,zone_02,parking_lot,40.713,-74.0062,36.5,39.8,1.0,0.7,0.0,0.0,asphalt,10,1.0,synthetic
2026-07-07T13:00:00,zone_03,courtyard,40.7126,-74.0058,32.9,45.1,3.5,0.32,15.0,25.0,concrete,41,1.0,synthetic
2026-07-07T13:00:00,zone_04,building_roof,40.7129,-74.0059,36.5,46.8,3.1,0.5,0.0,0.0,concrete,0,1.0,synthetic
2026-07-07T13:00:00,zone_05,sports_field,40.7131,-74.0061,32.7,39.9,0.9,0.63,0.0,5.0,grass,105,1.0,synthetic
2026-07-07T13:00:00,zone_06,library_exterior,40.7127,-74.0057,33.5,43.3,1.3,0.65,20.0,35.0,concrete,24,1.0,synthetic
2026-07-07T13:00:00,zone_07,cafeteria_patio,40.7125,-74.0063,33.6,49.3,1.9,0.29,40.0,50.0,concrete,53,1.0,synthetic
2026-07-07T13:00:00,zone_08,walkway,40.7132,-74.0056,34.0,45.6,2.6,0.69,10.0,15.0,asphalt,18,1.0,synthetic
2026-07-07T13:00:00,zone_09,garden,40.7124,-74.0064,31.2,39.7,2.1,0.7,60.0,70.0,grass,13,1.0,synthetic
2026-07-07T13:00:00,zone_10,gym_exterior,40.7133,-74.0065,34.2,41.3,0.6,0.2,10.0,20.0,concrete,38,1.0,synthetic
2026-07-07T13:00:00,zone_11,admin_building,40.7123,-74.0055,33.3,44.7,3.5,0.18,25.0,30.0,concrete,18,1.0,synthetic
2026-07-07T13:00:00,zone_12,entrance_plaza,40.7134,-74.0066,34.9,47.0,1.7,0.7,5.0,10.0,asphalt,30,1.0,synthetic
2026-07-07T14:00:00,zone_01,playground,40.7128,-74.006,33.5,50.1,3.6,0.68,5.0,10.0,asphalt,81,1.0,synthetic
2026-07-07T14:00:00,zone_02,parking_lot,40.713,-74.0062,35.1,46.6,0.0,0.4,0.0,0.0,asphalt,8,1.0,synthetic
2026-07-07T14:00:00,zone_03,courtyard,40.7126,-74.0058,32.9,47.4,2.6,0.23,15.0,25.0,concrete,45,1.0,synthetic
2026-07-07T14:00:00,zone_04,building_roof,40.7129,-74.0059,36.0,49.1,3.0,0.5,0.0,0.0,concrete,8,1.0,synthetic
2026-07-07T14:00:00,zone_05,sports_field,40.7131,-74.0061,32.2,48.1,0.5,0.71,0.0,5.0,grass,119,1.0,synthetic
2026-07-07T14:00:00,zone_06,library_exterior,40.7127,-74.0057,33.0,46.4,1.1,0.63,20.0,35.0,concrete,30,1.0,synthetic
2026-07-07T14:00:00,zone_07,cafeteria_patio,40.7125,-74.0063,31.6,42.2,1.8,0.65,40.0,50.0,concrete,60,1.0,synthetic
2026-07-07T14:00:00,zone_08,walkway,40.7132,-74.0056,33.2,44.4,2.2,0.67,10.0,15.0,asphalt,26,1.0,synthetic
2026-07-07T14:00:00,zone_09,garden,40.7124,-74.0064,30.9,45.9,2.3,0.55,60.0,70.0,grass,16,1.0,synthetic
2026-07-07T14:00:00,zone_10,gym_exterior,40.7133,-74.0065,32.3,52.6,1.7,0.73,10.0,20.0,concrete,43,1.0,synthetic
2026-07-07T14:00:00,zone_11,admin_building,40.7123,-74.0055,31.5,44.3,2.3,0.46,25.0,30.0,concrete,20,1.0,synthetic
2026-07-07T14:00:00,zone_12,entrance_plaza,40.7134,-74.0066,33.9,46.1,0.8,0.69,5.0,10.0,asphalt,38,1.0,synthetic
2026-07-07T15:00:00,zone_01,playground,40.7128,-74.006,33.1,50.9,1.0,0.12,5.0,10.0,asphalt,64,1.0,synthetic
2026-07-07T15:00:00,zone_02,parking_lot,40.713,-74.0062,34.4,51.8,1.3,0.78,0.0,0.0,asphalt,7,1.0,synthetic
2026-07-07T15:00:00,zone_03,courtyard,40.7126,-74.0058,31.4,52.3,0.3,0.15,15.0,25.0,concrete,36,1.0,synthetic
2026-07-07T15:00:00,zone_04,building_roof,40.7129,-74.0059,33.4,51.9,2.7,0.74,0.0,0.0,concrete,4,1.0,synthetic
2026-07-07T15:00:00,zone_05,sports_field,40.7131,-74.0061,31.3,53.5,1.0,0.53,0.0,5.0,grass,93,1.0,synthetic
2026-07-07T15:00:00,zone_06,library_exterior,40.7127,-74.0057,31.1,59.5,2.2,0.67,20.0,35.0,concrete,24,1.0,synthetic
2026-07-07T15:00:00,zone_07,cafeteria_patio,40.7125,-74.0063,31.6,51.1,1.5,0.35,40.0,50.0,concrete,48,1.0,synthetic
2026-07-07T15:00:00,zone_08,walkway,40.7132,-74.0056,31.9,52.4,1.5,0.51,10.0,15.0,asphalt,22,1.0,synthetic
2026-07-07T15:00:00,zone_09,garden,40.7124,-74.0064,30.1,55.2,0.5,0.7,60.0,70.0,grass,11,1.0,synthetic
2026-07-07T15:00:00,zone_10,gym_exterior,40.7133,-74.0065,32.0,54.5,3.0,0.68,10.0,20.0,concrete,29,1.0,synthetic
2026-07-07T15:00:00,zone_11,admin_building,40.7123,-74.0055,30.6,51.3,2.3,0.13,25.0,30.0,concrete,16,1.0,synthetic
2026-07-07T15:00:00,zone_12,entrance_plaza,40.7134,-74.0066,32.6,49.4,2.7,0.25,5.0,10.0,asphalt,32,1.0,synthetic
2026-07-07T16:00:00,zone_01,playground,40.7128,-74.006,31.0,56.6,0.2,0.76,5.0,10.0,asphalt,40,1.0,synthetic
2026-07-07T16:00:00,zone_02,parking_lot,40.713,-74.0062,32.4,58.4,1.1,0.56,0.0,0.0,asphalt,7,1.0,synthetic
2026-07-07T16:00:00,zone_03,courtyard,40.7126,-74.0058,30.6,53.5,1.2,0.42,15.0,25.0,concrete,20,1.0,synthetic
2026-07-07T16:00:00,zone_04,building_roof,40.7129,-74.0059,32.8,58.5,1.1,0.55,0.0,0.0,concrete,2,1.0,synthetic
2026-07-07T16:00:00,zone_05,sports_field,40.7131,-74.0061,30.5,53.5,1.2,0.24,0.0,5.0,grass,63,1.0,synthetic
2026-07-07T16:00:00,zone_06,library_exterior,40.7127,-74.0057,29.7,58.0,0.9,0.32,20.0,35.0,concrete,16,1.0,synthetic
2026-07-07T16:00:00,zone_07,cafeteria_patio,40.7125,-74.0063,31.0,57.8,0.1,0.23,40.0,50.0,concrete,32,1.0,synthetic
2026-07-07T16:00:00,zone_08,walkway,40.7132,-74.0056,30.5,59.6,2.3,0.25,10.0,15.0,asphalt,11,1.0,synthetic
2026-07-07T16:00:00,zone_09,garden,40.7124,-74.0064,28.7,52.8,3.8,0.54,60.0,70.0,grass,7,1.0,synthetic
2026-07-07T16:00:00,zone_10,gym_exterior,40.7133,-74.0065,31.2,61.3,1.0,0.41,10.0,20.0,concrete,18,1.0,synthetic
2026-07-07T16:00:00,zone_11,admin_building,40.7123,-74.0055,29.7,59.7,1.5,0.47,25.0,30.0,concrete,10,1.0,synthetic
2026-07-07T16:00:00,zone_12,entrance_plaza,40.7134,-74.0066,32.0,60.5,1.5,0.46,5.0,10.0,asphalt,15,1.0,synthetic
2026-07-07T17:00:00,zone_01,playground,40.7128,-74.006,30.2,66.2,2.0,0.59,5.0,10.0,asphalt,25,1.0,synthetic
2026-07-07T17:00:00,zone_02,parking_lot,40.713,-74.0062,31.6,62.1,1.6,0.54,0.0,0.0,asphalt,0,1.0,synthetic
2026-07-07T17:00:00,zone_03,courtyard,40.7126,-74.0058,28.6,62.9,2.1,0.7,15.0,25.0,concrete,11,1.0,synthetic
2026-07-07T17:00:00,zone_04,building_roof,40.7129,-74.0059,31.4,68.1,3.7,0.61,0.0,0.0,concrete,1,1.0,synthetic
2026-07-07T17:00:00,zone_05,sports_field,40.7131,-74.0061,28.9,66.1,2.2,0.4,0.0,5.0,grass,38,1.0,synthetic
2026-07-07T17:00:00,zone_06,library_exterior,40.7127,-74.0057,29.3,66.5,1.9,0.71,20.0,35.0,concrete,7,1.0,synthetic
2026-07-07T17:00:00,zone_07,cafeteria_patio,40.7125,-74.0063,28.2,60.4,1.7,0.22,40.0,50.0,concrete,17,1.0,synthetic
2026-07-07T17:00:00,zone_08,walkway,40.7132,-74.0056,28.8,60.6,2.3,0.14,10.0,15.0,asphalt,6,1.0,synthetic
2026-07-07T17:00:00,zone_09,garden,40.7124,-74.0064,27.3,63.8,2.1,0.5,60.0,70.0,grass,1,1.0,synthetic
2026-07-07T17:00:00,zone_10,gym_exterior,40.7133,-74.0065,29.6,62.7,2.5,0.56,10.0,20.0,concrete,12,1.0,synthetic
2026-07-07T17:00:00,zone_11,admin_building,40.7123,-74.0055,29.3,64.1,1.4,0.34,25.0,30.0,concrete,7,1.0,synthetic
2026-07-07T17:00:00,zone_12,entrance_plaza,40.7134,-74.0066,30.5,63.3,2.6,0.74,5.0,10.0,asphalt,11,1.0,synthetic
2026-07-07T18:00:00,zone_01,playground,40.7128,-74.006,28.2,71.7,3.4,0.17,5.0,10.0,asphalt,8,0.0,synthetic
2026-07-07T18:00:00,zone_02,parking_lot,40.713,-74.0062,30.7,72.1,1.4,0.78,0.0,0.0,asphalt,2,0.0,synthetic
2026-07-07T18:00:00,zone_03,courtyard,40.7126,-74.0058,28.0,70.5,2.3,0.49,15.0,25.0,concrete,4,0.0,synthetic
2026-07-07T18:00:00,zone_04,building_roof,40.7129,-74.0059,30.7,68.4,3.2,0.63,0.0,0.0,concrete,0,0.0,synthetic
2026-07-07T18:00:00,zone_05,sports_field,40.7131,-74.0061,27.0,72.4,3.4,0.79,0.0,5.0,grass,14,0.0,synthetic
2026-07-07T18:00:00,zone_06,library_exterior,40.7127,-74.0057,26.7,68.5,3.1,0.76,20.0,35.0,concrete,3,0.0,synthetic
2026-07-07T18:00:00,zone_07,cafeteria_patio,40.7125,-74.0063,26.8,75.5,3.0,0.44,40.0,50.0,concrete,6,0.0,synthetic
2026-07-07T18:00:00,zone_08,walkway,40.7132,-74.0056,27.9,70.0,1.7,0.31,10.0,15.0,asphalt,2,0.0,synthetic
2026-07-07T18:00:00,zone_09,garden,40.7124,-74.0064,25.2,75.1,1.6,0.19,60.0,70.0,grass,1,0.0,synthetic
2026-07-07T18:00:00,zone_10,gym_exterior,40.7133,-74.0065,26.8,71.4,1.6,0.73,10.0,20.0,concrete,4,0.0,synthetic
2026-07-07T18:00:00,zone_11,admin_building,40.7123,-74.0055,26.9,72.6,1.2,0.59,25.0,30.0,concrete,5,0.0,synthetic
2026-07-07T18:00:00,zone_12,entrance_plaza,40.7134,-74.0066,29.6,73.6,0.0,0.11,5.0,10.0,asphalt,2,0.0,synthetic
2026-07-07T19:00:00,zone_01,playground,40.7128,-74.006,27.6,79.6,2.6,0.68,5.0,10.0,asphalt,0,0.0,synthetic
2026-07-07T19:00:00,zone_02,parking_lot,40.713,-74.0062,28.8,76.9,2.0,0.27,0.0,0.0,asphalt,0,0.0,synthetic
2026-07-07T19:00:00,zone_03,courtyard,40.7126,-74.0058,26.8,82.9,0.8,0.65,15.0,25.0,concrete,0,0.0,synthetic
2026-07-07T19:00:00,zone_04,building_roof,40.7129,-74.0059,29.1,77.0,1.1,0.19,0.0,0.0,concrete,0,0.0,synthetic
2026-07-07T19:00:00,zone_05,sports_field,40.7131,-74.0061,26.3,76.3,0.8,0.48,0.0,5.0,grass,0,0.0,synthetic
2026-07-07T19:00:00,zone_06,library_exterior,40.7127,-74.0057,26.7,79.0,2.5,0.77,20.0,35.0,concrete,1,0.0,synthetic
2026-07-07T19:00:00,zone_07,cafeteria_patio,40.7125,-74.0063,26.2,77.6,1.0,0.48,40.0,50.0,concrete,0,0.0,synthetic
2026-07-07T19:00:00,zone_08,walkway,40.7132,-74.0056,27.5,77.1,1.7,0.63,10.0,15.0,asphalt,0,0.0,synthetic
2026-07-07T19:00:00,zone_09,garden,40.7124,-74.0064,24.9,75.6,3.5,0.21,60.0,70.0,grass,0,0.0,synthetic
2026-07-07T19:00:00,zone_10,gym_exterior,40.7133,-74.0065,26.6,80.8,1.9,0.29,10.0,20.0,concrete,1,0.0,synthetic
2026-07-07T19:00:00,zone_11,admin_building,40.7123,-74.0055,25.6,77.7,3.4,0.29,25.0,30.0,concrete,0,0.0,synthetic
2026-07-07T19:00:00,zone_12,entrance_plaza,40.7134,-74.0066,28.3,75.7,2.4,0.32,5.0,10.0,asphalt,0,0.0,synthetic
2026-07-07T20:00:00,zone_01,playground,40.7128,-74.006,26.2,83.4,2.8,0.47,5.0,10.0,asphalt,0,0.0,synthetic
2026-07-07T20:00:00,zone_02,parking_lot,40.713,-74.0062,27.9,84.9,1.9,0.79,0.0,0.0,asphalt,2,0.0,synthetic
2026-07-07T20:00:00,zone_03,courtyard,40.7126,-74.0058,25.4,83.5,2.5,0.15,15.0,25.0,concrete,0,0.0,synthetic
2026-07-07T20:00:00,zone_04,building_roof,40.7129,-74.0059,28.3,83.8,1.8,0.5,0.0,0.0,concrete,0,0.0,synthetic
2026-07-07T20:00:00,zone_05,sports_field,40.7131,-74.0061,24.6,82.4,2.4,0.41,0.0,5.0,grass,3,0.0,synthetic
2026-07-07T20:00:00,zone_06,library_exterior,40.7127,-74.0057,25.3,76.8,3.2,0.48,20.0,35.0,concrete,0,0.0,synthetic
2026-07-07T20:00:00,zone_07,cafeteria_patio,40.7125,-74.0063,24.8,85.8,2.6,0.49,40.0,50.0,concrete,0,0.0,synthetic
2026-07-07T20:00:00,zone_08,walkway,40.7132,-74.0056,26.2,79.0,3.0,0.42,10.0,15.0,asphalt,0,0.0,synthetic
2026-07-07T20:00:00,zone_09,garden,40.7124,-74.0064,23.7,83.5,2.2,0.67,60.0,70.0,grass,0,0.0,synthetic
2026-07-07T20:00:00,zone_10,gym_exterior,40.7133,-74.0065,25.4,80.4,3.2,0.63,10.0,20.0,concrete,0,0.0,synthetic
2026-07-07T20:00:00,zone_11,admin_building,40.7123,-74.0055,25.1,87.7,1.7,0.19,25.0,30.0,concrete,2,0.0,synthetic
2026-07-07T20:00:00,zone_12,entrance_plaza,40.7134,-74.0066,27.3,82.9,2.4,0.55,5.0,10.0,asphalt,2,0.0,synthetic
2026-07-07T21:00:00,zone_01,playground,40.7128,-74.006,25.6,88.8,1.6,0.42,5.0,10.0,asphalt,1,0.0,synthetic
2026-07-07T21:00:00,zone_02,parking_lot,40.713,-74.0062,26.6,85.8,1.9,0.71,0.0,0.0,asphalt,1,0.0,synthetic
2026-07-07T21:00:00,zone_03,courtyard,40.7126,-74.0058,24.8,82.6,3.8,0.14,15.0,25.0,concrete,2,0.0,synthetic
2026-07-07T21:00:00,zone_04,building_roof,40.7129,-74.0059,28.1,82.3,4.0,0.48,0.0,0.0,concrete,2,0.0,synthetic
2026-07-07T21:00:00,zone_05,sports_field,40.7131,-74.0061,23.7,84.2,0.8,0.22,0.0,5.0,grass,0,0.0,synthetic
2026-07-07T21:00:00,zone_06,library_exterior,40.7127,-74.0057,24.7,88.4,1.0,0.28,20.0,35.0,concrete,3,0.0,synthetic
2026-07-07T21:00:00,zone_07,cafeteria_patio,40.7125,-74.0063,24.4,85.2,1.2,0.4,40.0,50.0,concrete,2,0.0,synthetic
2026-07-07T21:00:00,zone_08,walkway,40.7132,-74.0056,25.2,86.6,1.0,0.67,10.0,15.0,asphalt,1,0.0,synthetic
2026-07-07T21:00:00,zone_09,garden,40.7124,-74.0064,23.9,86.3,2.7,0.34,60.0,70.0,grass,1,0.0,synthetic
2026-07-07T21:00:00,zone_10,gym_exterior,40.7133,-74.0065,26.0,83.4,1.8,0.79,10.0,20.0,concrete,0,0.0,synthetic
2026-07-07T21:00:00,zone_11,admin_building,40.7123,-74.0055,24.1,92.7,0.5,0.29,25.0,30.0,concrete,1,0.0,synthetic
2026-07-07T21:00:00,zone_12,entrance_plaza,40.7134,-74.0066,26.8,84.5,1.1,0.7,5.0,10.0,asphalt,0,0.0,synthetic
2026-07-07T22:00:00,zone_01,playground,40.7128,-74.006,25.4,89.5,1.0,0.43,5.0,10.0,asphalt,1,0.0,synthetic
2026-07-07T22:00:00,zone_02,parking_lot,40.713,-74.0062,26.6,89.3,1.6,0.44,0.0,0.0,asphalt,0,0.0,synthetic
2026-07-07T22:00:00,zone_03,courtyard,40.7126,-74.0058,24.4,86.6,0.4,0.11,15.0,25.0,concrete,1,0.0,synthetic
2026-07-07T22:00:00,zone_04,building_roof,40.7129,-74.0059,27.1,87.0,1.6,0.54,0.0,0.0,concrete,0,0.0,synthetic
2026-07-07T22:00:00,zone_05,sports_field,40.7131,-74.0061,22.9,90.0,3.1,0.7,0.0,5.0,grass,0,0.0,synthetic
2026-07-07T22:00:00,zone_06,library_exterior,40.7127,-74.0057,24.1,93.9,0.6,0.72,20.0,35.0,concrete,0,0.0,synthetic
2026-07-07T22:00:00,zone_07,cafeteria_patio,40.7125,-74.0063,24.1,92.6,2.1,0.44,40.0,50.0,concrete,0,0.0,synthetic
2026-07-07T22:00:00,zone_08,walkway,40.7132,-74.0056,24.5,87.5,2.1,0.39,10.0,15.0,asphalt,1,0.0,synthetic
2026-07-07T22:00:00,zone_09,garden,40.7124,-74.0064,22.8,88.0,2.9,0.46,60.0,70.0,grass,3,0.0,synthetic
2026-07-07T22:00:00,zone_10,gym_exterior,40.7133,-74.0065,25.4,84.9,0.3,0.41,10.0,20.0,concrete,1,0.0,synthetic
2026-07-07T22:00:00,zone_11,admin_building,40.7123,-74.0055,23.5,90.4,3.0,0.32,25.0,30.0,concrete,0,0.0,synthetic
2026-07-07T22:00:00,zone_12,entrance_plaza,40.7134,-74.0066,25.5,90.1,0.2,0.26,5.0,10.0,asphalt,2,0.0,synthetic
2026-07-07T23:00:00,zone_01,playground,40.7128,-74.006,25.1,97.2,1.1,0.44,5.0,10.0,asphalt,4,0.0,synthetic
2026-07-07T23:00:00,zone_02,parking_lot,40.713,-74.0062,26.2,90.9,1.5,0.15,0.0,0.0,asphalt,0,0.0,synthetic
2026-07-07T23:00:00,zone_03,courtyard,40.7126,-74.0058,24.0,85.8,1.9,0.33,15.0,25.0,concrete,2,0.0,synthetic
2026-07-07T23:00:00,zone_04,building_roof,40.7129,-74.0059,27.0,87.5,2.7,0.78,0.0,0.0,concrete,0,0.0,synthetic
2026-07-07T23:00:00,zone_05,sports_field,40.7131,-74.0061,23.4,89.1,2.5,0.64,0.0,5.0,grass,0,0.0,synthetic
2026-07-07T23:00:00,zone_06,library_exterior,40.7127,-74.0057,23.7,92.1,1.8,0.78,20.0,35.0,concrete,0,0.0,synthetic
2026-07-07T23:00:00,zone_07,cafeteria_patio,40.7125,-74.0063,23.9,92.0,2.2,0.66,40.0,50.0,concrete,3,0.0,synthetic
2026-07-07T23:00:00,zone_08,walkway,40.7132,-74.0056,23.7,92.6,3.3,0.68,10.0,15.0,asphalt,4,0.0,synthetic
2026-07-07T23:00:00,zone_09,garden,40.7124,-74.0064,22.5,90.8,1.7,0.64,60.0,70.0,grass,0,0.0,synthetic
2026-07-07T23:00:00,zone_10,gym_exterior,40.7133,-74.0065,24.0,89.7,3.3,0.18,10.0,20.0,concrete,0,0.0,synthetic
2026-07-07T23:00:00,zone_11,admin_building,40.7123,-74.0055,23.7,91.2,1.0,0.62,25.0,30.0,concrete,0,0.0,synthetic
2026-07-07T23:00:00,zone_12,entrance_plaza,40.7134,-74.0066,26.3,92.9,1.7,0.79,5.0,10.0,asphalt,0,0.0,synthetic
2026-07-08T00:00:00,zone_01,playground,40.7128,-74.006,25.0,85.0,3.0,0.63,5.0,10.0,asphalt,0,0.0,synthetic
2026-07-08T00:00:00,zone_02,parking_lot,40.713,-74.0062,26.4,88.5,2.0,0.39,0.0,0.0,asphalt,0,0.0,synthetic
2026-07-08T00:00:00,zone_03,courtyard,40.7126,-74.0058,24.2,90.0,2.5,0.44,15.0,25.0,concrete,0,0.0,synthetic
2026-07-08T00:00:00,zone_04,building_roof,40.7129,-74.0059,26.8,89.8,2.6,0.51,0.0,0.0,concrete,0,0.0,synthetic
2026-07-08T00:00:00,zone_05,sports_field,40.7131,-74.0061,24.3,84.7,1.8,0.45,0.0,5.0,grass,0,0.0,synthetic
2026-07-08T00:00:00,zone_06,library_exterior,40.7127,-74.0057,24.4,93.6,0.9,0.32,20.0,35.0,concrete,2,0.0,synthetic
2026-07-08T00:00:00,zone_07,cafeteria_patio,40.7125,-74.0063,22.9,91.2,0.7,0.11,40.0,50.0,concrete,0,0.0,synthetic
2026-07-08T00:00:00,zone_08,walkway,40.7132,-74.0056,24.6,90.5,0.7,0.65,10.0,15.0,asphalt,0,0.0,synthetic
2026-07-08T00:00:00,zone_09,garden,40.7124,-74.0064,22.5,89.9,2.1,0.72,60.0,70.0,grass,0,0.0,synthetic
2026-07-08T00:00:00,zone_10,gym_exterior,40.7133,-74.0065,24.3,90.2,3.5,0.21,10.0,20.0,concrete,0,0.0,synthetic
2026-07-08T00:00:00,zone_11,admin_building,40.7123,-74.0055,23.1,92.6,3.3,0.43,25.0,30.0,concrete,0,0.0,synthetic
2026-07-08T00:00:00,zone_12,entrance_plaza,40.7134,-74.0066,25.5,90.2,2.6,0.7,5.0,10.0,asphalt,0,0.0,synthetic
2026-07-08T01:00:00,zone_01,playground,40.7128,-74.006,25.3,83.2,0.5,0.67,5.0,10.0,asphalt,0,0.0,synthetic
2026-07-08T01:00:00,zone_02,parking_lot,40.713,-74.0062,26.9,87.9,3.5,0.34,0.0,0.0,asphalt,0,0.0,synthetic
2026-07-08T01:00:00,zone_03,courtyard,40.7126,-74.0058,24.4,87.1,0.9,0.68,15.0,25.0,concrete,0,0.0,synthetic
2026-07-08T01:00:00,zone_04,building_roof,40.7129,-74.0059,27.0,84.0,0.4,0.3,0.0,0.0,concrete,0,0.0,synthetic
2026-07-08T01:00:00,zone_05,sports_field,40.7131,-74.0061,24.3,87.6,2.1,0.47,0.0,5.0,grass,0,0.0,synthetic
2026-07-08T01:00:00,zone_06,library_exterior,40.7127,-74.0057,24.3,88.6,2.0,0.44,20.0,35.0,concrete,5,0.0,synthetic
2026-07-08T01:00:00,zone_07,cafeteria_patio,40.7125,-74.0063,23.3,86.0,1.7,0.77,40.0,50.0,concrete,3,0.0,synthetic
2026-07-08T01:00:00,zone_08,walkway,40.7132,-74.0056,25.6,83.3,2.2,0.71,10.0,15.0,asphalt,0,0.0,synthetic
2026-07-08T01:00:00,zone_09,garden,40.7124,-74.0064,22.9,89.9,0.9,0.47,60.0,70.0,grass,0,0.0,synthetic
2026-07-08T01:00:00,zone_10,gym_exterior,40.7133,-74.0065,25.2,84.1,0.0,0.29,10.0,20.0,concrete,1,0.0,synthetic
2026-07-08T01:00:00,zone_11,admin_building,40.7123,-74.0055,24.7,87.7,2.2,0.65,25.0,30.0,concrete,0,0.0,synthetic
2026-07-08T01:00:00,zone_12,entrance_plaza,40.7134,-74.0066,26.3,86.5,0.9,0.43,5.0,10.0,asphalt,0,0.0,synthetic
2026-07-08T02:00:00,zone_01,playground,40.7128,-74.006,26.9,84.2,4.3,0.29,5.0,10.0,asphalt,0,0.0,synthetic
2026-07-08T02:00:00,zone_02,parking_lot,40.713,-74.0062,27.2,83.9,2.0,0.33,0.0,0.0,asphalt,1,0.0,synthetic
2026-07-08T02:00:00,zone_03,courtyard,40.7126,-74.0058,25.2,80.6,2.4,0.74,15.0,25.0,concrete,2,0.0,synthetic
2026-07-08T02:00:00,zone_04,building_roof,40.7129,-74.0059,28.2,81.7,2.0,0.8,0.0,0.0,concrete,0,0.0,synthetic
2026-07-08T02:00:00,zone_05,sports_field,40.7131,-74.0061,24.4,86.0,2.3,0.11,0.0,5.0,grass,0,0.0,synthetic
2026-07-08T02:00:00,zone_06,library_exterior,40.7127,-74.0057,25.0,85.4,1.6,0.43,20.0,35.0,concrete,0,0.0,synthetic
2026-07-08T02:00:00,zone_07,cafeteria_patio,40.7125,-74.0063,23.9,80.9,2.5,0.79,40.0,50.0,concrete,0,0.0,synthetic
2026-07-08T02:00:00,zone_08,walkway,40.7132,-74.0056,25.6,85.6,1.2,0.2,10.0,15.0,asphalt,0,0.0,synthetic
2026-07-08T02:00:00,zone_09,garden,40.7124,-74.0064,25.0,85.8,3.0,0.3,60.0,70.0,grass,2,0.0,synthetic
2026-07-08T02:00:00,zone_10,gym_exterior,40.7133,-74.0065,26.3,79.3,0.8,0.36,10.0,20.0,concrete,0,0.0,synthetic
2026-07-08T02:00:00,zone_11,admin_building,40.7123,-74.0055,24.8,82.0,2.3,0.25,25.0,30.0,concrete,0,0.0,synthetic
2026-07-08T02:00:00,zone_12,entrance_plaza,40.7134,-74.0066,27.0,82.2,1.5,0.14,5.0,10.0,asphalt,0,0.0,synthetic
2026-07-08T03:00:00,zone_01,playground,40.7128,-74.006,27.8,75.6,1.4,0.34,5.0,10.0,asphalt,1,0.0,synthetic
2026-07-08T03:00:00,zone_02,parking_lot,40.713,-74.0062,29.8,78.2,2.4,0.11,0.0,0.0,asphalt,0,0.0,synthetic
2026-07-08T03:00:00,zone_03,courtyard,40.7126,-74.0058,26.8,74.3,2.1,0.57,15.0,25.0,concrete,0,0.0,synthetic
2026-07-08T03:00:00,zone_04,building_roof,40.7129,-74.0059,29.3,80.0,3.5,0.4,0.0,0.0,concrete,0,0.0,synthetic
2026-07-08T03:00:00,zone_05,sports_field,40.7131,-74.0061,26.2,77.4,3.9,0.14,0.0,5.0,grass,0,0.0,synthetic
2026-07-08T03:00:00,zone_06,library_exterior,40.7127,-74.0057,26.5,80.5,1.8,0.51,20.0,35.0,concrete,0,0.0,synthetic
2026-07-08T03:00:00,zone_07,cafeteria_patio,40.7125,-74.0063,25.2,78.8,2.5,0.14,40.0,50.0,concrete,0,0.0,synthetic
2026-07-08T03:00:00,zone_08,walkway,40.7132,-74.0056,26.6,76.1,3.8,0.6,10.0,15.0,asphalt,1,0.0,synthetic
2026-07-08T03:00:00,zone_09,garden,40.7124,-74.0064,24.8,76.9,1.9,0.76,60.0,70.0,grass,0,0.0,synthetic
2026-07-08T03:00:00,zone_10,gym_exterior,40.7133,-74.0065,26.3,75.0,2.2,0.58,10.0,20.0,concrete,0,0.0,synthetic
2026-07-08T03:00:00,zone_11,admin_building,40.7123,-74.0055,26.6,78.6,0.9,0.3,25.0,30.0,concrete,0,0.0,synthetic
2026-07-08T03:00:00,zone_12,entrance_plaza,40.7134,-74.0066,28.6,82.2,4.0,0.55,5.0,10.0,asphalt,0,0.0,synthetic
2026-07-08T04:00:00,zone_01,playground,40.7128,-74.006,28.8,74.4,1.3,0.57,5.0,10.0,asphalt,1,0.0,synthetic
2026-07-08T04:00:00,zone_02,parking_lot,40.713,-74.0062,30.1,73.9,2.7,0.14,0.0,0.0,asphalt,1,0.0,synthetic
2026-07-08T04:00:00,zone_03,courtyard,40.7126,-74.0058,27.2,72.2,0.3,0.12,15.0,25.0,concrete,2,0.0,synthetic
2026-07-08T04:00:00,zone_04,building_roof,40.7129,-74.0059,29.6,74.0,2.2,0.68,0.0,0.0,concrete,0,0.0,synthetic
2026-07-08T04:00:00,zone_05,sports_field,40.7131,-74.0061,26.9,68.9,2.7,0.76,0.0,5.0,grass,0,0.0,synthetic
2026-07-08T04:00:00,zone_06,library_exterior,40.7127,-74.0057,27.8,72.5,0.7,0.4,20.0,35.0,concrete,3,0.0,synthetic
2026-07-08T04:00:00,zone_07,cafeteria_patio,40.7125,-74.0063,26.7,76.9,4.0,0.29,40.0,50.0,concrete,3,0.0,synthetic
2026-07-08T04:00:00,zone_08,walkway,40.7132,-74.0056,27.0,65.3,3.2,0.42,10.0,15.0,asphalt,0,0.0,synthetic
2026-07-08T04:00:00,zone_09,garden,40.7124,-74.0064,26.6,72.2,1.1,0.74,60.0,70.0,grass,0,0.0,synthetic
2026-07-08T04:00:00,zone_10,gym_exterior,40.7133,-74.0065,27.6,72.2,3.4,0.7,10.0,20.0,concrete,1,0.0,synthetic
2026-07-08T04:00:00,zone_11,admin_building,40.7123,-74.0055,26.8,69.1,2.7,0.5,25.0,30.0,concrete,0,0.0,synthetic
2026-07-08T04:00:00,zone_12,entrance_plaza,40.7134,-74.0066,29.2,76.6,3.8,0.25,5.0,10.0,asphalt,0,0.0,synthetic
2026-07-08T05:00:00,zone_01,playground,40.7128,-74.006,30.4,66.8,3.5,0.38,5.0,10.0,asphalt,0,0.0,synthetic
2026-07-08T05:00:00,zone_02,parking_lot,40.713,-74.0062,32.1,67.3,0.8,0.24,0.0,0.0,asphalt,0,0.0,synthetic
2026-07-08T05:00:00,zone_03,courtyard,40.7126,-74.0058,29.3,65.7,0.8,0.3,15.0,25.0,concrete,0,0.0,synthetic
2026-07-08T05:00:00,zone_04,building_roof,40.7129,-74.0059,31.1,63.8,2.8,0.11,0.0,0.0,concrete,0,0.0,synthetic
2026-07-08T05:00:00,zone_05,sports_field,40.7131,-74.0061,29.2,65.6,2.7,0.57,0.0,5.0,grass,0,0.0,synthetic
2026-07-08T05:00:00,zone_06,library_exterior,40.7127,-74.0057,28.5,71.0,3.0,0.63,20.0,35.0,concrete,0,0.0,synthetic
2026-07-08T05:00:00,zone_07,cafeteria_patio,40.7125,-74.0063,28.0,64.1,1.4,0.34,40.0,50.0,concrete,0,0.0,synthetic
2026-07-08T05:00:00,zone_08,walkway,40.7132,-74.0056,29.1,68.0,2.8,0.27,10.0,15.0,asphalt,1,0.0,synthetic
2026-07-08T05:00:00,zone_09,garden,40.7124,-74.0064,28.0,67.6,0.7,0.46,60.0,70.0,grass,0,0.0,synthetic
2026-07-08T05:00:00,zone_10,gym_exterior,40.7133,-74.0065,29.3,67.0,2.5,0.4,10.0,20.0,concrete,0,0.0,synthetic
2026-07-08T05:00:00,zone_11,admin_building,40.7123,-74.0055,29.4,66.8,3.4,0.61,25.0,30.0,concrete,0,0.0,synthetic
2026-07-08T05:00:00,zone_12,entrance_plaza,40.7134,-74.0066,30.0,66.0,2.0,0.28,5.0,10.0,asphalt,0,0.0,synthetic
2026-07-08T06:00:00,zone_01,playground,40.7128,-74.006,31.7,61.4,2.5,0.42,5.0,10.0,asphalt,7,0.0,synthetic
2026-07-08T06:00:00,zone_02,parking_lot,40.713,-74.0062,32.3,57.1,2.5,0.49,0.0,0.0,asphalt,0,0.0,synthetic
2026-07-08T06:00:00,zone_03,courtyard,40.7126,-74.0058,30.4,57.9,1.7,0.49,15.0,25.0,concrete,4,0.0,synthetic
2026-07-08T06:00:00,zone_04,building_roof,40.7129,-74.0059,33.4,60.2,2.3,0.31,0.0,0.0,concrete,2,0.0,synthetic
2026-07-08T06:00:00,zone_05,sports_field,40.7131,-74.0061,29.5,55.2,0.9,0.28,0.0,5.0,grass,12,0.0,synthetic
2026-07-08T06:00:00,zone_06,library_exterior,40.7127,-74.0057,29.3,58.0,2.7,0.62,20.0,35.0,concrete,3,0.0,synthetic
2026-07-08T06:00:00,zone_07,cafeteria_patio,40.7125,-74.0063,30.0,63.9,0.6,0.73,40.0,50.0,concrete,6,0.0,synthetic
2026-07-08T06:00:00,zone_08,walkway,40.7132,-74.0056,30.6,57.9,1.3,0.36,10.0,15.0,asphalt,3,0.0,synthetic
2026-07-08T06:00:00,zone_09,garden,40.7124,-74.0064,29.3,59.9,2.9,0.25,60.0,70.0,grass,1,0.0,synthetic
2026-07-08T06:00:00,zone_10,gym_exterior,40.7133,-74.0065,30.0,57.2,0.8,0.53,10.0,20.0,concrete,7,0.0,synthetic
2026-07-08T06:00:00,zone_11,admin_building,40.7123,-74.0055,30.0,63.2,2.6,0.31,25.0,30.0,concrete,2,0.0,synthetic
2026-07-08T06:00:00,zone_12,entrance_plaza,40.7134,-74.0066,32.5,55.9,0.8,0.36,5.0,10.0,asphalt,3,0.0,synthetic
2026-07-08T07:00:00,zone_01,playground,40.7128,-74.006,31.3,49.6,1.9,0.58,5.0,10.0,asphalt,27,1.0,synthetic
2026-07-08T07:00:00,zone_02,parking_lot,40.713,-74.0062,34.1,47.6,2.0,0.35,0.0,0.0,asphalt,3,1.0,synthetic
2026-07-08T07:00:00,zone_03,courtyard,40.7126,-74.0058,31.1,50.9,2.6,0.68,15.0,25.0,concrete,13,1.0,synthetic
2026-07-08T07:00:00,zone_04,building_roof,40.7129,-74.0059,35.5,51.8,3.8,0.14,0.0,0.0,concrete,0,1.0,synthetic
2026-07-08T07:00:00,zone_05,sports_field,40.7131,-74.0061,30.9,52.9,2.4,0.27,0.0,5.0,grass,36,1.0,synthetic
2026-07-08T07:00:00,zone_06,library_exterior,40.7127,-74.0057,31.2,46.4,0.4,0.51,20.0,35.0,concrete,10,1.0,synthetic
2026-07-08T07:00:00,zone_07,cafeteria_patio,40.7125,-74.0063,30.7,52.1,2.5,0.2,40.0,50.0,concrete,13,1.0,synthetic
2026-07-08T07:00:00,zone_08,walkway,40.7132,-74.0056,31.4,53.0,2.6,0.24,10.0,15.0,asphalt,7,1.0,synthetic
2026-07-08T07:00:00,zone_09,garden,40.7124,-74.0064,29.6,51.7,0.9,0.36,60.0,70.0,grass,4,1.0,synthetic
2026-07-08T07:00:00,zone_10,gym_exterior,40.7133,-74.0065,30.9,50.4,2.6,0.38,10.0,20.0,concrete,12,1.0,synthetic
2026-07-08T07:00:00,zone_11,admin_building,40.7123,-74.0055,30.8,50.0,2.2,0.42,25.0,30.0,concrete,8,1.0,synthetic
2026-07-08T07:00:00,zone_12,entrance_plaza,40.7134,-74.0066,32.9,49.0,2.2,0.72,5.0,10.0,asphalt,10,1.0,synthetic
2026-07-08T08:00:00,zone_01,playground,40.7128,-74.006,33.6,44.8,1.5,0.71,5.0,10.0,asphalt,62,1.0,synthetic
2026-07-08T08:00:00,zone_02,parking_lot,40.713,-74.0062,34.0,48.3,2.6,0.54,0.0,0.0,asphalt,7,1.0,synthetic
2026-07-08T08:00:00,zone_03,courtyard,40.7126,-74.0058,31.8,46.8,2.3,0.46,15.0,25.0,concrete,36,1.0,synthetic
2026-07-08T08:00:00,zone_04,building_roof,40.7129,-74.0059,35.8,39.9,1.3,0.23,0.0,0.0,concrete,6,1.0,synthetic
2026-07-08T08:00:00,zone_05,sports_field,40.7131,-74.0061,32.9,50.1,2.6,0.36,0.0,5.0,grass,96,1.0,synthetic
2026-07-08T08:00:00,zone_06,library_exterior,40.7127,-74.0057,33.3,44.2,2.6,0.24,20.0,35.0,concrete,27,1.0,synthetic
2026-07-08T08:00:00,zone_07,cafeteria_patio,40.7125,-74.0063,32.2,49.2,1.4,0.18,40.0,50.0,concrete,53,1.0,synthetic
2026-07-08T08:00:00,zone_08,walkway,40.7132,-74.0056,32.9,45.4,2.2,0.65,10.0,15.0,asphalt,20,1.0,synthetic
2026-07-08T08:00:00,zone_09,garden,40.7124,-74.0064,31.2,53.7,1.2,0.45,60.0,70.0,grass,12,1.0,synthetic
2026-07-08T08:00:00,zone_10,gym_exterior,40.7133,-74.0065,33.5,53.0,2.5,0.72,10.0,20.0,concrete,33,1.0,synthetic
2026-07-08T08:00:00,zone_11,admin_building,40.7123,-74.0055,32.4,47.5,2.0,0.37,25.0,30.0,concrete,18,1.0,synthetic
2026-07-08T08:00:00,zone_12,entrance_plaza,40.7134,-74.0066,33.7,47.8,3.1,0.25,5.0,10.0,asphalt,28,1.0,synthetic
2026-07-08T09:00:00,zone_01,playground,40.7128,-74.006,34.7,43.0,0.1,0.41,5.0,10.0,asphalt,79,1.0,synthetic
2026-07-08T09:00:00,zone_02,parking_lot,40.713,-74.0062,37.0,44.4,1.8,0.67,0.0,0.0,asphalt,12,1.0,synthetic
2026-07-08T09:00:00,zone_03,courtyard,40.7126,-74.0058,32.3,44.6,3.3,0.49,15.0,25.0,concrete,46,1.0,synthetic
2026-07-08T09:00:00,zone_04,building_roof,40.7129,-74.0059,35.8,40.4,1.2,0.32,0.0,0.0,concrete,6,1.0,synthetic
2026-07-08T09:00:00,zone_05,sports_field,40.7131,-74.0061,32.1,43.8,3.2,0.53,0.0,5.0,grass,120,1.0,synthetic
2026-07-08T09:00:00,zone_06,library_exterior,40.7127,-74.0057,32.8,38.3,1.7,0.8,20.0,35.0,concrete,31,1.0,synthetic
2026-07-08T09:00:00,zone_07,cafeteria_patio,40.7125,-74.0063,32.4,44.9,3.6,0.54,40.0,50.0,concrete,59,1.0,synthetic
2026-07-08T09:00:00,zone_08,walkway,40.7132,-74.0056,33.8,38.5,1.7,0.12,10.0,15.0,asphalt,25,1.0,synthetic
2026-07-08T09:00:00,zone_09,garden,40.7124,-74.0064,32.1,41.0,2.0,0.17,60.0,70.0,grass,13,1.0,synthetic
2026-07-08T09:00:00,zone_10,gym_exterior,40.7133,-74.0065,33.4,45.2,2.0,0.12,10.0,20.0,concrete,40,1.0,synthetic
2026-07-08T09:00:00,zone_11,admin_building,40.7123,-74.0055,33.0,46.0,2.6,0.59,25.0,30.0,concrete,20,1.0,synthetic
2026-07-08T09:00:00,zone_12,entrance_plaza,40.7134,-74.0066,34.7,46.1,2.3,0.55,5.0,10.0,asphalt,33,1.0,synthetic
2026-07-08T10:00:00,zone_01,playground,40.7128,-74.006,34.4,42.6,2.1,0.69,5.0,10.0,asphalt,80,1.0,synthetic
2026-07-08T10:00:00,zone_02,parking_lot,40.713,-74.0062,35.2,44.1,2.1,0.71,0.0,0.0,asphalt,10,1.0,synthetic
2026-07-08T10:00:00,zone_03,courtyard,40.7126,-74.0058,33.9,41.8,1.9,0.13,15.0,25.0,concrete,45,1.0,synthetic
2026-07-08T10:00:00,zone_04,building_roof,40.7129,-74.0059,36.6,39.3,1.1,0.35,0.0,0.0,concrete,3,1.0,synthetic
2026-07-08T10:00:00,zone_05,sports_field,40.7131,-74.0061,32.9,40.3,2.1,0.48,0.0,5.0,grass,120,1.0,synthetic
2026-07-08T10:00:00,zone_06,library_exterior,40.7127,-74.0057,34.7,38.3,1.7,0.55,20.0,35.0,concrete,32,1.0,synthetic
2026-07-08T10:00:00,zone_07,cafeteria_patio,40.7125,-74.0063,34.1,38.0,2.2,0.79,40.0,50.0,concrete,58,1.0,synthetic
2026-07-08T10:00:00,zone_08,walkway,40.7132,-74.0056,34.7,41.0,1.5,0.51,10.0,15.0,asphalt,25,1.0,synthetic
2026-07-08T10:00:00,zone_09,garden,40.7124,-74.0064,32.0,43.3,1.3,0.24,60.0,70.0,grass,16,1.0,synthetic
2026-07-08T10:00:00,zone_10,gym_exterior,40.7133,-74.0065,34.0,41.5,3.6,0.49,10.0,20.0,concrete,42,1.0,synthetic
2026-07-08T10:00:00,zone_11,admin_building,40.7123,-74.0055,33.6,42.6,3.0,0.23,25.0,30.0,concrete,20,1.0,synthetic
2026-07-08T10:00:00,zone_12,entrance_plaza,40.7134,-74.0066,35.6,41.0,3.2,0.56,5.0,10.0,asphalt,35,1.0,synthetic
2026-07-08T11:00:00,zone_01,playground,40.7128,-74.006,34.6,38.4,3.9,0.26,5.0,10.0,asphalt,72,1.0,synthetic
2026-07-08T11:00:00,zone_02,parking_lot,40.713,-74.0062,35.9,38.8,0.9,0.17,0.0,0.0,asphalt,9,1.0,synthetic
2026-07-08T11:00:00,zone_03,courtyard,40.7126,-74.0058,33.8,34.0,1.3,0.24,15.0,25.0,concrete,39,1.0,synthetic
2026-07-08T11:00:00,zone_04,building_roof,40.7129,-74.0059,37.4,42.9,0.7,0.74,0.0,0.0,concrete,7,1.0,synthetic
2026-07-08T11:00:00,zone_05,sports_field,40.7131,-74.0061,33.6,35.4,1.9,0.51,0.0,5.0,grass,107,1.0,synthetic
2026-07-08T11:00:00,zone_06,library_exterior,40.7127,-74.0057,32.8,40.8,2.6,0.24,20.0,35.0,concrete,27,1.0,synthetic
2026-07-08T11:00:00,zone_07,cafeteria_patio,40.7125,-74.0063,33.1,40.4,2.1,0.17,40.0,50.0,concrete,53,1.0,synthetic
2026-07-08T11:00:00,zone_08,walkway,40.7132,-74.0056,35.4,41.7,2.6,0.23,10.0,15.0,asphalt,20,1.0,synthetic
2026-07-08T11:00:00,zone_09,garden,40.7124,-74.0064,31.8,45.3,1.2,0.18,60.0,70.0,grass,13,1.0,synthetic
2026-07-08T11:00:00,zone_10,gym_exterior,40.7133,-74.0065,34.2,40.1,3.5,0.63,10.0,20.0,concrete,37,1.0,synthetic
2026-07-08T11:00:00,zone_11,admin_building,40.7123,-74.0055,33.5,39.6,4.3,0.48,25.0,30.0,concrete,19,1.0,synthetic
2026-07-08T11:00:00,zone_12,entrance_plaza,40.7134,-74.0066,35.4,38.0,1.9,0.23,5.0,10.0,asphalt,30,1.0,synthetic
2026-07-08T12:00:00,zone_01,playground,40.7128,-74.006,35.7,42.6,0.0,0.37,5.0,10.0,asphalt,58,1.0,synthetic
2026-07-08T12:00:00,zone_02,parking_lot,40.713,-74.0062,36.1,42.5,2.9,0.39,0.0,0.0,asphalt,8,1.0,synthetic
2026-07-08T12:00:00,zone_03,courtyard,40.7126,-74.0058,33.7,35.2,1.9,0.45,15.0,25.0,concrete,31,1.0,synthetic
2026-07-08T12:00:00,zone_04,building_roof,40.7129,-74.0059,36.6,42.6,1.4,0.5,0.0,0.0,concrete,3,1.0,synthetic
2026-07-08T12:00:00,zone_05,sports_field,40.7131,-74.0061,33.9,41.4,2.0,0.34,0.0,5.0,grass,84,1.0,synthetic
2026-07-08T12:00:00,zone_06,library_exterior,40.7127,-74.0057,35.1,42.3,2.0,0.74,20.0,35.0,concrete,23,1.0,synthetic
2026-07-08T12:00:00,zone_07,cafeteria_patio,40.7125,-74.0063,33.7,42.0,2.0,0.57,40.0,50.0,concrete,42,1.0,synthetic
2026-07-08T12:00:00,zone_08,walkway,40.7132,-74.0056,34.1,39.5,0.1,0.57,10.0,15.0,asphalt,17,1.0,synthetic
2026-07-08T12:00:00,zone_09,garden,40.7124,-74.0064,32.1,43.9,2.3,0.65,60.0,70.0,grass,10,1.0,synthetic
2026-07-08T12:00:00,zone_10,gym_exterior,40.7133,-74.0065,34.0,43.6,1.5,0.6,10.0,20.0,concrete,26,1.0,synthetic
2026-07-08T12:00:00,zone_11,admin_building,40.7123,-74.0055,33.3,39.2,1.9,0.68,25.0,30.0,concrete,13,1.0,synthetic
2026-07-08T12:00:00,zone_12,entrance_plaza,40.7134,-74.0066,35.9,43.7,0.8,0.22,5.0,10.0,asphalt,26,1.0,synthetic
2026-07-08T13:00:00,zone_01,playground,40.7128,-74.006,34.1,51.2,1.6,0.34,5.0,10.0,asphalt,75,1.0,synthetic
2026-07-08T13:00:00,zone_02,parking_lot,40.713,-74.0062,35.4,41.3,1.6,0.34,0.0,0.0,asphalt,9,1.0,synthetic
2026-07-08T13:00:00,zone_03,courtyard,40.7126,-74.0058,32.9,46.8,3.2,0.51,15.0,25.0,concrete,41,1.0,synthetic
2026-07-08T13:00:00,zone_04,building_roof,40.7129,-74.0059,36.2,43.9,1.0,0.52,0.0,0.0,concrete,3,1.0,synthetic
2026-07-08T13:00:00,zone_05,sports_field,40.7131,-74.0061,32.3,46.8,3.9,0.39,0.0,5.0,grass,108,1.0,synthetic
2026-07-08T13:00:00,zone_06,library_exterior,40.7127,-74.0057,33.3,45.0,2.2,0.26,20.0,35.0,concrete,26,1.0,synthetic
2026-07-08T13:00:00,zone_07,cafeteria_patio,40.7125,-74.0063,32.9,43.6,1.8,0.3,40.0,50.0,concrete,55,1.0,synthetic
2026-07-08T13:00:00,zone_08,walkway,40.7132,-74.0056,33.9,38.6,2.1,0.1,10.0,15.0,asphalt,21,1.0,synthetic
2026-07-08T13:00:00,zone_09,garden,40.7124,-74.0064,31.3,41.3,1.3,0.46,60.0,70.0,grass,13,1.0,synthetic
2026-07-08T13:00:00,zone_10,gym_exterior,40.7133,-74.0065,33.6,38.9,2.4,0.54,10.0,20.0,concrete,38,1.0,synthetic
2026-07-08T13:00:00,zone_11,admin_building,40.7123,-74.0055,33.3,43.6,2.0,0.31,25.0,30.0,concrete,19,1.0,synthetic
2026-07-08T13:00:00,zone_12,entrance_plaza,40.7134,-74.0066,34.2,42.8,2.0,0.17,5.0,10.0,asphalt,35,1.0,synthetic
2026-07-08T14:00:00,zone_01,playground,40.7128,-74.006,33.5,43.1,2.2,0.58,5.0,10.0,asphalt,81,1.0,synthetic
2026-07-08T14:00:00,zone_02,parking_lot,40.713,-74.0062,35.4,41.7,4.0,0.14,0.0,0.0,asphalt,9,1.0,synthetic
2026-07-08T14:00:00,zone_03,courtyard,40.7126,-74.0058,31.6,47.1,2.2,0.23,15.0,25.0,concrete,45,1.0,synthetic
2026-07-08T14:00:00,zone_04,building_roof,40.7129,-74.0059,35.6,41.4,1.8,0.62,0.0,0.0,concrete,7,1.0,synthetic
2026-07-08T14:00:00,zone_05,sports_field,40.7131,-74.0061,31.8,49.8,0.4,0.68,0.0,5.0,grass,118,1.0,synthetic
2026-07-08T14:00:00,zone_06,library_exterior,40.7127,-74.0057,32.3,46.7,2.7,0.41,20.0,35.0,concrete,33,1.0,synthetic
2026-07-08T14:00:00,zone_07,cafeteria_patio,40.7125,-74.0063,31.1,47.9,2.1,0.73,40.0,50.0,concrete,55,1.0,synthetic
2026-07-08T14:00:00,zone_08,walkway,40.7132,-74.0056,33.3,46.1,1.0,0.37,10.0,15.0,asphalt,24,1.0,synthetic
2026-07-08T14:00:00,zone_09,garden,40.7124,-74.0064,30.4,42.9,3.0,0.21,60.0,70.0,grass,12,1.0,synthetic
2026-07-08T14:00:00,zone_10,gym_exterior,40.7133,-74.0065,32.9,48.5,3.2,0.27,10.0,20.0,concrete,40,1.0,synthetic
2026-07-08T14:00:00,zone_11,admin_building,40.7123,-74.0055,32.2,46.9,4.3,0.73,25.0,30.0,concrete,18,1.0,synthetic
2026-07-08T14:00:00,zone_12,entrance_plaza,40.7134,-74.0066,34.1,48.2,1.8,0.21,5.0,10.0,asphalt,35,1.0,synthetic
2026-07-08T15:00:00,zone_01,playground,40.7128,-74.006,32.3,57.4,0.2,0.53,5.0,10.0,asphalt,63,1.0,synthetic
2026-07-08T15:00:00,zone_02,parking_lot,40.713,-74.0062,34.2,49.0,0.9,0.72,0.0,0.0,asphalt,7,1.0,synthetic
2026-07-08T15:00:00,zone_03,courtyard,40.7126,-74.0058,31.0,60.9,1.5,0.29,15.0,25.0,concrete,32,1.0,synthetic
2026-07-08T15:00:00,zone_04,building_roof,40.7129,-74.0059,35.1,48.5,1.9,0.69,0.0,0.0,concrete,4,1.0,synthetic
2026-07-08T15:00:00,zone_05,sports_field,40.7131,-74.0061,30.9,51.4,1.9,0.15,0.0,5.0,grass,97,1.0,synthetic
2026-07-08T15:00:00,zone_06,library_exterior,40.7127,-74.0057,31.6,51.1,2.8,0.66,20.0,35.0,concrete,24,1.0,synthetic
2026-07-08T15:00:00,zone_07,cafeteria_patio,40.7125,-74.0063,31.4,50.5,1.1,0.18,40.0,50.0,concrete,46,1.0,synthetic
2026-07-08T15:00:00,zone_08,walkway,40.7132,-74.0056,31.9,53.5,0.0,0.77,10.0,15.0,asphalt,20,1.0,synthetic
2026-07-08T15:00:00,zone_09,garden,40.7124,-74.0064,30.6,50.5,1.8,0.36,60.0,70.0,grass,14,1.0,synthetic
2026-07-08T15:00:00,zone_10,gym_exterior,40.7133,-74.0065,31.9,53.1,1.2,0.72,10.0,20.0,concrete,33,1.0,synthetic
2026-07-08T15:00:00,zone_11,admin_building,40.7123,-74.0055,31.7,46.8,1.6,0.65,25.0,30.0,concrete,16,1.0,synthetic
2026-07-08T15:00:00,zone_12,entrance_plaza,40.7134,-74.0066,33.4,53.2,1.7,0.68,5.0,10.0,asphalt,26,1.0,synthetic
2026-07-08T16:00:00,zone_01,playground,40.7128,-74.006,31.9,56.4,2.9,0.47,5.0,10.0,asphalt,43,1.0,synthetic
2026-07-08T16:00:00,zone_02,parking_lot,40.713,-74.0062,32.6,60.3,0.8,0.52,0.0,0.0,asphalt,5,1.0,synthetic
2026-07-08T16:00:00,zone_03,courtyard,40.7126,-74.0058,29.9,55.0,1.5,0.16,15.0,25.0,concrete,22,1.0,synthetic
2026-07-08T16:00:00,zone_04,building_roof,40.7129,-74.0059,33.0,63.9,2.4,0.11,0.0,0.0,concrete,3,1.0,synthetic
2026-07-08T16:00:00,zone_05,sports_field,40.7131,-74.0061,29.4,59.2,4.0,0.27,0.0,5.0,grass,60,1.0,synthetic
2026-07-08T16:00:00,zone_06,library_exterior,40.7127,-74.0057,30.7,57.9,1.5,0.41,20.0,35.0,concrete,14,1.0,synthetic
2026-07-08T16:00:00,zone_07,cafeteria_patio,40.7125,-74.0063,29.2,62.9,3.4,0.26,40.0,50.0,concrete,29,1.0,synthetic
2026-07-08T16:00:00,zone_08,walkway,40.7132,-74.0056,30.3,59.9,2.1,0.66,10.0,15.0,asphalt,13,1.0,synthetic
2026-07-08T16:00:00,zone_09,garden,40.7124,-74.0064,29.3,53.4,2.7,0.62,60.0,70.0,grass,7,1.0,synthetic
2026-07-08T16:00:00,zone_10,gym_exterior,40.7133,-74.0065,29.7,65.8,1.9,0.29,10.0,20.0,concrete,20,1.0,synthetic
2026-07-08T16:00:00,zone_11,admin_building,40.7123,-74.0055,29.2,57.0,3.1,0.68,25.0,30.0,concrete,10,1.0,synthetic
2026-07-08T16:00:00,zone_12,entrance_plaza,40.7134,-74.0066,32.0,53.3,0.3,0.31,5.0,10.0,asphalt,15,1.0,synthetic
2026-07-08T17:00:00,zone_01,playground,40.7128,-74.006,29.2,64.2,3.2,0.68,5.0,10.0,asphalt,23,1.0,synthetic
2026-07-08T17:00:00,zone_02,parking_lot,40.713,-74.0062,31.3,59.3,1.8,0.57,0.0,0.0,asphalt,3,1.0,synthetic
2026-07-08T17:00:00,zone_03,courtyard,40.7126,-74.0058,29.7,71.4,2.5,0.67,15.0,25.0,concrete,9,1.0,synthetic
2026-07-08T17:00:00,zone_04,building_roof,40.7129,-74.0059,32.3,63.2,0.8,0.63,0.0,0.0,concrete,1,1.0,synthetic
2026-07-08T17:00:00,zone_05,sports_field,40.7131,-74.0061,28.5,62.3,1.8,0.52,0.0,5.0,grass,35,1.0,synthetic
2026-07-08T17:00:00,zone_06,library_exterior,40.7127,-74.0057,27.7,68.7,0.5,0.42,20.0,35.0,concrete,9,1.0,synthetic
2026-07-08T17:00:00,zone_07,cafeteria_patio,40.7125,-74.0063,28.3,67.2,3.5,0.32,40.0,50.0,concrete,18,1.0,synthetic
2026-07-08T17:00:00,zone_08,walkway,40.7132,-74.0056,29.8,64.9,1.1,0.19,10.0,15.0,asphalt,7,1.0,synthetic
2026-07-08T17:00:00,zone_09,garden,40.7124,-74.0064,27.8,62.9,1.6,0.74,60.0,70.0,grass,2,1.0,synthetic
2026-07-08T17:00:00,zone_10,gym_exterior,40.7133,-74.0065,29.1,68.1,3.3,0.27,10.0,20.0,concrete,8,1.0,synthetic
2026-07-08T17:00:00,zone_11,admin_building,40.7123,-74.0055,28.3,63.4,1.0,0.11,25.0,30.0,concrete,0,1.0,synthetic
2026-07-08T17:00:00,zone_12,entrance_plaza,40.7134,-74.0066,30.3,61.9,0.9,0.4,5.0,10.0,asphalt,11,1.0,synthetic
2026-07-08T18:00:00,zone_01,playground,40.7128,-74.006,29.2,71.9,1.2,0.44,5.0,10.0,asphalt,8,0.0,synthetic
2026-07-08T18:00:00,zone_02,parking_lot,40.713,-74.0062,30.0,72.4,1.7,0.12,0.0,0.0,asphalt,1,0.0,synthetic
2026-07-08T18:00:00,zone_03,courtyard,40.7126,-74.0058,26.8,71.0,2.3,0.42,15.0,25.0,concrete,6,0.0,synthetic
2026-07-08T18:00:00,zone_04,building_roof,40.7129,-74.0059,30.7,63.7,3.3,0.69,0.0,0.0,concrete,2,0.0,synthetic
2026-07-08T18:00:00,zone_05,sports_field,40.7131,-74.0061,27.0,76.3,3.6,0.46,0.0,5.0,grass,13,0.0,synthetic
2026-07-08T18:00:00,zone_06,library_exterior,40.7127,-74.0057,28.6,70.4,4.0,0.53,20.0,35.0,concrete,4,0.0,synthetic
2026-07-08T18:00:00,zone_07,cafeteria_patio,40.7125,-74.0063,27.4,75.5,4.0,0.41,40.0,50.0,concrete,6,0.0,synthetic
2026-07-08T18:00:00,zone_08,walkway,40.7132,-74.0056,29.2,75.6,1.9,0.38,10.0,15.0,asphalt,2,0.0,synthetic
2026-07-08T18:00:00,zone_09,garden,40.7124,-74.0064,25.8,73.9,3.6,0.43,60.0,70.0,grass,2,0.0,synthetic
2026-07-08T18:00:00,zone_10,gym_exterior,40.7133,-74.0065,27.8,74.6,2.6,0.7,10.0,20.0,concrete,4,0.0,synthetic
2026-07-08T18:00:00,zone_11,admin_building,40.7123,-74.0055,27.2,70.0,2.1,0.36,25.0,30.0,concrete,2,0.0,synthetic
2026-07-08T18:00:00,zone_12,entrance_plaza,40.7134,-74.0066,29.1,74.4,2.4,0.69,5.0,10.0,asphalt,3,0.0,synthetic
2026-07-08T19:00:00,zone_01,playground,40.7128,-74.006,27.5,81.2,1.4,0.5,5.0,10.0,asphalt,1,0.0,synthetic
2026-07-08T19:00:00,zone_02,parking_lot,40.713,-74.0062,29.0,81.9,2.4,0.16,0.0,0.0,asphalt,0,0.0,synthetic
2026-07-08T19:00:00,zone_03,courtyard,40.7126,-74.0058,26.4,78.1,1.5,0.76,15.0,25.0,concrete,0,0.0,synthetic
2026-07-08T19:00:00,zone_04,building_roof,40.7129,-74.0059,30.0,80.1,0.0,0.18,0.0,0.0,concrete,0,0.0,synthetic
2026-07-08T19:00:00,zone_05,sports_field,40.7131,-74.0061,25.2,78.6,0.9,0.65,0.0,5.0,grass,0,0.0,synthetic
2026-07-08T19:00:00,zone_06,library_exterior,40.7127,-74.0057,26.2,76.8,2.3,0.65,20.0,35.0,concrete,0,0.0,synthetic
2026-07-08T19:00:00,zone_07,cafeteria_patio,40.7125,-74.0063,25.5,76.7,3.6,0.26,40.0,50.0,concrete,0,0.0,synthetic
2026-07-08T19:00:00,zone_08,walkway,40.7132,-74.0056,26.7,79.0,1.4,0.32,10.0,15.0,asphalt,0,0.0,synthetic
2026-07-08T19:00:00,zone_09,garden,40.7124,-74.0064,24.6,79.3,1.6,0.56,60.0,70.0,grass,0,0.0,synthetic
2026-07-08T19:00:00,zone_10,gym_exterior,40.7133,-74.0065,26.3,78.3,3.2,0.25,10.0,20.0,concrete,1,0.0,synthetic
2026-07-08T19:00:00,zone_11,admin_building,40.7123,-74.0055,26.0,76.3,1.2,0.23,25.0,30.0,concrete,0,0.0,synthetic
2026-07-08T19:00:00,zone_12,entrance_plaza,40.7134,-74.0066,27.1,79.9,1.5,0.43,5.0,10.0,asphalt,0,0.0,synthetic
2026-07-08T20:00:00,zone_01,playground,40.7128,-74.006,26.5,81.7,1.9,0.16,5.0,10.0,asphalt,2,0.0,synthetic
2026-07-08T20:00:00,zone_02,parking_lot,40.713,-74.0062,28.7,84.2,2.3,0.67,0.0,0.0,asphalt,0,0.0,synthetic
2026-07-08T20:00:00,zone_03,courtyard,40.7126,-74.0058,25.8,84.5,3.4,0.65,15.0,25.0,concrete,0,0.0,synthetic
2026-07-08T20:00:00,zone_04,building_roof,40.7129,-74.0059,28.0,80.0,2.7,0.16,0.0,0.0,concrete,0,0.0,synthetic
2026-07-08T20:00:00,zone_05,sports_field,40.7131,-74.0061,25.4,85.9,1.2,0.54,0.0,5.0,grass,0,0.0,synthetic
2026-07-08T20:00:00,zone_06,library_exterior,40.7127,-74.0057,25.5,83.7,2.8,0.67,20.0,35.0,concrete,0,0.0,synthetic
2026-07-08T20:00:00,zone_07,cafeteria_patio,40.7125,-74.0063,24.7,84.3,1.7,0.38,40.0,50.0,concrete,0,0.0,synthetic
2026-07-08T20:00:00,zone_08,walkway,40.7132,-74.0056,25.5,79.6,2.2,0.11,10.0,15.0,asphalt,0,0.0,synthetic
2026-07-08T20:00:00,zone_09,garden,40.7124,-74.0064,23.5,81.1,0.5,0.28,60.0,70.0,grass,1,0.0,synthetic
2026-07-08T20:00:00,zone_10,gym_exterior,40.7133,-74.0065,26.7,82.2,1.9,0.27,10.0,20.0,concrete,0,0.0,synthetic
2026-07-08T20:00:00,zone_11,admin_building,40.7123,-74.0055,25.0,83.7,0.6,0.44,25.0,30.0,concrete,1,0.0,synthetic
2026-07-08T20:00:00,zone_12,entrance_plaza,40.7134,-74.0066,25.8,80.5,2.4,0.8,5.0,10.0,asphalt,0,0.0,synthetic
2026-07-08T21:00:00,zone_01,playground,40.7128,-74.006,26.5,82.6,3.7,0.19,5.0,10.0,asphalt,0,0.0,synthetic
2026-07-08T21:00:00,zone_02,parking_lot,40.713,-74.0062,26.3,86.9,1.7,0.19,0.0,0.0,asphalt,0,0.0,synthetic
2026-07-08T21:00:00,zone_03,courtyard,40.7126,-74.0058,24.5,92.2,0.8,0.2,15.0,25.0,concrete,0,0.0,synthetic
2026-07-08T21:00:00,zone_04,building_roof,40.7129,-74.0059,27.8,86.8,1.7,0.71,0.0,0.0,concrete,0,0.0,synthetic
2026-07-08T21:00:00,zone_05,sports_field,40.7131,-74.0061,22.9,88.6,0.9,0.31,0.0,5.0,grass,0,0.0,synthetic
2026-07-08T21:00:00,zone_06,library_exterior,40.7127,-74.0057,24.6,88.4,3.1,0.28,20.0,35.0,concrete,1,0.0,synthetic
2026-07-08T21:00:00,zone_07,cafeteria_patio,40.7125,-74.0063,23.6,93.3,1.3,0.55,40.0,50.0,concrete,2,0.0,synthetic
2026-07-08T21:00:00,zone_08,walkway,40.7132,-74.0056,25.0,89.5,2.0,0.34,10.0,15.0,asphalt,0,0.0,synthetic
2026-07-08T21:00:00,zone_09,garden,40.7124,-74.0064,23.3,87.1,0.0,0.56,60.0,70.0,grass,0,0.0,synthetic
2026-07-08T21:00:00,zone_10,gym_exterior,40.7133,-74.0065,24.7,85.3,2.2,0.11,10.0,20.0,concrete,1,0.0,synthetic
2026-07-08T21:00:00,zone_11,admin_building,40.7123,-74.0055,24.6,83.6,2.6,0.3,25.0,30.0,concrete,0,0.0,synthetic
2026-07-08T21:00:00,zone_12,entrance_plaza,40.7134,-74.0066,26.2,88.9,2.8,0.19,5.0,10.0,asphalt,3,0.0,synthetic
2026-07-08T22:00:00,zone_01,playground,40.7128,-74.006,25.5,87.4,3.1,0.46,5.0,10.0,asphalt,0,0.0,synthetic
2026-07-08T22:00:00,zone_02,parking_lot,40.713,-74.0062,27.0,88.5,2.6,0.2,0.0,0.0,asphalt,0,0.0,synthetic
2026-07-08T22:00:00,zone_03,courtyard,40.7126,-74.0058,24.6,89.7,3.7,0.66,15.0,25.0,concrete,0,0.0,synthetic
2026-07-08T22:00:00,zone_04,building_roof,40.7129,-74.0059,27.3,89.6,0.7,0.13,0.0,0.0,concrete,0,0.0,synthetic
2026-07-08T22:00:00,zone_05,sports_field,40.7131,-74.0061,23.4,87.9,0.7,0.13,0.0,5.0,grass,0,0.0,synthetic
2026-07-08T22:00:00,zone_06,library_exterior,40.7127,-74.0057,23.1,92.5,2.1,0.23,20.0,35.0,concrete,0,0.0,synthetic
2026-07-08T22:00:00,zone_07,cafeteria_patio,40.7125,-74.0063,24.0,91.4,3.1,0.21,40.0,50.0,concrete,0,0.0,synthetic
2026-07-08T22:00:00,zone_08,walkway,40.7132,-74.0056,24.4,88.4,1.3,0.74,10.0,15.0,asphalt,0,0.0,synthetic
2026-07-08T22:00:00,zone_09,garden,40.7124,-74.0064,22.6,86.8,2.9,0.8,60.0,70.0,grass,0,0.0,synthetic
2026-07-08T22:00:00,zone_10,gym_exterior,40.7133,-74.0065,24.1,89.8,3.7,0.35,10.0,20.0,concrete,0,0.0,synthetic
2026-07-08T22:00:00,zone_11,admin_building,40.7123,-74.0055,24.0,84.3,2.8,0.77,25.0,30.0,concrete,1,0.0,synthetic
2026-07-08T22:00:00,zone_12,entrance_plaza,40.7134,-74.0066,24.9,89.4,3.6,0.73,5.0,10.0,asphalt,0,0.0,synthetic
2026-07-08T23:00:00,zone_01,playground,40.7128,-74.006,24.7,91.7,0.3,0.11,5.0,10.0,asphalt,1,0.0,synthetic
2026-07-08T23:00:00,zone_02,parking_lot,40.713,-74.0062,26.4,89.5,1.5,0.3,0.0,0.0,asphalt,1,0.0,synthetic
2026-07-08T23:00:00,zone_03,courtyard,40.7126,-74.0058,23.9,91.3,2.2,0.23,15.0,25.0,concrete,0,0.0,synthetic
2026-07-08T23:00:00,zone_04,building_roof,40.7129,-74.0059,27.5,88.9,2.8,0.45,0.0,0.0,concrete,0,0.0,synthetic
2026-07-08T23:00:00,zone_05,sports_field,40.7131,-74.0061,24.2,88.2,1.8,0.65,0.0,5.0,grass,4,0.0,synthetic
2026-07-08T23:00:00,zone_06,library_exterior,40.7127,-74.0057,23.7,92.2,2.0,0.79,20.0,35.0,concrete,5,0.0,synthetic
2026-07-08T23:00:00,zone_07,cafeteria_patio,40.7125,-74.0063,23.7,87.8,1.2,0.76,40.0,50.0,concrete,0,0.0,synthetic
2026-07-08T23:00:00,zone_08,walkway,40.7132,-74.0056,24.7,89.0,1.1,0.25,10.0,15.0,asphalt,0,0.0,synthetic
2026-07-08T23:00:00,zone_09,garden,40.7124,-74.0064,21.6,93.0,3.3,0.72,60.0,70.0,grass,0,0.0,synthetic
2026-07-08T23:00:00,zone_10,gym_exterior,40.7133,-74.0065,24.4,85.4,1.2,0.39,10.0,20.0,concrete,1,0.0,synthetic
2026-07-08T23:00:00,zone_11,admin_building,40.7123,-74.0055,23.0,90.2,1.3,0.23,25.0,30.0,concrete,0,0.0,synthetic
2026-07-08T23:00:00,zone_12,entrance_plaza,40.7134,-74.0066,25.2,89.3,3.6,0.51,5.0,10.0,asphalt,0,0.0,synthetic
2026-07-09T00:00:00,zone_01,playground,40.7128,-74.006,25.4,87.9,3.3,0.38,5.0,10.0,asphalt,0,0.0,synthetic
2026-07-09T00:00:00,zone_02,parking_lot,40.713,-74.0062,26.7,90.7,3.6,0.72,0.0,0.0,asphalt,0,0.0,synthetic
2026-07-09T00:00:00,zone_03,courtyard,40.7126,-74.0058,24.1,89.6,1.4,0.48,15.0,25.0,concrete,1,0.0,synthetic
2026-07-09T00:00:00,zone_04,building_roof,40.7129,-74.0059,26.9,86.0,3.2,0.18,0.0,0.0,concrete,3,0.0,synthetic
2026-07-09T00:00:00,zone_05,sports_field,40.7131,-74.0061,24.0,83.5,2.5,0.78,0.0,5.0,grass,0,0.0,synthetic
2026-07-09T00:00:00,zone_06,library_exterior,40.7127,-74.0057,23.7,87.5,3.6,0.3,20.0,35.0,concrete,0,0.0,synthetic
2026-07-09T00:00:00,zone_07,cafeteria_patio,40.7125,-74.0063,23.5,88.0,1.9,0.39,40.0,50.0,concrete,0,0.0,synthetic
2026-07-09T00:00:00,zone_08,walkway,40.7132,-74.0056,24.9,94.3,2.3,0.61,10.0,15.0,asphalt,1,0.0,synthetic
2026-07-09T00:00:00,zone_09,garden,40.7124,-74.0064,22.2,85.9,1.3,0.49,60.0,70.0,grass,1,0.0,synthetic
2026-07-09T00:00:00,zone_10,gym_exterior,40.7133,-74.0065,24.7,87.4,0.8,0.48,10.0,20.0,concrete,0,0.0,synthetic
2026-07-09T00:00:00,zone_11,admin_building,40.7123,-74.0055,23.3,85.6,1.5,0.79,25.0,30.0,concrete,0,0.0,synthetic
2026-07-09T00:00:00,zone_12,entrance_plaza,40.7134,-74.0066,25.7,88.6,3.5,0.35,5.0,10.0,asphalt,0,0.0,synthetic
2026-07-09T01:00:00,zone_01,playground,40.7128,-74.006,26.3,89.3,1.3,0.56,5.0,10.0,asphalt,0,0.0,synthetic
2026-07-09T01:00:00,zone_02,parking_lot,40.713,-74.0062,26.4,80.8,3.9,0.32,0.0,0.0,asphalt,0,0.0,synthetic
2026-07-09T01:00:00,zone_03,courtyard,40.7126,-74.0058,24.5,86.1,2.7,0.34,15.0,25.0,concrete,3,0.0,synthetic
2026-07-09T01:00:00,zone_04,building_roof,40.7129,-74.0059,27.8,92.2,3.1,0.55,0.0,0.0,concrete,0,0.0,synthetic
2026-07-09T01:00:00,zone_05,sports_field,40.7131,-74.0061,23.5,89.5,1.9,0.55,0.0,5.0,grass,0,0.0,synthetic
2026-07-09T01:00:00,zone_06,library_exterior,40.7127,-74.0057,24.3,89.7,2.5,0.68,20.0,35.0,concrete,0,0.0,synthetic
2026-07-09T01:00:00,zone_07,cafeteria_patio,40.7125,-74.0063,24.1,89.5,1.6,0.45,40.0,50.0,concrete,0,0.0,synthetic
2026-07-09T01:00:00,zone_08,walkway,40.7132,-74.0056,24.2,85.8,1.9,0.35,10.0,15.0,asphalt,0,0.0,synthetic
2026-07-09T01:00:00,zone_09,garden,40.7124,-74.0064,23.7,88.3,2.8,0.15,60.0,70.0,grass,0,0.0,synthetic
2026-07-09T01:00:00,zone_10,gym_exterior,40.7133,-74.0065,24.7,85.9,2.8,0.34,10.0,20.0,concrete,0,0.0,synthetic
2026-07-09T01:00:00,zone_11,admin_building,40.7123,-74.0055,23.3,92.0,2.5,0.31,25.0,30.0,concrete,0,0.0,synthetic
2026-07-09T01:00:00,zone_12,entrance_plaza,40.7134,-74.0066,25.6,92.2,2.0,0.67,5.0,10.0,asphalt,0,0.0,synthetic
2026-07-09T02:00:00,zone_01,playground,40.7128,-74.006,26.7,80.9,2.5,0.43,5.0,10.0,asphalt,3,0.0,synthetic
2026-07-09T02:00:00,zone_02,parking_lot,40.713,-74.0062,28.1,83.9,2.5,0.55,0.0,0.0,asphalt,0,0.0,synthetic
2026-07-09T02:00:00,zone_03,courtyard,40.7126,-74.0058,26.0,82.3,2.6,0.37,15.0,25.0,concrete,0,0.0,synthetic
2026-07-09T02:00:00,zone_04,building_roof,40.7129,-74.0059,28.2,80.7,3.9,0.79,0.0,0.0,concrete,0,0.0,synthetic
2026-07-09T02:00:00,zone_05,sports_field,40.7131,-74.0061,25.4,74.4,4.7,0.46,0.0,5.0,grass,3,0.0,synthetic
2026-07-09T02:00:00,zone_06,library_exterior,40.7127,-74.0057,24.8,84.6,2.1,0.22,20.0,35.0,concrete,0,0.0,synthetic
2026-07-09T02:00:00,zone_07,cafeteria_patio,40.7125,-74.0063,24.8,83.1,1.8,0.63,40.0,50.0,concrete,2,0.0,synthetic
2026-07-09T02:00:00,zone_08,walkway,40.7132,-74.0056,25.7,87.3,1.9,0.68,10.0,15.0,asphalt,2,0.0,synthetic
2026-07-09T02:00:00,zone_09,garden,40.7124,-74.0064,24.1,82.4,3.2,0.43,60.0,70.0,grass,0,0.0,synthetic
2026-07-09T02:00:00,zone_10,gym_exterior,40.7133,-74.0065,25.9,85.0,2.0,0.4,10.0,20.0,concrete,0,0.0,synthetic
2026-07-09T02:00:00,zone_11,admin_building,40.7123,-74.0055,24.8,79.5,1.4,0.23,25.0,30.0,concrete,0,0.0,synthetic
2026-07-09T02:00:00,zone_12,entrance_plaza,40.7134,-74.0066,27.7,82.5,2.9,0.55,5.0,10.0,asphalt,0,0.0,synthetic
2026-07-09T03:00:00,zone_01,playground,40.7128,-74.006,28.0,81.2,3.9,0.15,5.0,10.0,asphalt,0,0.0,synthetic
2026-07-09T03:00:00,zone_02,parking_lot,40.713,-74.0062,29.2,79.0,2.8,0.11,0.0,0.0,asphalt,0,0.0,synthetic
2026-07-09T03:00:00,zone_03,courtyard,40.7126,-74.0058,26.9,79.8,3.9,0.21,15.0,25.0,concrete,0,0.0,synthetic
2026-07-09T03:00:00,zone_04,building_roof,40.7129,-74.0059,29.2,78.2,1.9,0.56,0.0,0.0,concrete,0,0.0,synthetic
2026-07-09T03:00:00,zone_05,sports_field,40.7131,-74.0061,25.8,76.5,1.4,0.26,0.0,5.0,grass,0,0.0,synthetic
2026-07-09T03:00:00,zone_06,library_exterior,40.7127,-74.0057,27.1,74.1,3.5,0.6,20.0,35.0,concrete,0,0.0,synthetic
2026-07-09T03:00:00,zone_07,cafeteria_patio,40.7125,-74.0063,26.4,83.0,0.2,0.31,40.0,50.0,concrete,0,0.0,synthetic
2026-07-09T03:00:00,zone_08,walkway,40.7132,-74.0056,26.6,74.3,2.1,0.79,10.0,15.0,asphalt,1,0.0,synthetic
2026-07-09T03:00:00,zone_09,garden,40.7124,-74.0064,24.6,71.0,1.0,0.2,60.0,70.0,grass,0,0.0,synthetic
2026-07-09T03:00:00,zone_10,gym_exterior,40.7133,-74.0065,26.1,76.6,1.1,0.42,10.0,20.0,concrete,0,0.0,synthetic
2026-07-09T03:00:00,zone_11,admin_building,40.7123,-74.0055,25.7,73.6,1.8,0.79,25.0,30.0,concrete,0,0.0,synthetic
2026-07-09T03:00:00,zone_12,entrance_plaza,40.7134,-74.0066,28.4,76.4,2.6,0.7,5.0,10.0,asphalt,2,0.0,synthetic
2026-07-09T04:00:00,zone_01,playground,40.7128,-74.006,28.7,69.1,2.4,0.63,5.0,10.0,asphalt,1,0.0,synthetic
2026-07-09T04:00:00,zone_02,parking_lot,40.713,-74.0062,30.6,71.6,2.3,0.57,0.0,0.0,asphalt,0,0.0,synthetic
2026-07-09T04:00:00,zone_03,courtyard,40.7126,-74.0058,27.8,73.5,1.2,0.68,15.0,25.0,concrete,0,0.0,synthetic
2026-07-09T04:00:00,zone_04,building_roof,40.7129,-74.0059,30.9,72.7,0.7,0.31,0.0,0.0,concrete,2,0.0,synthetic
2026-07-09T04:00:00,zone_05,sports_field,40.7131,-74.0061,27.3,69.3,5.4,0.75,0.0,5.0,grass,1,0.0,synthetic
2026-07-09T04:00:00,zone_06,library_exterior,40.7127,-74.0057,27.2,71.1,2.1,0.12,20.0,35.0,concrete,2,0.0,synthetic
2026-07-09T04:00:00,zone_07,cafeteria_patio,40.7125,-74.0063,27.1,70.1,1.7,0.49,40.0,50.0,concrete,2,0.0,synthetic
2026-07-09T04:00:00,zone_08,walkway,40.7132,-74.0056,28.4,75.2,2.5,0.54,10.0,15.0,asphalt,0,0.0,synthetic
2026-07-09T04:00:00,zone_09,garden,40.7124,-74.0064,26.6,75.7,2.1,0.57,60.0,70.0,grass,1,0.0,synthetic
2026-07-09T04:00:00,zone_10,gym_exterior,40.7133,-74.0065,27.8,69.0,2.8,0.13,10.0,20.0,concrete,1,0.0,synthetic
2026-07-09T04:00:00,zone_11,admin_building,40.7123,-74.0055,26.9,71.8,1.8,0.6,25.0,30.0,concrete,1,0.0,synthetic
2026-07-09T04:00:00,zone_12,entrance_plaza,40.7134,-74.0066,30.2,69.3,0.7,0.4,5.0,10.0,asphalt,0,0.0,synthetic
2026-07-09T05:00:00,zone_01,playground,40.7128,-74.006,30.1,64.2,0.9,0.73,5.0,10.0,asphalt,0,0.0,synthetic
2026-07-09T05:00:00,zone_02,parking_lot,40.713,-74.0062,33.1,64.3,1.9,0.78,0.0,0.0,asphalt,0,0.0,synthetic
2026-07-09T05:00:00,zone_03,courtyard,40.7126,-74.0058,28.3,60.7,1.8,0.62,15.0,25.0,concrete,0,0.0,synthetic
2026-07-09T05:00:00,zone_04,building_roof,40.7129,-74.0059,31.6,67.3,0.7,0.73,0.0,0.0,concrete,0,0.0,synthetic
2026-07-09T05:00:00,zone_05,sports_field,40.7131,-74.0061,27.8,66.2,2.5,0.74,0.0,5.0,grass,0,0.0,synthetic
2026-07-09T05:00:00,zone_06,library_exterior,40.7127,-74.0057,28.7,65.1,1.3,0.38,20.0,35.0,concrete,0,0.0,synthetic
2026-07-09T05:00:00,zone_07,cafeteria_patio,40.7125,-74.0063,28.0,61.8,2.4,0.25,40.0,50.0,concrete,1,0.0,synthetic
2026-07-09T05:00:00,zone_08,walkway,40.7132,-74.0056,29.6,63.9,3.4,0.41,10.0,15.0,asphalt,0,0.0,synthetic
2026-07-09T05:00:00,zone_09,garden,40.7124,-74.0064,27.2,58.9,2.4,0.13,60.0,70.0,grass,0,0.0,synthetic
2026-07-09T05:00:00,zone_10,gym_exterior,40.7133,-74.0065,28.9,65.1,3.0,0.35,10.0,20.0,concrete,0,0.0,synthetic
2026-07-09T05:00:00,zone_11,admin_building,40.7123,-74.0055,28.7,66.8,1.8,0.38,25.0,30.0,concrete,0,0.0,synthetic
2026-07-09T05:00:00,zone_12,entrance_plaza,40.7134,-74.0066,30.5,61.1,2.6,0.4,5.0,10.0,asphalt,0,0.0,synthetic
2026-07-09T06:00:00,zone_01,playground,40.7128,-74.006,31.2,59.6,0.0,0.38,5.0,10.0,asphalt,8,0.0,synthetic
2026-07-09T06:00:00,zone_02,parking_lot,40.713,-74.0062,33.3,57.2,3.3,0.79,0.0,0.0,asphalt,0,0.0,synthetic
2026-07-09T06:00:00,zone_03,courtyard,40.7126,-74.0058,30.3,56.4,1.5,0.53,15.0,25.0,concrete,4,0.0,synthetic
2026-07-09T06:00:00,zone_04,building_roof,40.7129,-74.0059,33.6,57.4,0.8,0.52,0.0,0.0,concrete,0,0.0,synthetic
2026-07-09T06:00:00,zone_05,sports_field,40.7131,-74.0061,29.5,56.0,0.2,0.47,0.0,5.0,grass,10,0.0,synthetic
2026-07-09T06:00:00,zone_06,library_exterior,40.7127,-74.0057,30.8,64.5,0.7,0.19,20.0,35.0,concrete,5,0.0,synthetic
2026-07-09T06:00:00,zone_07,cafeteria_patio,40.7125,-74.0063,29.9,59.8,1.4,0.45,40.0,50.0,concrete,3,0.0,synthetic
2026-07-09T06:00:00,zone_08,walkway,40.7132,-74.0056,31.8,59.8,1.9,0.68,10.0,15.0,asphalt,1,0.0,synthetic
2026-07-09T06:00:00,zone_09,garden,40.7124,-74.0064,28.2,58.0,1.5,0.23,60.0,70.0,grass,3,0.0,synthetic
2026-07-09T06:00:00,zone_10,gym_exterior,40.7133,-74.0065,30.5,60.6,1.6,0.33,10.0,20.0,concrete,5,0.0,synthetic
2026-07-09T06:00:00,zone_11,admin_building,40.7123,-74.0055,29.9,59.5,1.6,0.44,25.0,30.0,concrete,2,0.0,synthetic
2026-07-09T06:00:00,zone_12,entrance_plaza,40.7134,-74.0066,31.8,56.8,3.4,0.35,5.0,10.0,asphalt,3,0.0,synthetic
2026-07-09T07:00:00,zone_01,playground,40.7128,-74.006,32.1,53.0,2.2,0.44,5.0,10.0,asphalt,26,1.0,synthetic
2026-07-09T07:00:00,zone_02,parking_lot,40.713,-74.0062,33.8,51.9,2.9,0.7,0.0,0.0,asphalt,2,1.0,synthetic
2026-07-09T07:00:00,zone_03,courtyard,40.7126,-74.0058,31.8,56.3,3.9,0.37,15.0,25.0,concrete,13,1.0,synthetic
2026-07-09T07:00:00,zone_04,building_roof,40.7129,-74.0059,34.7,55.2,2.3,0.72,0.0,0.0,concrete,4,1.0,synthetic
2026-07-09T07:00:00,zone_05,sports_field,40.7131,-74.0061,30.7,48.3,2.0,0.72,0.0,5.0,grass,39,1.0,synthetic
2026-07-09T07:00:00,zone_06,library_exterior,40.7127,-74.0057,30.7,48.1,1.9,0.46,20.0,35.0,concrete,10,1.0,synthetic
2026-07-09T07:00:00,zone_07,cafeteria_patio,40.7125,-74.0063,30.2,49.8,1.2,0.72,40.0,50.0,concrete,18,1.0,synthetic
2026-07-09T07:00:00,zone_08,walkway,40.7132,-74.0056,31.7,54.2,2.8,0.23,10.0,15.0,asphalt,10,1.0,synthetic
2026-07-09T07:00:00,zone_09,garden,40.7124,-74.0064,29.7,47.8,3.0,0.47,60.0,70.0,grass,6,1.0,synthetic
2026-07-09T07:00:00,zone_10,gym_exterior,40.7133,-74.0065,32.1,54.8,3.3,0.33,10.0,20.0,concrete,13,1.0,synthetic
2026-07-09T07:00:00,zone_11,admin_building,40.7123,-74.0055,31.2,55.2,2.2,0.25,25.0,30.0,concrete,8,1.0,synthetic
2026-07-09T07:00:00,zone_12,entrance_plaza,40.7134,-74.0066,31.9,54.6,1.8,0.69,5.0,10.0,asphalt,13,1.0,synthetic
2026-07-09T08:00:00,zone_01,playground,40.7128,-74.006,34.1,50.7,2.4,0.33,5.0,10.0,asphalt,65,1.0,synthetic
2026-07-09T08:00:00,zone_02,parking_lot,40.713,-74.0062,34.5,47.7,0.8,0.49,0.0,0.0,asphalt,8,1.0,synthetic
2026-07-09T08:00:00,zone_03,courtyard,40.7126,-74.0058,31.9,52.1,3.1,0.18,15.0,25.0,concrete,36,1.0,synthetic
2026-07-09T08:00:00,zone_04,building_roof,40.7129,-74.0059,35.3,48.7,1.5,0.71,0.0,0.0,concrete,6,1.0,synthetic
2026-07-09T08:00:00,zone_05,sports_field,40.7131,-74.0061,31.8,47.4,1.4,0.65,0.0,5.0,grass,96,1.0,synthetic
2026-07-09T08:00:00,zone_06,library_exterior,40.7127,-74.0057,32.1,44.3,3.1,0.23,20.0,35.0,concrete,24,1.0,synthetic
2026-07-09T08:00:00,zone_07,cafeteria_patio,40.7125,-74.0063,32.1,50.6,1.4,0.19,40.0,50.0,concrete,47,1.0,synthetic
2026-07-09T08:00:00,zone_08,walkway,40.7132,-74.0056,32.4,45.8,2.0,0.5,10.0,15.0,asphalt,20,1.0,synthetic
2026-07-09T08:00:00,zone_09,garden,40.7124,-74.0064,31.0,49.9,0.4,0.29,60.0,70.0,grass,17,1.0,synthetic
2026-07-09T08:00:00,zone_10,gym_exterior,40.7133,-74.0065,32.7,45.5,2.1,0.32,10.0,20.0,concrete,31,1.0,synthetic
2026-07-09T08:00:00,zone_11,admin_building,40.7123,-74.0055,31.6,47.6,1.5,0.53,25.0,30.0,concrete,14,1.0,synthetic
2026-07-09T08:00:00,zone_12,entrance_plaza,40.7134,-74.0066,33.9,45.1,2.3,0.7,5.0,10.0,asphalt,28,1.0,synthetic
2026-07-09T09:00:00,zone_01,playground,40.7128,-74.006,34.7,51.2,2.5,0.48,5.0,10.0,asphalt,79,1.0,synthetic
2026-07-09T09:00:00,zone_02,parking_lot,40.713,-74.0062,36.2,42.5,3.3,0.4,0.0,0.0,asphalt,10,1.0,synthetic
2026-07-09T09:00:00,zone_03,courtyard,40.7126,-74.0058,33.2,40.4,4.2,0.17,15.0,25.0,concrete,42,1.0,synthetic
2026-07-09T09:00:00,zone_04,building_roof,40.7129,-74.0059,36.4,39.1,0.0,0.64,0.0,0.0,concrete,7,1.0,synthetic
2026-07-09T09:00:00,zone_05,sports_field,40.7131,-74.0061,34.0,44.5,3.0,0.11,0.0,5.0,grass,120,1.0,synthetic
2026-07-09T09:00:00,zone_06,library_exterior,40.7127,-74.0057,33.5,42.9,1.4,0.79,20.0,35.0,concrete,26,1.0,synthetic
2026-07-09T09:00:00,zone_07,cafeteria_patio,40.7125,-74.0063,33.4,34.4,2.5,0.29,40.0,50.0,concrete,61,1.0,synthetic
2026-07-09T09:00:00,zone_08,walkway,40.7132,-74.0056,33.8,42.3,0.5,0.64,10.0,15.0,asphalt,29,1.0,synthetic
2026-07-09T09:00:00,zone_09,garden,40.7124,-74.0064,32.0,48.4,0.0,0.54,60.0,70.0,grass,14,1.0,synthetic
2026-07-09T09:00:00,zone_10,gym_exterior,40.7133,-74.0065,33.0,45.3,1.5,0.23,10.0,20.0,concrete,41,1.0,synthetic
2026-07-09T09:00:00,zone_11,admin_building,40.7123,-74.0055,33.7,41.5,2.1,0.3,25.0,30.0,concrete,19,1.0,synthetic
2026-07-09T09:00:00,zone_12,entrance_plaza,40.7134,-74.0066,35.1,46.3,2.3,0.27,5.0,10.0,asphalt,28,1.0,synthetic
2026-07-09T10:00:00,zone_01,playground,40.7128,-74.006,34.2,47.2,0.0,0.11,5.0,10.0,asphalt,79,1.0,synthetic
2026-07-09T10:00:00,zone_02,parking_lot,40.713,-74.0062,35.3,41.7,1.3,0.19,0.0,0.0,asphalt,7,1.0,synthetic
2026-07-09T10:00:00,zone_03,courtyard,40.7126,-74.0058,34.8,41.1,3.2,0.42,15.0,25.0,concrete,46,1.0,synthetic
2026-07-09T10:00:00,zone_04,building_roof,40.7129,-74.0059,37.5,41.1,3.7,0.4,0.0,0.0,concrete,4,1.0,synthetic
2026-07-09T10:00:00,zone_05,sports_field,40.7131,-74.0061,34.1,39.4,1.5,0.26,0.0,5.0,grass,118,1.0,synthetic
2026-07-09T10:00:00,zone_06,library_exterior,40.7127,-74.0057,33.0,38.9,3.3,0.65,20.0,35.0,concrete,30,1.0,synthetic
2026-07-09T10:00:00,zone_07,cafeteria_patio,40.7125,-74.0063,32.3,45.5,2.5,0.62,40.0,50.0,concrete,61,1.0,synthetic
2026-07-09T10:00:00,zone_08,walkway,40.7132,-74.0056,34.3,36.7,2.0,0.58,10.0,15.0,asphalt,27,1.0,synthetic
2026-07-09T10:00:00,zone_09,garden,40.7124,-74.0064,32.9,41.7,2.6,0.19,60.0,70.0,grass,12,1.0,synthetic
2026-07-09T10:00:00,zone_10,gym_exterior,40.7133,-74.0065,34.6,43.6,2.1,0.39,10.0,20.0,concrete,40,1.0,synthetic
2026-07-09T10:00:00,zone_11,admin_building,40.7123,-74.0055,33.3,37.8,1.6,0.37,25.0,30.0,concrete,18,1.0,synthetic
2026-07-09T10:00:00,zone_12,entrance_plaza,40.7134,-74.0066,35.8,43.1,1.7,0.75,5.0,10.0,asphalt,35,1.0,synthetic
2026-07-09T11:00:00,zone_01,playground,40.7128,-74.006,34.7,41.6,1.0,0.39,5.0,10.0,asphalt,76,1.0,synthetic
2026-07-09T11:00:00,zone_02,parking_lot,40.713,-74.0062,36.4,42.9,2.2,0.43,0.0,0.0,asphalt,10,1.0,synthetic
2026-07-09T11:00:00,zone_03,courtyard,40.7126,-74.0058,33.4,40.4,2.0,0.2,15.0,25.0,concrete,40,1.0,synthetic
2026-07-09T11:00:00,zone_04,building_roof,40.7129,-74.0059,37.3,37.3,1.8,0.45,0.0,0.0,concrete,6,1.0,synthetic
2026-07-09T11:00:00,zone_05,sports_field,40.7131,-74.0061,33.6,35.0,2.6,0.37,0.0,5.0,grass,110,1.0,synthetic
2026-07-09T11:00:00,zone_06,library_exterior,40.7127,-74.0057,33.9,38.9,3.3,0.46,20.0,35.0,concrete,26,1.0,synthetic
2026-07-09T11:00:00,zone_07,cafeteria_patio,40.7125,-74.0063,33.5,40.7,2.1,0.46,40.0,50.0,concrete,55,1.0,synthetic
2026-07-09T11:00:00,zone_08,walkway,40.7132,-74.0056,34.6,39.7,0.9,0.4,10.0,15.0,asphalt,22,1.0,synthetic
2026-07-09T11:00:00,zone_09,garden,40.7124,-74.0064,32.5,36.8,0.1,0.15,60.0,70.0,grass,14,1.0,synthetic
2026-07-09T11:00:00,zone_10,gym_exterior,40.7133,-74.0065,34.0,43.1,1.9,0.24,10.0,20.0,concrete,39,1.0,synthetic
2026-07-09T11:00:00,zone_11,admin_building,40.7123,-74.0055,33.4,37.5,1.9,0.42,25.0,30.0,concrete,17,1.0,synthetic
2026-07-09T11:00:00,zone_12,entrance_plaza,40.7134,-74.0066,35.8,34.8,2.4,0.33,5.0,10.0,asphalt,30,1.0,synthetic
2026-07-09T12:00:00,zone_01,playground,40.7128,-74.006,35.6,42.9,0.4,0.45,5.0,10.0,asphalt,59,1.0,synthetic
2026-07-09T12:00:00,zone_02,parking_lot,40.713,-74.0062,36.6,41.8,1.8,0.64,0.0,0.0,asphalt,6,1.0,synthetic
2026-07-09T12:00:00,zone_03,courtyard,40.7126,-74.0058,32.9,38.6,3.7,0.8,15.0,25.0,concrete,29,1.0,synthetic
2026-07-09T12:00:00,zone_04,building_roof,40.7129,-74.0059,36.1,40.7,3.7,0.24,0.0,0.0,concrete,7,1.0,synthetic
2026-07-09T12:00:00,zone_05,sports_field,40.7131,-74.0061,33.9,43.5,1.2,0.79,0.0,5.0,grass,82,1.0,synthetic
2026-07-09T12:00:00,zone_06,library_exterior,40.7127,-74.0057,34.3,38.9,3.4,0.64,20.0,35.0,concrete,21,1.0,synthetic
2026-07-09T12:00:00,zone_07,cafeteria_patio,40.7125,-74.0063,33.6,42.1,2.1,0.27,40.0,50.0,concrete,43,1.0,synthetic
2026-07-09T12:00:00,zone_08,walkway,40.7132,-74.0056,35.0,39.2,0.9,0.14,10.0,15.0,asphalt,17,1.0,synthetic
2026-07-09T12:00:00,zone_09,garden,40.7124,-74.0064,31.8,43.3,3.7,0.49,60.0,70.0,grass,10,1.0,synthetic
2026-07-09T12:00:00,zone_10,gym_exterior,40.7133,-74.0065,33.7,38.4,2.2,0.24,10.0,20.0,concrete,33,1.0,synthetic
2026-07-09T12:00:00,zone_11,admin_building,40.7123,-74.0055,33.4,41.9,3.9,0.23,25.0,30.0,concrete,14,1.0,synthetic
2026-07-09T12:00:00,zone_12,entrance_plaza,40.7134,-74.0066,34.8,43.6,1.7,0.72,5.0,10.0,asphalt,24,1.0,synthetic
2026-07-09T13:00:00,zone_01,playground,40.7128,-74.006,34.8,39.4,0.0,0.55,5.0,10.0,asphalt,72,1.0,synthetic
2026-07-09T13:00:00,zone_02,parking_lot,40.713,-74.0062,35.9,45.6,1.5,0.43,0.0,0.0,asphalt,11,1.0,synthetic
2026-07-09T13:00:00,zone_03,courtyard,40.7126,-74.0058,33.2,46.4,1.6,0.21,15.0,25.0,concrete,40,1.0,synthetic
2026-07-09T13:00:00,zone_04,building_roof,40.7129,-74.0059,37.0,46.0,0.9,0.41,0.0,0.0,concrete,4,1.0,synthetic
2026-07-09T13:00:00,zone_05,sports_field,40.7131,-74.0061,32.8,36.7,2.3,0.16,0.0,5.0,grass,108,1.0,synthetic
2026-07-09T13:00:00,zone_06,library_exterior,40.7127,-74.0057,33.1,46.3,1.4,0.57,20.0,35.0,concrete,27,1.0,synthetic
2026-07-09T13:00:00,zone_07,cafeteria_patio,40.7125,-74.0063,32.5,38.8,1.8,0.17,40.0,50.0,concrete,54,1.0,synthetic
2026-07-09T13:00:00,zone_08,walkway,40.7132,-74.0056,33.3,44.3,2.6,0.12,10.0,15.0,asphalt,20,1.0,synthetic
2026-07-09T13:00:00,zone_09,garden,40.7124,-74.0064,31.9,45.6,1.9,0.15,60.0,70.0,grass,13,1.0,synthetic
2026-07-09T13:00:00,zone_10,gym_exterior,40.7133,-74.0065,34.3,40.3,0.0,0.18,10.0,20.0,concrete,35,1.0,synthetic
2026-07-09T13:00:00,zone_11,admin_building,40.7123,-74.0055,32.7,42.6,1.7,0.52,25.0,30.0,concrete,18,1.0,synthetic
2026-07-09T13:00:00,zone_12,entrance_plaza,40.7134,-74.0066,34.2,41.3,1.3,0.38,5.0,10.0,asphalt,35,1.0,synthetic
2026-07-09T14:00:00,zone_01,playground,40.7128,-74.006,33.4,55.1,2.5,0.57,5.0,10.0,asphalt,77,1.0,synthetic
2026-07-09T14:00:00,zone_02,parking_lot,40.713,-74.0062,35.0,46.0,3.1,0.72,0.0,0.0,asphalt,10,1.0,synthetic
2026-07-09T14:00:00,zone_03,courtyard,40.7126,-74.0058,32.5,45.2,0.9,0.64,15.0,25.0,concrete,45,1.0,synthetic
2026-07-09T14:00:00,zone_04,building_roof,40.7129,-74.0059,35.7,48.1,2.5,0.73,0.0,0.0,concrete,6,1.0,synthetic
2026-07-09T14:00:00,zone_05,sports_field,40.7131,-74.0061,32.1,45.5,1.5,0.46,0.0,5.0,grass,120,1.0,synthetic
2026-07-09T14:00:00,zone_06,library_exterior,40.7127,-74.0057,31.7,48.6,2.8,0.43,20.0,35.0,concrete,28,1.0,synthetic
2026-07-09T14:00:00,zone_07,cafeteria_patio,40.7125,-74.0063,31.6,50.0,1.6,0.12,40.0,50.0,concrete,60,1.0,synthetic
2026-07-09T14:00:00,zone_08,walkway,40.7132,-74.0056,32.6,44.5,2.6,0.79,10.0,15.0,asphalt,26,1.0,synthetic
2026-07-09T14:00:00,zone_09,garden,40.7124,-74.0064,30.7,52.3,3.0,0.76,60.0,70.0,grass,16,1.0,synthetic
2026-07-09T14:00:00,zone_10,gym_exterior,40.7133,-74.0065,32.9,45.4,2.0,0.58,10.0,20.0,concrete,38,1.0,synthetic
2026-07-09T14:00:00,zone_11,admin_building,40.7123,-74.0055,32.4,43.0,1.2,0.41,25.0,30.0,concrete,18,1.0,synthetic
2026-07-09T14:00:00,zone_12,entrance_plaza,40.7134,-74.0066,32.8,51.7,0.1,0.21,5.0,10.0,asphalt,35,1.0,synthetic
2026-07-09T15:00:00,zone_01,playground,40.7128,-74.006,33.2,53.7,1.2,0.77,5.0,10.0,asphalt,66,1.0,synthetic
2026-07-09T15:00:00,zone_02,parking_lot,40.713,-74.0062,33.5,56.1,2.2,0.16,0.0,0.0,asphalt,5,1.0,synthetic
2026-07-09T15:00:00,zone_03,courtyard,40.7126,-74.0058,31.5,57.1,2.4,0.25,15.0,25.0,concrete,31,1.0,synthetic
2026-07-09T15:00:00,zone_04,building_roof,40.7129,-74.0059,34.7,52.6,1.8,0.27,0.0,0.0,concrete,4,1.0,synthetic
2026-07-09T15:00:00,zone_05,sports_field,40.7131,-74.0061,30.7,48.4,2.2,0.55,0.0,5.0,grass,94,1.0,synthetic
2026-07-09T15:00:00,zone_06,library_exterior,40.7127,-74.0057,30.0,55.1,1.9,0.38,20.0,35.0,concrete,22,1.0,synthetic
2026-07-09T15:00:00,zone_07,cafeteria_patio,40.7125,-74.0063,31.1,54.7,2.1,0.7,40.0,50.0,concrete,49,1.0,synthetic
2026-07-09T15:00:00,zone_08,walkway,40.7132,-74.0056,32.0,50.4,3.1,0.17,10.0,15.0,asphalt,20,1.0,synthetic
2026-07-09T15:00:00,zone_09,garden,40.7124,-74.0064,29.7,48.1,1.6,0.68,60.0,70.0,grass,11,1.0,synthetic
2026-07-09T15:00:00,zone_10,gym_exterior,40.7133,-74.0065,32.1,53.1,1.0,0.42,10.0,20.0,concrete,32,1.0,synthetic
2026-07-09T15:00:00,zone_11,admin_building,40.7123,-74.0055,31.7,46.9,1.7,0.8,25.0,30.0,concrete,16,1.0,synthetic
2026-07-09T15:00:00,zone_12,entrance_plaza,40.7134,-74.0066,32.2,60.3,2.5,0.28,5.0,10.0,asphalt,27,1.0,synthetic
2026-07-09T16:00:00,zone_01,playground,40.7128,-74.006,31.0,61.1,2.0,0.24,5.0,10.0,asphalt,39,1.0,synthetic
2026-07-09T16:00:00,zone_02,parking_lot,40.713,-74.0062,33.1,62.4,2.5,0.55,0.0,0.0,asphalt,4,1.0,synthetic
2026-07-09T16:00:00,zone_03,courtyard,40.7126,-74.0058,30.8,60.0,0.9,0.55,15.0,25.0,concrete,26,1.0,synthetic
2026-07-09T16:00:00,zone_04,building_roof,40.7129,-74.0059,32.8,56.8,0.7,0.16,0.0,0.0,concrete,3,1.0,synthetic
2026-07-09T16:00:00,zone_05,sports_field,40.7131,-74.0061,30.4,56.4,1.7,0.38,0.0,5.0,grass,56,1.0,synthetic
2026-07-09T16:00:00,zone_06,library_exterior,40.7127,-74.0057,29.4,62.6,3.7,0.62,20.0,35.0,concrete,11,1.0,synthetic
2026-07-09T16:00:00,zone_07,cafeteria_patio,40.7125,-74.0063,29.9,59.5,3.0,0.59,40.0,50.0,concrete,30,1.0,synthetic
2026-07-09T16:00:00,zone_08,walkway,40.7132,-74.0056,30.2,62.1,2.2,0.25,10.0,15.0,asphalt,12,1.0,synthetic
2026-07-09T16:00:00,zone_09,garden,40.7124,-74.0064,28.1,63.3,2.0,0.26,60.0,70.0,grass,7,1.0,synthetic
2026-07-09T16:00:00,zone_10,gym_exterior,40.7133,-74.0065,31.3,55.0,2.2,0.75,10.0,20.0,concrete,19,1.0,synthetic
2026-07-09T16:00:00,zone_11,admin_building,40.7123,-74.0055,30.1,57.5,2.5,0.65,25.0,30.0,concrete,12,1.0,synthetic
2026-07-09T16:00:00,zone_12,entrance_plaza,40.7134,-74.0066,31.7,59.6,4.0,0.22,5.0,10.0,asphalt,18,1.0,synthetic
2026-07-09T17:00:00,zone_01,playground,40.7128,-74.006,30.0,66.3,3.7,0.47,5.0,10.0,asphalt,25,1.0,synthetic
2026-07-09T17:00:00,zone_02,parking_lot,40.713,-74.0062,31.4,59.8,2.2,0.38,0.0,0.0,asphalt,3,1.0,synthetic
2026-07-09T17:00:00,zone_03,courtyard,40.7126,-74.0058,29.4,66.6,3.2,0.26,15.0,25.0,concrete,9,1.0,synthetic
2026-07-09T17:00:00,zone_04,building_roof,40.7129,-74.0059,33.1,64.5,1.8,0.64,0.0,0.0,concrete,2,1.0,synthetic
2026-07-09T17:00:00,zone_05,sports_field,40.7131,-74.0061,28.9,65.5,0.4,0.72,0.0,5.0,grass,35,1.0,synthetic
2026-07-09T17:00:00,zone_06,library_exterior,40.7127,-74.0057,28.7,65.0,0.8,0.54,20.0,35.0,concrete,9,1.0,synthetic
2026-07-09T17:00:00,zone_07,cafeteria_patio,40.7125,-74.0063,28.2,71.1,2.1,0.69,40.0,50.0,concrete,18,1.0,synthetic
2026-07-09T17:00:00,zone_08,walkway,40.7132,-74.0056,29.9,66.6,2.2,0.33,10.0,15.0,asphalt,7,1.0,synthetic
2026-07-09T17:00:00,zone_09,garden,40.7124,-74.0064,27.6,66.4,1.2,0.43,60.0,70.0,grass,3,1.0,synthetic
2026-07-09T17:00:00,zone_10,gym_exterior,40.7133,-74.0065,28.9,67.6,0.1,0.66,10.0,20.0,concrete,10,1.0,synthetic
2026-07-09T17:00:00,zone_11,admin_building,40.7123,-74.0055,29.6,65.9,1.0,0.69,25.0,30.0,concrete,6,1.0,synthetic
2026-07-09T17:00:00,zone_12,entrance_plaza,40.7134,-74.0066,30.9,62.3,1.0,0.32,5.0,10.0,asphalt,8,1.0,synthetic
2026-07-09T18:00:00,zone_01,playground,40.7128,-74.006,28.9,76.3,1.6,0.58,5.0,10.0,asphalt,9,0.0,synthetic
2026-07-09T18:00:00,zone_02,parking_lot,40.713,-74.0062,29.9,72.8,1.6,0.35,0.0,0.0,asphalt,0,0.0,synthetic
2026-07-09T18:00:00,zone_03,courtyard,40.7126,-74.0058,28.3,68.1,2.7,0.75,15.0,25.0,concrete,3,0.0,synthetic
2026-07-09T18:00:00,zone_04,building_roof,40.7129,-74.0059,31.7,75.0,2.8,0.79,0.0,0.0,concrete,0,0.0,synthetic
2026-07-09T18:00:00,zone_05,sports_field,40.7131,-74.0061,28.0,73.5,1.3,0.66,0.0,5.0,grass,12,0.0,synthetic
2026-07-09T18:00:00,zone_06,library_exterior,40.7127,-74.0057,27.5,67.8,1.0,0.34,20.0,35.0,concrete,7,0.0,synthetic
2026-07-09T18:00:00,zone_07,cafeteria_patio,40.7125,-74.0063,26.0,70.5,0.0,0.5,40.0,50.0,concrete,5,0.0,synthetic
2026-07-09T18:00:00,zone_08,walkway,40.7132,-74.0056,27.5,71.5,3.1,0.12,10.0,15.0,asphalt,2,0.0,synthetic
2026-07-09T18:00:00,zone_09,garden,40.7124,-74.0064,26.5,77.2,2.4,0.36,60.0,70.0,grass,1,0.0,synthetic
2026-07-09T18:00:00,zone_10,gym_exterior,40.7133,-74.0065,28.3,69.9,2.8,0.54,10.0,20.0,concrete,4,0.0,synthetic
2026-07-09T18:00:00,zone_11,admin_building,40.7123,-74.0055,27.7,73.0,1.3,0.46,25.0,30.0,concrete,2,0.0,synthetic
2026-07-09T18:00:00,zone_12,entrance_plaza,40.7134,-74.0066,29.3,70.4,2.6,0.23,5.0,10.0,asphalt,3,0.0,synthetic
2026-07-09T19:00:00,zone_01,playground,40.7128,-74.006,26.8,78.9,3.5,0.61,5.0,10.0,asphalt,1,0.0,synthetic
2026-07-09T19:00:00,zone_02,parking_lot,40.713,-74.0062,29.2,78.4,1.8,0.58,0.0,0.0,asphalt,0,0.0,synthetic
2026-07-09T19:00:00,zone_03,courtyard,40.7126,-74.0058,25.8,77.5,0.0,0.37,15.0,25.0,concrete,2,0.0,synthetic
2026-07-09T19:00:00,zone_04,building_roof,40.7129,-74.0059,29.3,81.3,1.0,0.76,0.0,0.0,concrete,2,0.0,synthetic
2026-07-09T19:00:00,zone_05,sports_field,40.7131,-74.0061,26.5,78.8,1.4,0.44,0.0,5.0,grass,2,0.0,synthetic
2026-07-09T19:00:00,zone_06,library_exterior,40.7127,-74.0057,26.0,74.8,2.3,0.61,20.0,35.0,concrete,0,0.0,synthetic
2026-07-09T19:00:00,zone_07,cafeteria_patio,40.7125,-74.0063,25.4,77.3,1.8,0.42,40.0,50.0,concrete,0,0.0,synthetic
2026-07-09T19:00:00,zone_08,walkway,40.7132,-74.0056,27.1,81.1,2.3,0.6,10.0,15.0,asphalt,0,0.0,synthetic
2026-07-09T19:00:00,zone_09,garden,40.7124,-74.0064,25.8,86.3,2.3,0.74,60.0,70.0,grass,0,0.0,synthetic
2026-07-09T19:00:00,zone_10,gym_exterior,40.7133,-74.0065,26.6,76.2,1.7,0.56,10.0,20.0,concrete,1,0.0,synthetic
2026-07-09T19:00:00,zone_11,admin_building,40.7123,-74.0055,27.3,80.1,0.3,0.13,25.0,30.0,concrete,0,0.0,synthetic
2026-07-09T19:00:00,zone_12,entrance_plaza,40.7134,-74.0066,28.4,80.1,3.2,0.27,5.0,10.0,asphalt,2,0.0,synthetic
2026-07-09T20:00:00,zone_01,playground,40.7128,-74.006,25.5,82.4,3.1,0.74,5.0,10.0,asphalt,0,0.0,synthetic
2026-07-09T20:00:00,zone_02,parking_lot,40.713,-74.0062,28.0,85.4,2.7,0.25,0.0,0.0,asphalt,0,0.0,synthetic
2026-07-09T20:00:00,zone_03,courtyard,40.7126,-74.0058,25.0,80.4,0.0,0.21,15.0,25.0,concrete,0,0.0,synthetic
2026-07-09T20:00:00,zone_04,building_roof,40.7129,-74.0059,29.0,82.3,3.0,0.24,0.0,0.0,concrete,0,0.0,synthetic
2026-07-09T20:00:00,zone_05,sports_field,40.7131,-74.0061,25.1,79.1,4.1,0.66,0.0,5.0,grass,0,0.0,synthetic
2026-07-09T20:00:00,zone_06,library_exterior,40.7127,-74.0057,24.6,81.3,1.0,0.3,20.0,35.0,concrete,0,0.0,synthetic
2026-07-09T20:00:00,zone_07,cafeteria_patio,40.7125,-74.0063,24.5,78.8,3.1,0.6,40.0,50.0,concrete,3,0.0,synthetic
2026-07-09T20:00:00,zone_08,walkway,40.7132,-74.0056,25.6,83.7,1.3,0.69,10.0,15.0,asphalt,0,0.0,synthetic
2026-07-09T20:00:00,zone_09,garden,40.7124,-74.0064,23.6,84.6,2.2,0.52,60.0,70.0,grass,0,0.0,synthetic
2026-07-09T20:00:00,zone_10,gym_exterior,40.7133,-74.0065,25.3,85.1,2.6,0.58,10.0,20.0,concrete,0,0.0,synthetic
2026-07-09T20:00:00,zone_11,admin_building,40.7123,-74.0055,25.3,88.4,3.6,0.29,25.0,30.0,concrete,0,0.0,synthetic
2026-07-09T20:00:00,zone_12,entrance_plaza,40.7134,-74.0066,27.4,81.6,2.5,0.59,5.0,10.0,asphalt,0,0.0,synthetic
2026-07-09T21:00:00,zone_01,playground,40.7128,-74.006,26.3,85.9,2.6,0.42,5.0,10.0,asphalt,1,0.0,synthetic
2026-07-09T21:00:00,zone_02,parking_lot,40.713,-74.0062,27.7,81.9,1.8,0.43,0.0,0.0,asphalt,0,0.0,synthetic
2026-07-09T21:00:00,zone_03,courtyard,40.7126,-74.0058,24.5,86.4,1.1,0.68,15.0,25.0,concrete,0,0.0,synthetic
2026-07-09T21:00:00,zone_04,building_roof,40.7129,-74.0059,27.5,91.5,2.9,0.3,0.0,0.0,concrete,0,0.0,synthetic
2026-07-09T21:00:00,zone_05,sports_field,40.7131,-74.0061,24.4,88.1,1.6,0.12,0.0,5.0,grass,0,0.0,synthetic
2026-07-09T21:00:00,zone_06,library_exterior,40.7127,-74.0057,24.8,84.5,2.8,0.28,20.0,35.0,concrete,0,0.0,synthetic
2026-07-09T21:00:00,zone_07,cafeteria_patio,40.7125,-74.0063,24.1,86.5,1.3,0.31,40.0,50.0,concrete,0,0.0,synthetic
2026-07-09T21:00:00,zone_08,walkway,40.7132,-74.0056,25.2,83.7,3.5,0.67,10.0,15.0,asphalt,0,0.0,synthetic
2026-07-09T21:00:00,zone_09,garden,40.7124,-74.0064,22.9,86.8,1.4,0.53,60.0,70.0,grass,0,0.0,synthetic
2026-07-09T21:00:00,zone_10,gym_exterior,40.7133,-74.0065,24.4,88.5,1.4,0.51,10.0,20.0,concrete,1,0.0,synthetic
2026-07-09T21:00:00,zone_11,admin_building,40.7123,-74.0055,24.1,88.4,2.7,0.75,25.0,30.0,concrete,1,0.0,synthetic
2026-07-09T21:00:00,zone_12,entrance_plaza,40.7134,-74.0066,26.0,85.4,2.3,0.16,5.0,10.0,asphalt,3,0.0,synthetic
2026-07-09T22:00:00,zone_01,playground,40.7128,-74.006,25.3,83.7,2.5,0.54,5.0,10.0,asphalt,1,0.0,synthetic
2026-07-09T22:00:00,zone_02,parking_lot,40.713,-74.0062,25.7,89.0,1.8,0.12,0.0,0.0,asphalt,0,0.0,synthetic
2026-07-09T22:00:00,zone_03,courtyard,40.7126,-74.0058,24.0,84.9,1.5,0.51,15.0,25.0,concrete,0,0.0,synthetic
2026-07-09T22:00:00,zone_04,building_roof,40.7129,-74.0059,26.8,89.4,1.3,0.62,0.0,0.0,concrete,2,0.0,synthetic
2026-07-09T22:00:00,zone_05,sports_field,40.7131,-74.0061,23.3,88.7,3.8,0.38,0.0,5.0,grass,0,0.0,synthetic
2026-07-09T22:00:00,zone_06,library_exterior,40.7127,-74.0057,24.3,86.9,2.1,0.35,20.0,35.0,concrete,0,0.0,synthetic
2026-07-09T22:00:00,zone_07,cafeteria_patio,40.7125,-74.0063,23.9,86.6,1.2,0.38,40.0,50.0,concrete,0,0.0,synthetic
2026-07-09T22:00:00,zone_08,walkway,40.7132,-74.0056,24.9,89.8,1.7,0.65,10.0,15.0,asphalt,4,0.0,synthetic
2026-07-09T22:00:00,zone_09,garden,40.7124,-74.0064,22.4,89.7,3.3,0.32,60.0,70.0,grass,0,0.0,synthetic
2026-07-09T22:00:00,zone_10,gym_exterior,40.7133,-74.0065,24.8,88.5,2.5,0.29,10.0,20.0,concrete,1,0.0,synthetic
2026-07-09T22:00:00,zone_11,admin_building,40.7123,-74.0055,23.6,87.3,1.3,0.2,25.0,30.0,concrete,0,0.0,synthetic
2026-07-09T22:00:00,zone_12,entrance_plaza,40.7134,-74.0066,25.9,85.8,2.9,0.28,5.0,10.0,asphalt,4,0.0,synthetic
2026-07-09T23:00:00,zone_01,playground,40.7128,-74.006,24.6,89.3,2.3,0.79,5.0,10.0,asphalt,0,0.0,synthetic
2026-07-09T23:00:00,zone_02,parking_lot,40.713,-74.0062,26.8,90.7,1.7,0.8,0.0,0.0,asphalt,0,0.0,synthetic
2026-07-09T23:00:00,zone_03,courtyard,40.7126,-74.0058,24.1,88.1,1.4,0.55,15.0,25.0,concrete,0,0.0,synthetic
2026-07-09T23:00:00,zone_04,building_roof,40.7129,-74.0059,26.2,88.8,0.8,0.77,0.0,0.0,concrete,0,0.0,synthetic
2026-07-09T23:00:00,zone_05,sports_field,40.7131,-74.0061,23.4,94.2,2.5,0.21,0.0,5.0,grass,0,0.0,synthetic
2026-07-09T23:00:00,zone_06,library_exterior,40.7127,-74.0057,23.5,86.4,2.0,0.29,20.0,35.0,concrete,0,0.0,synthetic
2026-07-09T23:00:00,zone_07,cafeteria_patio,40.7125,-74.0063,22.5,96.6,1.0,0.2,40.0,50.0,concrete,0,0.0,synthetic
2026-07-09T23:00:00,zone_08,walkway,40.7132,-74.0056,24.3,89.1,2.1,0.6,10.0,15.0,asphalt,0,0.0,synthetic
2026-07-09T23:00:00,zone_09,garden,40.7124,-74.0064,23.2,86.9,2.3,0.15,60.0,70.0,grass,0,0.0,synthetic
2026-07-09T23:00:00,zone_10,gym_exterior,40.7133,-74.0065,24.4,91.2,1.2,0.29,10.0,20.0,concrete,0,0.0,synthetic
2026-07-09T23:00:00,zone_11,admin_building,40.7123,-74.0055,23.9,84.7,1.8,0.61,25.0,30.0,concrete,0,0.0,synthetic
2026-07-09T23:00:00,zone_12,entrance_plaza,40.7134,-74.0066,25.3,84.5,2.3,0.5,5.0,10.0,asphalt,0,0.0,synthetic
2026-07-10T00:00:00,zone_01,playground,40.7128,-74.006,25.2,92.0,2.7,0.33,5.0,10.0,asphalt,0,0.0,synthetic
2026-07-10T00:00:00,zone_02,parking_lot,40.713,-74.0062,26.4,88.8,3.6,0.64,0.0,0.0,asphalt,1,0.0,synthetic
2026-07-10T00:00:00,zone_03,courtyard,40.7126,-74.0058,24.1,85.7,2.5,0.21,15.0,25.0,concrete,0,0.0,synthetic
2026-07-10T00:00:00,zone_04,building_roof,40.7129,-74.0059,27.1,90.0,2.8,0.42,0.0,0.0,concrete,0,0.0,synthetic
2026-07-10T00:00:00,zone_05,sports_field,40.7131,-74.0061,23.7,87.8,0.5,0.49,0.0,5.0,grass,1,0.0,synthetic
2026-07-10T00:00:00,zone_06,library_exterior,40.7127,-74.0057,23.3,85.6,2.1,0.47,20.0,35.0,concrete,0,0.0,synthetic
2026-07-10T00:00:00,zone_07,cafeteria_patio,40.7125,-74.0063,23.9,88.9,2.0,0.32,40.0,50.0,concrete,0,0.0,synthetic
2026-07-10T00:00:00,zone_08,walkway,40.7132,-74.0056,25.0,87.0,2.6,0.34,10.0,15.0,asphalt,0,0.0,synthetic
2026-07-10T00:00:00,zone_09,garden,40.7124,-74.0064,23.0,89.2,2.0,0.7,60.0,70.0,grass,0,0.0,synthetic
2026-07-10T00:00:00,zone_10,gym_exterior,40.7133,-74.0065,23.6,91.0,3.6,0.72,10.0,20.0,concrete,0,0.0,synthetic
2026-07-10T00:00:00,zone_11,admin_building,40.7123,-74.0055,23.2,86.9,1.1,0.24,25.0,30.0,concrete,0,0.0,synthetic
2026-07-10T00:00:00,zone_12,entrance_plaza,40.7134,-74.0066,25.5,87.9,2.8,0.17,5.0,10.0,asphalt,1,0.0,synthetic
2026-07-10T01:00:00,zone_01,playground,40.7128,-74.006,25.5,90.1,2.5,0.68,5.0,10.0,asphalt,0,0.0,synthetic
2026-07-10T01:00:00,zone_02,parking_lot,40.713,-74.0062,27.3,87.4,1.7,0.72,0.0,0.0,asphalt,0,0.0,synthetic
2026-07-10T01:00:00,zone_03,courtyard,40.7126,-74.0058,24.7,86.6,0.9,0.13,15.0,25.0,concrete,0,0.0,synthetic
2026-07-10T01:00:00,zone_04,building_roof,40.7129,-74.0059,28.0,85.7,1.9,0.12,0.0,0.0,concrete,0,0.0,synthetic
2026-07-10T01:00:00,zone_05,sports_field,40.7131,-74.0061,23.6,85.3,2.5,0.41,0.0,5.0,grass,0,0.0,synthetic
2026-07-10T01:00:00,zone_06,library_exterior,40.7127,-74.0057,24.8,81.9,1.6,0.48,20.0,35.0,concrete,0,0.0,synthetic
2026-07-10T01:00:00,zone_07,cafeteria_patio,40.7125,-74.0063,24.3,83.3,3.6,0.76,40.0,50.0,concrete,0,0.0,synthetic
2026-07-10T01:00:00,zone_08,walkway,40.7132,-74.0056,25.0,84.3,1.1,0.67,10.0,15.0,asphalt,0,0.0,synthetic
2026-07-10T01:00:00,zone_09,garden,40.7124,-74.0064,23.1,91.5,1.3,0.49,60.0,70.0,grass,0,0.0,synthetic
2026-07-10T01:00:00,zone_10,gym_exterior,40.7133,-74.0065,25.0,90.8,2.9,0.35,10.0,20.0,concrete,0,0.0,synthetic
2026-07-10T01:00:00,zone_11,admin_building,40.7123,-74.0055,23.9,95.6,3.5,0.72,25.0,30.0,concrete,0,0.0,synthetic
2026-07-10T01:00:00,zone_12,entrance_plaza,40.7134,-74.0066,27.1,87.0,1.9,0.68,5.0,10.0,asphalt,2,0.0,synthetic
2026-07-10T02:00:00,zone_01,playground,40.7128,-74.006,26.3,81.6,2.9,0.72,5.0,10.0,asphalt,0,0.0,synthetic
2026-07-10T02:00:00,zone_02,parking_lot,40.713,-74.0062,28.2,89.2,3.1,0.47,0.0,0.0,asphalt,0,0.0,synthetic
2026-07-10T02:00:00,zone_03,courtyard,40.7126,-74.0058,24.7,87.3,2.1,0.76,15.0,25.0,concrete,0,0.0,synthetic
2026-07-10T02:00:00,zone_04,building_roof,40.7129,-74.0059,28.5,82.3,3.0,0.73,0.0,0.0,concrete,1,0.0,synthetic
2026-07-10T02:00:00,zone_05,sports_field,40.7131,-74.0061,24.7,82.6,1.3,0.47,0.0,5.0,grass,0,0.0,synthetic
2026-07-10T02:00:00,zone_06,library_exterior,40.7127,-74.0057,25.0,82.3,0.9,0.79,20.0,35.0,concrete,0,0.0,synthetic
2026-07-10T02:00:00,zone_07,cafeteria_patio,40.7125,-74.0063,24.9,78.4,3.9,0.18,40.0,50.0,concrete,0,0.0,synthetic
2026-07-10T02:00:00,zone_08,walkway,40.7132,-74.0056,26.6,81.9,3.9,0.62,10.0,15.0,asphalt,0,0.0,synthetic
2026-07-10T02:00:00,zone_09,garden,40.7124,-74.0064,24.2,81.6,0.5,0.71,60.0,70.0,grass,0,0.0,synthetic
2026-07-10T02:00:00,zone_10,gym_exterior,40.7133,-74.0065,26.4,81.2,0.0,0.67,10.0,20.0,concrete,1,0.0,synthetic
2026-07-10T02:00:00,zone_11,admin_building,40.7123,-74.0055,24.2,86.8,3.4,0.75,25.0,30.0,concrete,0,0.0,synthetic
2026-07-10T02:00:00,zone_12,entrance_plaza,40.7134,-74.0066,27.1,79.2,2.8,0.47,5.0,10.0,asphalt,1,0.0,synthetic
2026-07-10T03:00:00,zone_01,playground,40.7128,-74.006,28.2,79.5,2.5,0.35,5.0,10.0,asphalt,1,0.0,synthetic
2026-07-10T03:00:00,zone_02,parking_lot,40.713,-74.0062,29.0,76.9,1.9,0.58,0.0,0.0,asphalt,0,0.0,synthetic
2026-07-10T03:00:00,zone_03,courtyard,40.7126,-74.0058,26.8,72.6,1.9,0.29,15.0,25.0,concrete,0,0.0,synthetic
2026-07-10T03:00:00,zone_04,building_roof,40.7129,-74.0059,29.5,75.3,1.2,0.79,0.0,0.0,concrete,0,0.0,synthetic
2026-07-10T03:00:00,zone_05,sports_field,40.7131,-74.0061,26.3,79.0,3.0,0.55,0.0,5.0,grass,0,0.0,synthetic
2026-07-10T03:00:00,zone_06,library_exterior,40.7127,-74.0057,26.3,77.9,3.7,0.38,20.0,35.0,concrete,1,0.0,synthetic
2026-07-10T03:00:00,zone_07,cafeteria_patio,40.7125,-74.0063,24.6,77.1,3.2,0.55,40.0,50.0,concrete,0,0.0,synthetic
2026-07-10T03:00:00,zone_08,walkway,40.7132,-74.0056,27.0,75.7,1.7,0.66,10.0,15.0,asphalt,0,0.0,synthetic
2026-07-10T03:00:00,zone_09,garden,40.7124,-74.0064,24.3,75.9,1.8,0.31,60.0,70.0,grass,1,0.0,synthetic
2026-07-10T03:00:00,zone_10,gym_exterior,40.7133,-74.0065,27.0,76.0,0.9,0.36,10.0,20.0,concrete,1,0.0,synthetic
2026-07-10T03:00:00,zone_11,admin_building,40.7123,-74.0055,27.7,79.8,1.7,0.74,25.0,30.0,concrete,1,0.0,synthetic
2026-07-10T03:00:00,zone_12,entrance_plaza,40.7134,-74.0066,28.8,76.4,0.0,0.55,5.0,10.0,asphalt,0,0.0,synthetic
2026-07-10T04:00:00,zone_01,playground,40.7128,-74.006,28.0,70.8,1.0,0.65,5.0,10.0,asphalt,0,0.0,synthetic
2026-07-10T04:00:00,zone_02,parking_lot,40.713,-74.0062,29.7,75.6,4.0,0.31,0.0,0.0,asphalt,3,0.0,synthetic
2026-07-10T04:00:00,zone_03,courtyard,40.7126,-74.0058,27.0,77.6,1.6,0.28,15.0,25.0,concrete,0,0.0,synthetic
2026-07-10T04:00:00,zone_04,building_roof,40.7129,-74.0059,30.8,67.3,3.6,0.37,0.0,0.0,concrete,3,0.0,synthetic
2026-07-10T04:00:00,zone_05,sports_field,40.7131,-74.0061,27.8,70.6,2.3,0.41,0.0,5.0,grass,0,0.0,synthetic
2026-07-10T04:00:00,zone_06,library_exterior,40.7127,-74.0057,27.3,71.9,2.9,0.76,20.0,35.0,concrete,0,0.0,synthetic
2026-07-10T04:00:00,zone_07,cafeteria_patio,40.7125,-74.0063,26.3,78.0,0.8,0.7,40.0,50.0,concrete,0,0.0,synthetic
2026-07-10T04:00:00,zone_08,walkway,40.7132,-74.0056,28.2,74.1,1.3,0.58,10.0,15.0,asphalt,0,0.0,synthetic
2026-07-10T04:00:00,zone_09,garden,40.7124,-74.0064,26.5,70.7,3.2,0.49,60.0,70.0,grass,2,0.0,synthetic
2026-07-10T04:00:00,zone_10,gym_exterior,40.7133,-74.0065,28.8,72.4,2.2,0.64,10.0,20.0,concrete,0,0.0,synthetic
2026-07-10T04:00:00,zone_11,admin_building,40.7123,-74.0055,27.7,73.6,1.8,0.58,25.0,30.0,concrete,0,0.0,synthetic
2026-07-10T04:00:00,zone_12,entrance_plaza,40.7134,-74.0066,29.3,71.3,2.0,0.4,5.0,10.0,asphalt,0,0.0,synthetic
2026-07-10T05:00:00,zone_01,playground,40.7128,-74.006,30.6,60.9,2.4,0.79,5.0,10.0,asphalt,0,0.0,synthetic
2026-07-10T05:00:00,zone_02,parking_lot,40.713,-74.0062,31.7,65.9,0.6,0.46,0.0,0.0,asphalt,0,0.0,synthetic
2026-07-10T05:00:00,zone_03,courtyard,40.7126,-74.0058,28.5,67.9,2.4,0.18,15.0,25.0,concrete,3,0.0,synthetic
2026-07-10T05:00:00,zone_04,building_roof,40.7129,-74.0059,32.0,67.2,2.0,0.52,0.0,0.0,concrete,3,0.0,synthetic
2026-07-10T05:00:00,zone_05,sports_field,40.7131,-74.0061,28.0,63.1,0.0,0.37,0.0,5.0,grass,3,0.0,synthetic
2026-07-10T05:00:00,zone_06,library_exterior,40.7127,-74.0057,29.4,68.3,1.9,0.39,20.0,35.0,concrete,0,0.0,synthetic
2026-07-10T05:00:00,zone_07,cafeteria_patio,40.7125,-74.0063,28.2,64.0,1.6,0.11,40.0,50.0,concrete,0,0.0,synthetic
2026-07-10T05:00:00,zone_08,walkway,40.7132,-74.0056,29.3,70.1,0.8,0.65,10.0,15.0,asphalt,0,0.0,synthetic
2026-07-10T05:00:00,zone_09,garden,40.7124,-74.0064,27.5,66.6,0.9,0.37,60.0,70.0,grass,2,0.0,synthetic
2026-07-10T05:00:00,zone_10,gym_exterior,40.7133,-74.0065,29.3,65.5,3.2,0.22,10.0,20.0,concrete,1,0.0,synthetic
2026-07-10T05:00:00,zone_11,admin_building,40.7123,-74.0055,28.7,60.6,2.5,0.3,25.0,30.0,concrete,0,0.0,synthetic
2026-07-10T05:00:00,zone_12,entrance_plaza,40.7134,-74.0066,30.8,66.7,0.7,0.55,5.0,10.0,asphalt,0,0.0,synthetic
2026-07-10T06:00:00,zone_01,playground,40.7128,-74.006,30.8,56.7,2.4,0.28,5.0,10.0,asphalt,8,0.0,synthetic
2026-07-10T06:00:00,zone_02,parking_lot,40.713,-74.0062,32.2,56.3,2.0,0.56,0.0,0.0,asphalt,2,0.0,synthetic
2026-07-10T06:00:00,zone_03,courtyard,40.7126,-74.0058,31.2,55.0,0.4,0.54,15.0,25.0,concrete,2,0.0,synthetic
2026-07-10T06:00:00,zone_04,building_roof,40.7129,-74.0059,32.5,60.7,1.6,0.39,0.0,0.0,concrete,0,0.0,synthetic
2026-07-10T06:00:00,zone_05,sports_field,40.7131,-74.0061,30.2,59.2,2.0,0.4,0.0,5.0,grass,10,0.0,synthetic
2026-07-10T06:00:00,zone_06,library_exterior,40.7127,-74.0057,29.6,61.0,2.9,0.74,20.0,35.0,concrete,3,0.0,synthetic
2026-07-10T06:00:00,zone_07,cafeteria_patio,40.7125,-74.0063,29.5,59.4,2.3,0.23,40.0,50.0,concrete,6,0.0,synthetic
2026-07-10T06:00:00,zone_08,walkway,40.7132,-74.0056,31.5,60.7,2.2,0.78,10.0,15.0,asphalt,3,0.0,synthetic
2026-07-10T06:00:00,zone_09,garden,40.7124,-74.0064,28.2,54.6,0.0,0.1,60.0,70.0,grass,2,0.0,synthetic
2026-07-10T06:00:00,zone_10,gym_exterior,40.7133,-74.0065,30.9,61.0,1.2,0.47,10.0,20.0,concrete,6,0.0,synthetic
2026-07-10T06:00:00,zone_11,admin_building,40.7123,-74.0055,29.4,59.0,2.1,0.11,25.0,30.0,concrete,2,0.0,synthetic
2026-07-10T06:00:00,zone_12,entrance_plaza,40.7134,-74.0066,31.8,60.3,0.2,0.69,5.0,10.0,asphalt,5,0.0,synthetic
2026-07-10T07:00:00,zone_01,playground,40.7128,-74.006,31.8,50.2,1.7,0.11,5.0,10.0,asphalt,25,1.0,synthetic
2026-07-10T07:00:00,zone_02,parking_lot,40.713,-74.0062,34.8,49.1,1.6,0.14,0.0,0.0,asphalt,0,1.0,synthetic
2026-07-10T07:00:00,zone_03,courtyard,40.7126,-74.0058,32.2,54.0,0.4,0.16,15.0,25.0,concrete,10,1.0,synthetic
2026-07-10T07:00:00,zone_04,building_roof,40.7129,-74.0059,34.3,51.3,4.8,0.76,0.0,0.0,concrete,0,1.0,synthetic
2026-07-10T07:00:00,zone_05,sports_field,40.7131,-74.0061,31.1,50.4,3.7,0.71,0.0,5.0,grass,41,1.0,synthetic
2026-07-10T07:00:00,zone_06,library_exterior,40.7127,-74.0057,30.7,56.4,2.9,0.22,20.0,35.0,concrete,6,1.0,synthetic
2026-07-10T07:00:00,zone_07,cafeteria_patio,40.7125,-74.0063,30.5,44.8,2.4,0.13,40.0,50.0,concrete,18,1.0,synthetic
2026-07-10T07:00:00,zone_08,walkway,40.7132,-74.0056,32.1,54.2,1.7,0.42,10.0,15.0,asphalt,9,1.0,synthetic
2026-07-10T07:00:00,zone_09,garden,40.7124,-74.0064,29.6,50.6,2.9,0.33,60.0,70.0,grass,4,1.0,synthetic
2026-07-10T07:00:00,zone_10,gym_exterior,40.7133,-74.0065,32.4,55.4,2.3,0.38,10.0,20.0,concrete,14,1.0,synthetic
2026-07-10T07:00:00,zone_11,admin_building,40.7123,-74.0055,31.1,53.7,1.1,0.57,25.0,30.0,concrete,8,1.0,synthetic
2026-07-10T07:00:00,zone_12,entrance_plaza,40.7134,-74.0066,32.6,50.0,2.2,0.58,5.0,10.0,asphalt,13,1.0,synthetic
2026-07-10T08:00:00,zone_01,playground,40.7128,-74.006,33.9,42.7,4.1,0.3,5.0,10.0,asphalt,62,1.0,synthetic
2026-07-10T08:00:00,zone_02,parking_lot,40.713,-74.0062,35.5,49.2,1.1,0.56,0.0,0.0,asphalt,6,1.0,synthetic
2026-07-10T08:00:00,zone_03,courtyard,40.7126,-74.0058,33.1,50.5,1.1,0.38,15.0,25.0,concrete,39,1.0,synthetic
2026-07-10T08:00:00,zone_04,building_roof,40.7129,-74.0059,35.2,45.9,1.4,0.76,0.0,0.0,concrete,4,1.0,synthetic
2026-07-10T08:00:00,zone_05,sports_field,40.7131,-74.0061,32.2,48.0,1.8,0.69,0.0,5.0,grass,97,1.0,synthetic
2026-07-10T08:00:00,zone_06,library_exterior,40.7127,-74.0057,31.9,49.8,1.7,0.69,20.0,35.0,concrete,24,1.0,synthetic
2026-07-10T08:00:00,zone_07,cafeteria_patio,40.7125,-74.0063,32.1,44.7,0.7,0.61,40.0,50.0,concrete,48,1.0,synthetic
2026-07-10T08:00:00,zone_08,walkway,40.7132,-74.0056,32.7,43.7,0.3,0.36,10.0,15.0,asphalt,21,1.0,synthetic
2026-07-10T08:00:00,zone_09,garden,40.7124,-74.0064,30.8,48.7,1.8,0.4,60.0,70.0,grass,11,1.0,synthetic
2026-07-10T08:00:00,zone_10,gym_exterior,40.7133,-74.0065,31.6,49.5,0.0,0.55,10.0,20.0,concrete,30,1.0,synthetic
2026-07-10T08:00:00,zone_11,admin_building,40.7123,-74.0055,32.1,48.9,0.4,0.17,25.0,30.0,concrete,15,1.0,synthetic
2026-07-10T08:00:00,zone_12,entrance_plaza,40.7134,-74.0066,33.1,45.0,1.6,0.72,5.0,10.0,asphalt,27,1.0,synthetic
2026-07-10T09:00:00,zone_01,playground,40.7128,-74.006,34.9,40.4,0.7,0.27,5.0,10.0,asphalt,83,1.0,synthetic
2026-07-10T09:00:00,zone_02,parking_lot,40.713,-74.0062,36.4,38.1,0.8,0.18,0.0,0.0,asphalt,9,1.0,synthetic
2026-07-10T09:00:00,zone_03,courtyard,40.7126,-74.0058,33.3,46.4,1.8,0.71,15.0,25.0,concrete,49,1.0,synthetic
2026-07-10T09:00:00,zone_04,building_roof,40.7129,-74.0059,35.8,51.7,2.2,0.18,0.0,0.0,concrete,5,1.0,synthetic
2026-07-10T09:00:00,zone_05,sports_field,40.7131,-74.0061,33.1,41.6,2.2,0.49,0.0,5.0,grass,122,1.0,synthetic
2026-07-10T09:00:00,zone_06,library_exterior,40.7127,-74.0057,32.7,49.4,1.3,0.77,20.0,35.0,concrete,30,1.0,synthetic
2026-07-10T09:00:00,zone_07,cafeteria_patio,40.7125,-74.0063,33.0,47.4,1.1,0.39,40.0,50.0,concrete,60,1.0,synthetic
2026-07-10T09:00:00,zone_08,walkway,40.7132,-74.0056,34.4,47.7,3.5,0.67,10.0,15.0,asphalt,22,1.0,synthetic
2026-07-10T09:00:00,zone_09,garden,40.7124,-74.0064,31.8,42.0,2.3,0.56,60.0,70.0,grass,18,1.0,synthetic
2026-07-10T09:00:00,zone_10,gym_exterior,40.7133,-74.0065,33.7,43.4,2.0,0.16,10.0,20.0,concrete,39,1.0,synthetic
2026-07-10T09:00:00,zone_11,admin_building,40.7123,-74.0055,32.7,40.1,1.8,0.55,25.0,30.0,concrete,20,1.0,synthetic
2026-07-10T09:00:00,zone_12,entrance_plaza,40.7134,-74.0066,35.5,43.8,2.8,0.46,5.0,10.0,asphalt,36,1.0,synthetic
2026-07-10T10:00:00,zone_01,playground,40.7128,-74.006,36.0,42.4,1.0,0.73,5.0,10.0,asphalt,79,1.0,synthetic
2026-07-10T10:00:00,zone_02,parking_lot,40.713,-74.0062,36.1,41.7,3.9,0.48,0.0,0.0,asphalt,10,1.0,synthetic
2026-07-10T10:00:00,zone_03,courtyard,40.7126,-74.0058,34.3,42.5,3.0,0.21,15.0,25.0,concrete,45,1.0,synthetic
2026-07-10T10:00:00,zone_04,building_roof,40.7129,-74.0059,36.2,36.3,2.6,0.41,0.0,0.0,concrete,7,1.0,synthetic
2026-07-10T10:00:00,zone_05,sports_field,40.7131,-74.0061,33.1,41.3,2.5,0.55,0.0,5.0,grass,118,1.0,synthetic
2026-07-10T10:00:00,zone_06,library_exterior,40.7127,-74.0057,33.4,45.0,2.9,0.77,20.0,35.0,concrete,32,1.0,synthetic
2026-07-10T10:00:00,zone_07,cafeteria_patio,40.7125,-74.0063,33.3,36.5,2.1,0.34,40.0,50.0,concrete,58,1.0,synthetic
2026-07-10T10:00:00,zone_08,walkway,40.7132,-74.0056,33.5,41.3,2.1,0.34,10.0,15.0,asphalt,24,1.0,synthetic
2026-07-10T10:00:00,zone_09,garden,40.7124,-74.0064,32.1,37.9,3.3,0.4,60.0,70.0,grass,15,1.0,synthetic
2026-07-10T10:00:00,zone_10,gym_exterior,40.7133,-74.0065,34.0,43.6,1.7,0.61,10.0,20.0,concrete,45,1.0,synthetic
2026-07-10T10:00:00,zone_11,admin_building,40.7123,-74.0055,32.6,42.3,2.3,0.44,25.0,30.0,concrete,18,1.0,synthetic
2026-07-10T10:00:00,zone_12,entrance_plaza,40.7134,-74.0066,35.2,38.4,3.3,0.15,5.0,10.0,asphalt,35,1.0,synthetic
2026-07-10T11:00:00,zone_01,playground,40.7128,-74.006,35.5,38.5,0.7,0.69,5.0,10.0,asphalt,73,1.0,synthetic
2026-07-10T11:00:00,zone_02,parking_lot,40.713,-74.0062,36.0,27.9,1.1,0.33,0.0,0.0,asphalt,9,1.0,synthetic
2026-07-10T11:00:00,zone_03,courtyard,40.7126,-74.0058,34.3,39.6,2.0,0.5,15.0,25.0,concrete,42,1.0,synthetic
2026-07-10T11:00:00,zone_04,building_roof,40.7129,-74.0059,36.4,42.0,2.4,0.73,0.0,0.0,concrete,2,1.0,synthetic
2026-07-10T11:00:00,zone_05,sports_field,40.7131,-74.0061,33.0,43.9,0.3,0.8,0.0,5.0,grass,109,1.0,synthetic
2026-07-10T11:00:00,zone_06,library_exterior,40.7127,-74.0057,34.1,44.2,3.9,0.34,20.0,35.0,concrete,25,1.0,synthetic
2026-07-10T11:00:00,zone_07,cafeteria_patio,40.7125,-74.0063,33.3,38.9,2.2,0.16,40.0,50.0,concrete,55,1.0,synthetic
2026-07-10T11:00:00,zone_08,walkway,40.7132,-74.0056,34.3,41.7,1.2,0.5,10.0,15.0,asphalt,20,1.0,synthetic
2026-07-10T11:00:00,zone_09,garden,40.7124,-74.0064,32.2,49.1,1.0,0.65,60.0,70.0,grass,15,1.0,synthetic
2026-07-10T11:00:00,zone_10,gym_exterior,40.7133,-74.0065,34.5,38.2,3.3,0.44,10.0,20.0,concrete,38,1.0,synthetic
2026-07-10T11:00:00,zone_11,admin_building,40.7123,-74.0055,33.3,40.7,2.2,0.62,25.0,30.0,concrete,16,1.0,synthetic
2026-07-10T11:00:00,zone_12,entrance_plaza,40.7134,-74.0066,35.5,41.0,3.7,0.33,5.0,10.0,asphalt,31,1.0,synthetic
2026-07-10T12:00:00,zone_01,playground,40.7128,-74.006,35.3,40.8,1.1,0.31,5.0,10.0,asphalt,55,1.0,synthetic
2026-07-10T12:00:00,zone_02,parking_lot,40.713,-74.0062,35.4,39.1,3.4,0.63,0.0,0.0,asphalt,5,1.0,synthetic
2026-07-10T12:00:00,zone_03,courtyard,40.7126,-74.0058,34.2,42.6,2.2,0.5,15.0,25.0,concrete,33,1.0,synthetic
2026-07-10T12:00:00,zone_04,building_roof,40.7129,-74.0059,37.3,42.0,2.0,0.48,0.0,0.0,concrete,4,1.0,synthetic
2026-07-10T12:00:00,zone_05,sports_field,40.7131,-74.0061,33.4,44.6,2.9,0.65,0.0,5.0,grass,84,1.0,synthetic
2026-07-10T12:00:00,zone_06,library_exterior,40.7127,-74.0057,33.6,41.3,3.2,0.18,20.0,35.0,concrete,21,1.0,synthetic
2026-07-10T12:00:00,zone_07,cafeteria_patio,40.7125,-74.0063,32.9,42.4,2.4,0.24,40.0,50.0,concrete,44,1.0,synthetic
2026-07-10T12:00:00,zone_08,walkway,40.7132,-74.0056,35.3,40.0,1.0,0.73,10.0,15.0,asphalt,20,1.0,synthetic
2026-07-10T12:00:00,zone_09,garden,40.7124,-74.0064,32.9,51.1,2.1,0.66,60.0,70.0,grass,8,1.0,synthetic
2026-07-10T12:00:00,zone_10,gym_exterior,40.7133,-74.0065,34.1,36.4,2.8,0.5,10.0,20.0,concrete,27,1.0,synthetic
2026-07-10T12:00:00,zone_11,admin_building,40.7123,-74.0055,34.1,43.4,0.0,0.55,25.0,30.0,concrete,15,1.0,synthetic
2026-07-10T12:00:00,zone_12,entrance_plaza,40.7134,-74.0066,35.2,43.4,1.1,0.4,5.0,10.0,asphalt,21,1.0,synthetic
2026-07-10T13:00:00,zone_01,playground,40.7128,-74.006,34.3,41.0,4.6,0.35,5.0,10.0,asphalt,72,1.0,synthetic
2026-07-10T13:00:00,zone_02,parking_lot,40.713,-74.0062,36.3,44.2,2.1,0.13,0.0,0.0,asphalt,10,1.0,synthetic
2026-07-10T13:00:00,zone_03,courtyard,40.7126,-74.0058,32.9,42.1,1.8,0.13,15.0,25.0,concrete,40,1.0,synthetic
2026-07-10T13:00:00,zone_04,building_roof,40.7129,-74.0059,36.4,46.1,2.9,0.65,0.0,0.0,concrete,5,1.0,synthetic
2026-07-10T13:00:00,zone_05,sports_field,40.7131,-74.0061,33.1,43.1,1.7,0.58,0.0,5.0,grass,108,1.0,synthetic
2026-07-10T13:00:00,zone_06,library_exterior,40.7127,-74.0057,33.4,44.2,3.2,0.11,20.0,35.0,concrete,24,1.0,synthetic
2026-07-10T13:00:00,zone_07,cafeteria_patio,40.7125,-74.0063,32.4,42.8,3.3,0.24,40.0,50.0,concrete,54,1.0,synthetic
2026-07-10T13:00:00,zone_08,walkway,40.7132,-74.0056,33.1,43.7,2.0,0.16,10.0,15.0,asphalt,20,1.0,synthetic
2026-07-10T13:00:00,zone_09,garden,40.7124,-74.0064,31.6,43.6,2.1,0.51,60.0,70.0,grass,12,1.0,synthetic
2026-07-10T13:00:00,zone_10,gym_exterior,40.7133,-74.0065,33.6,42.1,2.5,0.19,10.0,20.0,concrete,37,1.0,synthetic
2026-07-10T13:00:00,zone_11,admin_building,40.7123,-74.0055,33.8,46.1,2.5,0.54,25.0,30.0,concrete,19,1.0,synthetic
2026-07-10T13:00:00,zone_12,entrance_plaza,40.7134,-74.0066,35.3,45.1,0.7,0.36,5.0,10.0,asphalt,33,1.0,synthetic
2026-07-10T14:00:00,zone_01,playground,40.7128,-74.006,33.6,47.5,1.5,0.41,5.0,10.0,asphalt,81,1.0,synthetic
2026-07-10T14:00:00,zone_02,parking_lot,40.713,-74.0062,34.5,44.6,0.0,0.54,0.0,0.0,asphalt,8,1.0,synthetic
2026-07-10T14:00:00,zone_03,courtyard,40.7126,-74.0058,32.2,50.0,2.6,0.57,15.0,25.0,concrete,43,1.0,synthetic
2026-07-10T14:00:00,zone_04,building_roof,40.7129,-74.0059,35.6,50.8,1.2,0.4,0.0,0.0,concrete,5,1.0,synthetic
2026-07-10T14:00:00,zone_05,sports_field,40.7131,-74.0061,31.7,44.8,3.4,0.62,0.0,5.0,grass,120,1.0,synthetic
2026-07-10T14:00:00,zone_06,library_exterior,40.7127,-74.0057,32.8,54.3,2.4,0.49,20.0,35.0,concrete,30,1.0,synthetic
2026-07-10T14:00:00,zone_07,cafeteria_patio,40.7125,-74.0063,31.4,45.1,2.5,0.11,40.0,50.0,concrete,64,1.0,synthetic
2026-07-10T14:00:00,zone_08,walkway,40.7132,-74.0056,33.3,49.9,1.5,0.35,10.0,15.0,asphalt,25,1.0,synthetic
2026-07-10T14:00:00,zone_09,garden,40.7124,-74.0064,30.6,45.9,0.0,0.58,60.0,70.0,grass,14,1.0,synthetic
2026-07-10T14:00:00,zone_10,gym_exterior,40.7133,-74.0065,32.7,48.3,2.5,0.24,10.0,20.0,concrete,40,1.0,synthetic
2026-07-10T14:00:00,zone_11,admin_building,40.7123,-74.0055,32.1,45.6,0.0,0.77,25.0,30.0,concrete,19,1.0,synthetic
2026-07-10T14:00:00,zone_12,entrance_plaza,40.7134,-74.0066,34.3,50.4,2.5,0.61,5.0,10.0,asphalt,34,1.0,synthetic
2026-07-10T15:00:00,zone_01,playground,40.7128,-74.006,32.9,52.1,1.5,0.14,5.0,10.0,asphalt,63,1.0,synthetic
2026-07-10T15:00:00,zone_02,parking_lot,40.713,-74.0062,34.3,56.2,1.1,0.13,0.0,0.0,asphalt,8,1.0,synthetic
2026-07-10T15:00:00,zone_03,courtyard,40.7126,-74.0058,31.4,48.8,1.2,0.71,15.0,25.0,concrete,35,1.0,synthetic
2026-07-10T15:00:00,zone_04,building_roof,40.7129,-74.0059,35.4,52.8,1.9,0.44,0.0,0.0,concrete,4,1.0,synthetic
2026-07-10T15:00:00,zone_05,sports_field,40.7131,-74.0061,30.9,52.0,1.8,0.77,0.0,5.0,grass,95,1.0,synthetic
2026-07-10T15:00:00,zone_06,library_exterior,40.7127,-74.0057,31.4,50.5,0.8,0.24,20.0,35.0,concrete,24,1.0,synthetic
2026-07-10T15:00:00,zone_07,cafeteria_patio,40.7125,-74.0063,31.5,54.2,2.8,0.68,40.0,50.0,concrete,50,1.0,synthetic
2026-07-10T15:00:00,zone_08,walkway,40.7132,-74.0056,32.2,58.3,2.8,0.43,10.0,15.0,asphalt,19,1.0,synthetic
2026-07-10T15:00:00,zone_09,garden,40.7124,-74.0064,30.5,50.6,2.4,0.22,60.0,70.0,grass,12,1.0,synthetic
2026-07-10T15:00:00,zone_10,gym_exterior,40.7133,-74.0065,31.1,54.7,3.1,0.35,10.0,20.0,concrete,33,1.0,synthetic
2026-07-10T15:00:00,zone_11,admin_building,40.7123,-74.0055,30.6,49.6,1.9,0.48,25.0,30.0,concrete,15,1.0,synthetic
2026-07-10T15:00:00,zone_12,entrance_plaza,40.7134,-74.0066,32.9,50.2,2.4,0.56,5.0,10.0,asphalt,25,1.0,synthetic
2026-07-10T16:00:00,zone_01,playground,40.7128,-74.006,30.9,59.8,2.6,0.72,5.0,10.0,asphalt,41,1.0,synthetic
2026-07-10T16:00:00,zone_02,parking_lot,40.713,-74.0062,33.3,58.2,1.8,0.37,0.0,0.0,asphalt,7,1.0,synthetic
2026-07-10T16:00:00,zone_03,courtyard,40.7126,-74.0058,30.4,59.5,1.1,0.3,15.0,25.0,concrete,22,1.0,synthetic
2026-07-10T16:00:00,zone_04,building_roof,40.7129,-74.0059,33.4,56.9,1.1,0.31,0.0,0.0,concrete,3,1.0,synthetic
2026-07-10T16:00:00,zone_05,sports_field,40.7131,-74.0061,29.6,58.4,1.3,0.7,0.0,5.0,grass,62,1.0,synthetic
2026-07-10T16:00:00,zone_06,library_exterior,40.7127,-74.0057,30.4,61.8,2.2,0.41,20.0,35.0,concrete,11,1.0,synthetic
2026-07-10T16:00:00,zone_07,cafeteria_patio,40.7125,-74.0063,30.1,57.2,3.3,0.17,40.0,50.0,concrete,30,1.0,synthetic
2026-07-10T16:00:00,zone_08,walkway,40.7132,-74.0056,30.9,66.4,0.5,0.6,10.0,15.0,asphalt,12,1.0,synthetic
2026-07-10T16:00:00,zone_09,garden,40.7124,-74.0064,28.9,56.1,2.8,0.47,60.0,70.0,grass,7,1.0,synthetic
2026-07-10T16:00:00,zone_10,gym_exterior,40.7133,-74.0065,30.6,55.3,2.0,0.16,10.0,20.0,concrete,19,1.0,synthetic
2026-07-10T16:00:00,zone_11,admin_building,40.7123,-74.0055,30.3,58.4,1.6,0.26,25.0,30.0,concrete,10,1.0,synthetic
2026-07-10T16:00:00,zone_12,entrance_plaza,40.7134,-74.0066,32.1,59.5,3.6,0.77,5.0,10.0,asphalt,21,1.0,synthetic
2026-07-10T17:00:00,zone_01,playground,40.7128,-74.006,30.3,66.4,2.8,0.53,5.0,10.0,asphalt,20,1.0,synthetic
2026-07-10T17:00:00,zone_02,parking_lot,40.713,-74.0062,31.9,59.5,1.4,0.36,0.0,0.0,asphalt,3,1.0,synthetic
2026-07-10T17:00:00,zone_03,courtyard,40.7126,-74.0058,29.2,65.6,4.1,0.17,15.0,25.0,concrete,12,1.0,synthetic
2026-07-10T17:00:00,zone_04,building_roof,40.7129,-74.0059,32.1,67.6,2.7,0.28,0.0,0.0,concrete,2,1.0,synthetic
2026-07-10T17:00:00,zone_05,sports_field,40.7131,-74.0061,28.8,65.1,2.3,0.77,0.0,5.0,grass,35,1.0,synthetic
2026-07-10T17:00:00,zone_06,library_exterior,40.7127,-74.0057,29.2,63.7,2.0,0.26,20.0,35.0,concrete,9,1.0,synthetic
2026-07-10T17:00:00,zone_07,cafeteria_patio,40.7125,-74.0063,28.2,64.8,2.3,0.54,40.0,50.0,concrete,18,1.0,synthetic
2026-07-10T17:00:00,zone_08,walkway,40.7132,-74.0056,29.2,64.3,2.8,0.74,10.0,15.0,asphalt,8,1.0,synthetic
2026-07-10T17:00:00,zone_09,garden,40.7124,-74.0064,27.9,66.6,2.7,0.4,60.0,70.0,grass,6,1.0,synthetic
2026-07-10T17:00:00,zone_10,gym_exterior,40.7133,-74.0065,29.3,67.2,1.2,0.3,10.0,20.0,concrete,12,1.0,synthetic
2026-07-10T17:00:00,zone_11,admin_building,40.7123,-74.0055,27.7,66.0,2.1,0.22,25.0,30.0,concrete,3,1.0,synthetic
2026-07-10T17:00:00,zone_12,entrance_plaza,40.7134,-74.0066,30.5,69.3,0.9,0.33,5.0,10.0,asphalt,10,1.0,synthetic
2026-07-10T18:00:00,zone_01,playground,40.7128,-74.006,29.3,70.4,1.3,0.53,5.0,10.0,asphalt,9,0.0,synthetic
2026-07-10T18:00:00,zone_02,parking_lot,40.713,-74.0062,30.2,73.3,3.0,0.6,0.0,0.0,asphalt,2,0.0,synthetic
2026-07-10T18:00:00,zone_03,courtyard,40.7126,-74.0058,28.6,75.1,2.4,0.61,15.0,25.0,concrete,5,0.0,synthetic
2026-07-10T18:00:00,zone_04,building_roof,40.7129,-74.0059,30.4,67.6,2.0,0.42,0.0,0.0,concrete,0,0.0,synthetic
2026-07-10T18:00:00,zone_05,sports_field,40.7131,-74.0061,26.9,74.8,2.4,0.59,0.0,5.0,grass,14,0.0,synthetic
2026-07-10T18:00:00,zone_06,library_exterior,40.7127,-74.0057,27.7,66.1,3.2,0.74,20.0,35.0,concrete,6,0.0,synthetic
2026-07-10T18:00:00,zone_07,cafeteria_patio,40.7125,-74.0063,26.7,73.8,0.5,0.1,40.0,50.0,concrete,6,0.0,synthetic
2026-07-10T18:00:00,zone_08,walkway,40.7132,-74.0056,27.9,76.4,3.1,0.68,10.0,15.0,asphalt,1,0.0,synthetic
2026-07-10T18:00:00,zone_09,garden,40.7124,-74.0064,26.2,72.0,0.1,0.26,60.0,70.0,grass,1,0.0,synthetic
2026-07-10T18:00:00,zone_10,gym_exterior,40.7133,-74.0065,27.7,67.4,1.5,0.6,10.0,20.0,concrete,3,0.0,synthetic
2026-07-10T18:00:00,zone_11,admin_building,40.7123,-74.0055,27.0,65.2,1.7,0.17,25.0,30.0,concrete,0,0.0,synthetic
2026-07-10T18:00:00,zone_12,entrance_plaza,40.7134,-74.0066,28.7,71.7,2.3,0.61,5.0,10.0,asphalt,5,0.0,synthetic
2026-07-10T19:00:00,zone_01,playground,40.7128,-74.006,26.6,73.7,2.1,0.46,5.0,10.0,asphalt,0,0.0,synthetic
2026-07-10T19:00:00,zone_02,parking_lot,40.713,-74.0062,29.8,76.8,2.5,0.2,0.0,0.0,asphalt,1,0.0,synthetic
2026-07-10T19:00:00,zone_03,courtyard,40.7126,-74.0058,26.1,78.1,1.1,0.19,15.0,25.0,concrete,3,0.0,synthetic
2026-07-10T19:00:00,zone_04,building_roof,40.7129,-74.0059,29.7,80.5,1.7,0.48,0.0,0.0,concrete,0,0.0,synthetic
2026-07-10T19:00:00,zone_05,sports_field,40.7131,-74.0061,26.1,79.7,3.4,0.47,0.0,5.0,grass,0,0.0,synthetic
2026-07-10T19:00:00,zone_06,library_exterior,40.7127,-74.0057,26.4,75.0,3.5,0.63,20.0,35.0,concrete,1,0.0,synthetic
2026-07-10T19:00:00,zone_07,cafeteria_patio,40.7125,-74.0063,26.1,81.0,1.5,0.64,40.0,50.0,concrete,0,0.0,synthetic
2026-07-10T19:00:00,zone_08,walkway,40.7132,-74.0056,26.0,78.6,2.0,0.52,10.0,15.0,asphalt,0,0.0,synthetic
2026-07-10T19:00:00,zone_09,garden,40.7124,-74.0064,25.2,73.8,0.2,0.5,60.0,70.0,grass,0,0.0,synthetic
2026-07-10T19:00:00,zone_10,gym_exterior,40.7133,-74.0065,27.1,79.9,3.4,0.37,10.0,20.0,concrete,0,0.0,synthetic
2026-07-10T19:00:00,zone_11,admin_building,40.7123,-74.0055,26.3,72.1,1.3,0.44,25.0,30.0,concrete,0,0.0,synthetic
2026-07-10T19:00:00,zone_12,entrance_plaza,40.7134,-74.0066,28.0,81.0,0.7,0.39,5.0,10.0,asphalt,0,0.0,synthetic
2026-07-10T20:00:00,zone_01,playground,40.7128,-74.006,27.3,83.0,1.7,0.37,5.0,10.0,asphalt,0,0.0,synthetic
2026-07-10T20:00:00,zone_02,parking_lot,40.713,-74.0062,27.3,77.8,1.4,0.45,0.0,0.0,asphalt,2,0.0,synthetic
2026-07-10T20:00:00,zone_03,courtyard,40.7126,-74.0058,24.8,84.5,2.4,0.41,15.0,25.0,concrete,3,0.0,synthetic
2026-07-10T20:00:00,zone_04,building_roof,40.7129,-74.0059,28.2,84.8,2.2,0.53,0.0,0.0,concrete,1,0.0,synthetic
2026-07-10T20:00:00,zone_05,sports_field,40.7131,-74.0061,25.0,83.3,3.4,0.4,0.0,5.0,grass,1,0.0,synthetic
2026-07-10T20:00:00,zone_06,library_exterior,40.7127,-74.0057,24.9,82.9,2.6,0.52,20.0,35.0,concrete,0,0.0,synthetic
2026-07-10T20:00:00,zone_07,cafeteria_patio,40.7125,-74.0063,24.8,87.3,3.8,0.45,40.0,50.0,concrete,0,0.0,synthetic
2026-07-10T20:00:00,zone_08,walkway,40.7132,-74.0056,26.4,83.4,0.3,0.1,10.0,15.0,asphalt,0,0.0,synthetic
2026-07-10T20:00:00,zone_09,garden,40.7124,-74.0064,23.8,82.9,3.4,0.48,60.0,70.0,grass,0,0.0,synthetic
2026-07-10T20:00:00,zone_10,gym_exterior,40.7133,-74.0065,26.1,80.6,2.9,0.53,10.0,20.0,concrete,0,0.0,synthetic
2026-07-10T20:00:00,zone_11,admin_building,40.7123,-74.0055,25.5,85.9,1.3,0.41,25.0,30.0,concrete,1,0.0,synthetic
2026-07-10T20:00:00,zone_12,entrance_plaza,40.7134,-74.0066,26.6,88.5,3.0,0.18,5.0,10.0,asphalt,2,0.0,synthetic
2026-07-10T21:00:00,zone_01,playground,40.7128,-74.006,26.0,89.4,1.0,0.29,5.0,10.0,asphalt,0,0.0,synthetic
2026-07-10T21:00:00,zone_02,parking_lot,40.713,-74.0062,26.4,84.4,2.7,0.55,0.0,0.0,asphalt,0,0.0,synthetic
2026-07-10T21:00:00,zone_03,courtyard,40.7126,-74.0058,23.9,87.7,0.8,0.24,15.0,25.0,concrete,1,0.0,synthetic
2026-07-10T21:00:00,zone_04,building_roof,40.7129,-74.0059,27.1,89.3,1.5,0.44,0.0,0.0,concrete,2,0.0,synthetic
2026-07-10T21:00:00,zone_05,sports_field,40.7131,-74.0061,24.6,89.1,2.0,0.35,0.0,5.0,grass,0,0.0,synthetic
2026-07-10T21:00:00,zone_06,library_exterior,40.7127,-74.0057,24.8,90.6,3.5,0.26,20.0,35.0,concrete,0,0.0,synthetic
2026-07-10T21:00:00,zone_07,cafeteria_patio,40.7125,-74.0063,24.3,87.8,2.3,0.39,40.0,50.0,concrete,0,0.0,synthetic
2026-07-10T21:00:00,zone_08,walkway,40.7132,-74.0056,25.1,87.1,1.0,0.79,10.0,15.0,asphalt,0,0.0,synthetic
2026-07-10T21:00:00,zone_09,garden,40.7124,-74.0064,23.7,89.1,2.7,0.3,60.0,70.0,grass,2,0.0,synthetic
2026-07-10T21:00:00,zone_10,gym_exterior,40.7133,-74.0065,24.4,86.6,0.4,0.34,10.0,20.0,concrete,0,0.0,synthetic
2026-07-10T21:00:00,zone_11,admin_building,40.7123,-74.0055,24.0,84.9,0.0,0.47,25.0,30.0,concrete,1,0.0,synthetic
2026-07-10T21:00:00,zone_12,entrance_plaza,40.7134,-74.0066,26.5,87.3,1.4,0.78,5.0,10.0,asphalt,0,0.0,synthetic
2026-07-10T22:00:00,zone_01,playground,40.7128,-74.006,25.1,89.0,1.6,0.16,5.0,10.0,asphalt,0,0.0,synthetic
2026-07-10T22:00:00,zone_02,parking_lot,40.713,-74.0062,25.4,87.7,0.8,0.75,0.0,0.0,asphalt,4,0.0,synthetic
2026-07-10T22:00:00,zone_03,courtyard,40.7126,-74.0058,25.1,90.2,1.6,0.2,15.0,25.0,concrete,0,0.0,synthetic
2026-07-10T22:00:00,zone_04,building_roof,40.7129,-74.0059,26.2,89.6,2.3,0.21,0.0,0.0,concrete,0,0.0,synthetic
2026-07-10T22:00:00,zone_05,sports_field,40.7131,-74.0061,23.2,89.4,2.3,0.76,0.0,5.0,grass,0,0.0,synthetic
2026-07-10T22:00:00,zone_06,library_exterior,40.7127,-74.0057,23.7,88.7,1.0,0.26,20.0,35.0,concrete,0,0.0,synthetic
2026-07-10T22:00:00,zone_07,cafeteria_patio,40.7125,-74.0063,23.2,89.7,4.3,0.4,40.0,50.0,concrete,0,0.0,synthetic
2026-07-10T22:00:00,zone_08,walkway,40.7132,-74.0056,25.3,87.4,1.7,0.37,10.0,15.0,asphalt,0,0.0,synthetic
2026-07-10T22:00:00,zone_09,garden,40.7124,-74.0064,23.1,88.3,1.2,0.51,60.0,70.0,grass,0,0.0,synthetic
2026-07-10T22:00:00,zone_10,gym_exterior,40.7133,-74.0065,24.5,91.1,1.6,0.47,10.0,20.0,concrete,0,0.0,synthetic
2026-07-10T22:00:00,zone_11,admin_building,40.7123,-74.0055,23.8,83.9,4.4,0.44,25.0,30.0,concrete,0,0.0,synthetic
2026-07-10T22:00:00,zone_12,entrance_plaza,40.7134,-74.0066,25.9,88.5,2.2,0.58,5.0,10.0,asphalt,0,0.0,synthetic
2026-07-10T23:00:00,zone_01,playground,40.7128,-74.006,26.0,90.2,2.3,0.2,5.0,10.0,asphalt,0,0.0,synthetic
2026-07-10T23:00:00,zone_02,parking_lot,40.713,-74.0062,26.1,89.5,4.0,0.76,0.0,0.0,asphalt,1,0.0,synthetic
2026-07-10T23:00:00,zone_03,courtyard,40.7126,-74.0058,24.1,95.0,2.0,0.49,15.0,25.0,concrete,1,0.0,synthetic
2026-07-10T23:00:00,zone_04,building_roof,40.7129,-74.0059,26.2,95.1,1.6,0.49,0.0,0.0,concrete,0,0.0,synthetic
2026-07-10T23:00:00,zone_05,sports_field,40.7131,-74.0061,23.7,90.8,2.0,0.55,0.0,5.0,grass,2,0.0,synthetic
2026-07-10T23:00:00,zone_06,library_exterior,40.7127,-74.0057,23.4,82.9,2.3,0.65,20.0,35.0,concrete,0,0.0,synthetic
2026-07-10T23:00:00,zone_07,cafeteria_patio,40.7125,-74.0063,23.4,90.1,3.8,0.65,40.0,50.0,concrete,0,0.0,synthetic
2026-07-10T23:00:00,zone_08,walkway,40.7132,-74.0056,25.1,89.9,0.0,0.18,10.0,15.0,asphalt,2,0.0,synthetic
2026-07-10T23:00:00,zone_09,garden,40.7124,-74.0064,23.2,88.0,1.8,0.35,60.0,70.0,grass,0,0.0,synthetic
2026-07-10T23:00:00,zone_10,gym_exterior,40.7133,-74.0065,24.4,87.5,2.1,0.53,10.0,20.0,concrete,0,0.0,synthetic
2026-07-10T23:00:00,zone_11,admin_building,40.7123,-74.0055,23.2,90.3,2.7,0.56,25.0,30.0,concrete,3,0.0,synthetic
2026-07-10T23:00:00,zone_12,entrance_plaza,40.7134,-74.0066,25.6,90.7,2.0,0.18,5.0,10.0,asphalt,0,0.0,synthetic
2026-07-11T00:00:00,zone_01,playground,40.7128,-74.006,25.9,88.5,2.1,0.45,5.0,10.0,asphalt,0,0.0,synthetic
2026-07-11T00:00:00,zone_02,parking_lot,40.713,-74.0062,26.3,88.3,1.1,0.29,0.0,0.0,asphalt,2,0.0,synthetic
2026-07-11T00:00:00,zone_03,courtyard,40.7126,-74.0058,24.6,95.1,3.4,0.29,15.0,25.0,concrete,0,0.0,synthetic
2026-07-11T00:00:00,zone_04,building_roof,40.7129,-74.0059,26.9,91.2,2.4,0.6,0.0,0.0,concrete,0,0.0,synthetic
2026-07-11T00:00:00,zone_05,sports_field,40.7131,-74.0061,23.6,88.9,2.5,0.33,0.0,5.0,grass,1,0.0,synthetic
2026-07-11T00:00:00,zone_06,library_exterior,40.7127,-74.0057,23.6,90.2,1.6,0.37,20.0,35.0,concrete,0,0.0,synthetic
2026-07-11T00:00:00,zone_07,cafeteria_patio,40.7125,-74.0063,23.4,86.7,0.5,0.13,40.0,50.0,concrete,0,0.0,synthetic
2026-07-11T00:00:00,zone_08,walkway,40.7132,-74.0056,25.3,87.1,3.4,0.36,10.0,15.0,asphalt,0,0.0,synthetic
2026-07-11T00:00:00,zone_09,garden,40.7124,-74.0064,23.5,83.3,2.1,0.76,60.0,70.0,grass,0,0.0,synthetic
2026-07-11T00:00:00,zone_10,gym_exterior,40.7133,-74.0065,24.4,90.0,4.2,0.49,10.0,20.0,concrete,0,0.0,synthetic
2026-07-11T00:00:00,zone_11,admin_building,40.7123,-74.0055,24.2,90.1,2.0,0.42,25.0,30.0,concrete,3,0.0,synthetic
2026-07-11T00:00:00,zone_12,entrance_plaza,40.7134,-74.0066,25.3,95.5,1.7,0.22,5.0,10.0,asphalt,0,0.0,synthetic
2026-07-11T01:00:00,zone_01,playground,40.7128,-74.006,26.3,86.5,2.2,0.34,5.0,10.0,asphalt,0,0.0,synthetic
2026-07-11T01:00:00,zone_02,parking_lot,40.713,-74.0062,26.7,90.6,2.4,0.68,0.0,0.0,asphalt,0,0.0,synthetic
2026-07-11T01:00:00,zone_03,courtyard,40.7126,-74.0058,25.0,84.0,0.0,0.78,15.0,25.0,concrete,0,0.0,synthetic
2026-07-11T01:00:00,zone_04,building_roof,40.7129,-74.0059,27.7,83.4,3.5,0.5,0.0,0.0,concrete,5,0.0,synthetic
2026-07-11T01:00:00,zone_05,sports_field,40.7131,-74.0061,23.9,87.7,3.8,0.58,0.0,5.0,grass,3,0.0,synthetic
2026-07-11T01:00:00,zone_06,library_exterior,40.7127,-74.0057,24.6,84.5,2.1,0.64,20.0,35.0,concrete,0,0.0,synthetic
2026-07-11T01:00:00,zone_07,cafeteria_patio,40.7125,-74.0063,23.6,87.7,2.4,0.21,40.0,50.0,concrete,0,0.0,synthetic
2026-07-11T01:00:00,zone_08,walkway,40.7132,-74.0056,25.4,89.0,1.3,0.3,10.0,15.0,asphalt,1,0.0,synthetic
2026-07-11T01:00:00,zone_09,garden,40.7124,-74.0064,23.0,88.9,2.1,0.19,60.0,70.0,grass,0,0.0,synthetic
2026-07-11T01:00:00,zone_10,gym_exterior,40.7133,-74.0065,25.1,90.2,2.3,0.18,10.0,20.0,concrete,0,0.0,synthetic
2026-07-11T01:00:00,zone_11,admin_building,40.7123,-74.0055,24.9,84.9,2.4,0.62,25.0,30.0,concrete,0,0.0,synthetic
2026-07-11T01:00:00,zone_12,entrance_plaza,40.7134,-74.0066,26.5,87.9,0.2,0.35,5.0,10.0,asphalt,0,0.0,synthetic
2026-07-11T02:00:00,zone_01,playground,40.7128,-74.006,25.8,79.2,2.6,0.73,5.0,10.0,asphalt,0,0.0,synthetic
2026-07-11T02:00:00,zone_02,parking_lot,40.713,-74.0062,27.5,80.9,2.5,0.75,0.0,0.0,asphalt,1,0.0,synthetic
2026-07-11T02:00:00,zone_03,courtyard,40.7126,-74.0058,25.4,82.0,4.2,0.44,15.0,25.0,concrete,1,0.0,synthetic
2026-07-11T02:00:00,zone_04,building_roof,40.7129,-74.0059,27.9,83.8,4.1,0.4,0.0,0.0,concrete,0,0.0,synthetic
2026-07-11T02:00:00,zone_05,sports_field,40.7131,-74.0061,24.7,88.4,0.8,0.39,0.0,5.0,grass,0,0.0,synthetic
2026-07-11T02:00:00,zone_06,library_exterior,40.7127,-74.0057,25.1,85.7,1.4,0.36,20.0,35.0,concrete,0,0.0,synthetic
2026-07-11T02:00:00,zone_07,cafeteria_patio,40.7125,-74.0063,24.3,85.8,0.2,0.18,40.0,50.0,concrete,3,0.0,synthetic
2026-07-11T02:00:00,zone_08,walkway,40.7132,-74.0056,26.6,79.9,1.1,0.21,10.0,15.0,asphalt,0,0.0,synthetic
2026-07-11T02:00:00,zone_09,garden,40.7124,-74.0064,24.5,84.2,3.1,0.22,60.0,70.0,grass,0,0.0,synthetic
2026-07-11T02:00:00,zone_10,gym_exterior,40.7133,-74.0065,25.4,86.9,2.6,0.68,10.0,20.0,concrete,1,0.0,synthetic
2026-07-11T02:00:00,zone_11,admin_building,40.7123,-74.0055,24.6,80.9,3.3,0.15,25.0,30.0,concrete,0,0.0,synthetic
2026-07-11T02:00:00,zone_12,entrance_plaza,40.7134,-74.0066,26.0,88.0,1.4,0.54,5.0,10.0,asphalt,0,0.0,synthetic
2026-07-11T03:00:00,zone_01,playground,40.7128,-74.006,27.1,74.7,1.9,0.37,5.0,10.0,asphalt,1,0.0,synthetic
2026-07-11T03:00:00,zone_02,parking_lot,40.713,-74.0062,29.2,78.3,2.0,0.53,0.0,0.0,asphalt,0,0.0,synthetic
2026-07-11T03:00:00,zone_03,courtyard,40.7126,-74.0058,27.0,75.3,1.1,0.77,15.0,25.0,concrete,0,0.0,synthetic
2026-07-11T03:00:00,zone_04,building_roof,40.7129,-74.0059,28.8,76.9,1.0,0.29,0.0,0.0,concrete,1,0.0,synthetic
2026-07-11T03:00:00,zone_05,sports_field,40.7131,-74.0061,25.9,76.9,1.0,0.43,0.0,5.0,grass,0,0.0,synthetic
2026-07-11T03:00:00,zone_06,library_exterior,40.7127,-74.0057,26.8,78.6,2.6,0.26,20.0,35.0,concrete,0,0.0,synthetic
2026-07-11T03:00:00,zone_07,cafeteria_patio,40.7125,-74.0063,25.4,83.0,2.3,0.25,40.0,50.0,concrete,0,0.0,synthetic
2026-07-11T03:00:00,zone_08,walkway,40.7132,-74.0056,26.8,74.3,0.8,0.23,10.0,15.0,asphalt,1,0.0,synthetic
2026-07-11T03:00:00,zone_09,garden,40.7124,-74.0064,25.0,76.7,0.5,0.14,60.0,70.0,grass,0,0.0,synthetic
2026-07-11T03:00:00,zone_10,gym_exterior,40.7133,-74.0065,27.4,76.5,2.7,0.11,10.0,20.0,concrete,0,0.0,synthetic
2026-07-11T03:00:00,zone_11,admin_building,40.7123,-74.0055,26.1,78.2,0.0,0.35,25.0,30.0,concrete,0,0.0,synthetic
2026-07-11T03:00:00,zone_12,entrance_plaza,40.7134,-74.0066,28.2,79.5,1.1,0.8,5.0,10.0,asphalt,0,0.0,synthetic
2026-07-11T04:00:00,zone_01,playground,40.7128,-74.006,29.6,72.9,3.1,0.76,5.0,10.0,asphalt,0,0.0,synthetic
2026-07-11T04:00:00,zone_02,parking_lot,40.713,-74.0062,29.9,69.0,2.4,0.14,0.0,0.0,asphalt,0,0.0,synthetic
2026-07-11T04:00:00,zone_03,courtyard,40.7126,-74.0058,27.6,70.0,0.0,0.13,15.0,25.0,concrete,0,0.0,synthetic
2026-07-11T04:00:00,zone_04,building_roof,40.7129,-74.0059,31.2,68.7,0.5,0.28,0.0,0.0,concrete,0,0.0,synthetic
2026-07-11T04:00:00,zone_05,sports_field,40.7131,-74.0061,25.9,70.6,2.9,0.44,0.0,5.0,grass,0,0.0,synthetic
2026-07-11T04:00:00,zone_06,library_exterior,40.7127,-74.0057,27.0,73.1,0.0,0.47,20.0,35.0,concrete,0,0.0,synthetic
2026-07-11T04:00:00,zone_07,cafeteria_patio,40.7125,-74.0063,27.4,73.6,3.4,0.76,40.0,50.0,concrete,0,0.0,synthetic
2026-07-11T04:00:00,zone_08,walkway,40.7132,-74.0056,27.7,72.6,1.3,0.71,10.0,15.0,asphalt,0,0.0,synthetic
2026-07-11T04:00:00,zone_09,garden,40.7124,-74.0064,25.0,72.5,1.8,0.73,60.0,70.0,grass,0,0.0,synthetic
2026-07-11T04:00:00,zone_10,gym_exterior,40.7133,-74.0065,27.9,70.3,1.8,0.4,10.0,20.0,concrete,1,0.0,synthetic
2026-07-11T04:00:00,zone_11,admin_building,40.7123,-74.0055,26.7,78.6,2.7,0.17,25.0,30.0,concrete,0,0.0,synthetic
2026-07-11T04:00:00,zone_12,entrance_plaza,40.7134,-74.0066,28.9,67.8,1.4,0.72,5.0,10.0,asphalt,1,0.0,synthetic
2026-07-11T05:00:00,zone_01,playground,40.7128,-74.006,31.0,67.2,3.2,0.22,5.0,10.0,asphalt,0,0.0,synthetic
2026-07-11T05:00:00,zone_02,parking_lot,40.713,-74.0062,31.4,63.4,2.4,0.46,0.0,0.0,asphalt,1,0.0,synthetic
2026-07-11T05:00:00,zone_03,courtyard,40.7126,-74.0058,28.5,65.6,2.4,0.56,15.0,25.0,concrete,1,0.0,synthetic
2026-07-11T05:00:00,zone_04,building_roof,40.7129,-74.0059,32.3,64.9,2.3,0.36,0.0,0.0,concrete,1,0.0,synthetic
2026-07-11T05:00:00,zone_05,sports_field,40.7131,-74.0061,29.1,70.7,0.4,0.38,0.0,5.0,grass,0,0.0,synthetic
2026-07-11T05:00:00,zone_06,library_exterior,40.7127,-74.0057,27.9,70.4,2.9,0.47,20.0,35.0,concrete,0,0.0,synthetic
2026-07-11T05:00:00,zone_07,cafeteria_patio,40.7125,-74.0063,28.2,63.2,2.3,0.33,40.0,50.0,concrete,0,0.0,synthetic
2026-07-11T05:00:00,zone_08,walkway,40.7132,-74.0056,29.5,64.4,2.6,0.66,10.0,15.0,asphalt,0,0.0,synthetic
2026-07-11T05:00:00,zone_09,garden,40.7124,-74.0064,27.3,68.4,0.9,0.13,60.0,70.0,grass,0,0.0,synthetic
2026-07-11T05:00:00,zone_10,gym_exterior,40.7133,-74.0065,28.9,65.5,2.3,0.24,10.0,20.0,concrete,3,0.0,synthetic
2026-07-11T05:00:00,zone_11,admin_building,40.7123,-74.0055,27.9,65.5,3.4,0.42,25.0,30.0,concrete,0,0.0,synthetic
2026-07-11T05:00:00,zone_12,entrance_plaza,40.7134,-74.0066,30.7,62.8,2.6,0.44,5.0,10.0,asphalt,0,0.0,synthetic
2026-07-11T06:00:00,zone_01,playground,40.7128,-74.006,31.9,58.1,2.7,0.11,5.0,10.0,asphalt,8,0.0,synthetic
2026-07-11T06:00:00,zone_02,parking_lot,40.713,-74.0062,33.7,59.6,3.3,0.61,0.0,0.0,asphalt,2,0.0,synthetic
2026-07-11T06:00:00,zone_03,courtyard,40.7126,-74.0058,30.8,60.2,0.9,0.43,15.0,25.0,concrete,7,0.0,synthetic
2026-07-11T06:00:00,zone_04,building_roof,40.7129,-74.0059,33.6,59.7,1.1,0.75,0.0,0.0,concrete,0,0.0,synthetic
2026-07-11T06:00:00,zone_05,sports_field,40.7131,-74.0061,29.2,59.4,2.6,0.25,0.0,5.0,grass,13,0.0,synthetic
2026-07-11T06:00:00,zone_06,library_exterior,40.7127,-74.0057,30.1,61.7,1.7,0.14,20.0,35.0,concrete,4,0.0,synthetic
2026-07-11T06:00:00,zone_07,cafeteria_patio,40.7125,-74.0063,28.7,58.0,2.7,0.42,40.0,50.0,concrete,6,0.0,synthetic
2026-07-11T06:00:00,zone_08,walkway,40.7132,-74.0056,31.1,59.9,2.1,0.54,10.0,15.0,asphalt,5,0.0,synthetic
2026-07-11T06:00:00,zone_09,garden,40.7124,-74.0064,28.3,61.1,3.9,0.62,60.0,70.0,grass,1,0.0,synthetic
2026-07-11T06:00:00,zone_10,gym_exterior,40.7133,-74.0065,30.8,64.5,1.9,0.14,10.0,20.0,concrete,6,0.0,synthetic
2026-07-11T06:00:00,zone_11,admin_building,40.7123,-74.0055,30.1,61.3,2.3,0.68,25.0,30.0,concrete,2,0.0,synthetic
2026-07-11T06:00:00,zone_12,entrance_plaza,40.7134,-74.0066,31.4,59.7,2.7,0.4,5.0,10.0,asphalt,3,0.0,synthetic
2026-07-11T07:00:00,zone_01,playground,40.7128,-74.006,31.8,46.2,3.5,0.24,5.0,10.0,asphalt,25,1.0,synthetic
2026-07-11T07:00:00,zone_02,parking_lot,40.713,-74.0062,34.6,56.5,2.3,0.37,0.0,0.0,asphalt,5,1.0,synthetic
2026-07-11T07:00:00,zone_03,courtyard,40.7126,-74.0058,31.6,51.3,1.6,0.58,15.0,25.0,concrete,9,1.0,synthetic
2026-07-11T07:00:00,zone_04,building_roof,40.7129,-74.0059,33.4,49.6,1.3,0.18,0.0,0.0,concrete,0,1.0,synthetic
2026-07-11T07:00:00,zone_05,sports_field,40.7131,-74.0061,31.0,53.8,1.7,0.48,0.0,5.0,grass,35,1.0,synthetic
2026-07-11T07:00:00,zone_06,library_exterior,40.7127,-74.0057,31.0,52.6,0.9,0.13,20.0,35.0,concrete,9,1.0,synthetic
2026-07-11T07:00:00,zone_07,cafeteria_patio,40.7125,-74.0063,31.5,48.2,1.7,0.39,40.0,50.0,concrete,17,1.0,synthetic
2026-07-11T07:00:00,zone_08,walkway,40.7132,-74.0056,32.0,48.8,0.4,0.17,10.0,15.0,asphalt,7,1.0,synthetic
2026-07-11T07:00:00,zone_09,garden,40.7124,-74.0064,30.4,52.1,2.8,0.71,60.0,70.0,grass,5,1.0,synthetic
2026-07-11T07:00:00,zone_10,gym_exterior,40.7133,-74.0065,30.9,56.4,2.6,0.8,10.0,20.0,concrete,11,1.0,synthetic
2026-07-11T07:00:00,zone_11,admin_building,40.7123,-74.0055,32.0,51.7,0.0,0.39,25.0,30.0,concrete,6,1.0,synthetic
2026-07-11T07:00:00,zone_12,entrance_plaza,40.7134,-74.0066,31.9,52.7,2.5,0.72,5.0,10.0,asphalt,10,1.0,synthetic
2026-07-11T08:00:00,zone_01,playground,40.7128,-74.006,33.7,46.6,0.7,0.61,5.0,10.0,asphalt,62,1.0,synthetic
2026-07-11T08:00:00,zone_02,parking_lot,40.713,-74.0062,34.9,46.9,3.4,0.33,0.0,0.0,asphalt,7,1.0,synthetic
2026-07-11T08:00:00,zone_03,courtyard,40.7126,-74.0058,33.3,50.9,2.5,0.4,15.0,25.0,concrete,36,1.0,synthetic
2026-07-11T08:00:00,zone_04,building_roof,40.7129,-74.0059,35.3,44.6,3.7,0.11,0.0,0.0,concrete,3,1.0,synthetic
2026-07-11T08:00:00,zone_05,sports_field,40.7131,-74.0061,32.6,45.2,3.2,0.67,0.0,5.0,grass,97,1.0,synthetic
2026-07-11T08:00:00,zone_06,library_exterior,40.7127,-74.0057,32.7,50.5,2.3,0.5,20.0,35.0,concrete,24,1.0,synthetic
2026-07-11T08:00:00,zone_07,cafeteria_patio,40.7125,-74.0063,31.5,44.5,2.5,0.23,40.0,50.0,concrete,48,1.0,synthetic
2026-07-11T08:00:00,zone_08,walkway,40.7132,-74.0056,32.9,48.6,3.5,0.33,10.0,15.0,asphalt,18,1.0,synthetic
2026-07-11T08:00:00,zone_09,garden,40.7124,-74.0064,30.7,46.3,3.5,0.26,60.0,70.0,grass,10,1.0,synthetic
2026-07-11T08:00:00,zone_10,gym_exterior,40.7133,-74.0065,33.0,42.8,3.5,0.63,10.0,20.0,concrete,32,1.0,synthetic
2026-07-11T08:00:00,zone_11,admin_building,40.7123,-74.0055,31.8,53.2,2.3,0.79,25.0,30.0,concrete,17,1.0,synthetic
2026-07-11T08:00:00,zone_12,entrance_plaza,40.7134,-74.0066,34.4,41.9,2.4,0.65,5.0,10.0,asphalt,31,1.0,synthetic
2026-07-11T09:00:00,zone_01,playground,40.7128,-74.006,33.9,41.6,2.1,0.58,5.0,10.0,asphalt,79,1.0,synthetic
2026-07-11T09:00:00,zone_02,parking_lot,40.713,-74.0062,36.3,38.6,1.1,0.57,0.0,0.0,asphalt,12,1.0,synthetic
2026-07-11T09:00:00,zone_03,courtyard,40.7126,-74.0058,33.5,44.1,1.9,0.61,15.0,25.0,concrete,43,1.0,synthetic
2026-07-11T09:00:00,zone_04,building_roof,40.7129,-74.0059,36.7,45.4,1.3,0.51,0.0,0.0,concrete,4,1.0,synthetic
2026-07-11T09:00:00,zone_05,sports_field,40.7131,-74.0061,32.4,46.8,2.3,0.31,0.0,5.0,grass,119,1.0,synthetic
2026-07-11T09:00:00,zone_06,library_exterior,40.7127,-74.0057,33.0,42.6,2.8,0.35,20.0,35.0,concrete,27,1.0,synthetic
2026-07-11T09:00:00,zone_07,cafeteria_patio,40.7125,-74.0063,33.1,39.5,2.1,0.18,40.0,50.0,concrete,59,1.0,synthetic
2026-07-11T09:00:00,zone_08,walkway,40.7132,-74.0056,33.6,41.9,2.2,0.42,10.0,15.0,asphalt,25,1.0,synthetic
2026-07-11T09:00:00,zone_09,garden,40.7124,-74.0064,31.6,40.9,1.2,0.39,60.0,70.0,grass,17,1.0,synthetic
2026-07-11T09:00:00,zone_10,gym_exterior,40.7133,-74.0065,33.3,42.7,2.1,0.65,10.0,20.0,concrete,41,1.0,synthetic
2026-07-11T09:00:00,zone_11,admin_building,40.7123,-74.0055,33.0,49.7,2.2,0.21,25.0,30.0,concrete,19,1.0,synthetic
2026-07-11T09:00:00,zone_12,entrance_plaza,40.7134,-74.0066,35.7,39.8,2.7,0.57,5.0,10.0,asphalt,37,1.0,synthetic
2026-07-11T10:00:00,zone_01,playground,40.7128,-74.006,34.6,38.0,1.9,0.7,5.0,10.0,asphalt,79,1.0,synthetic
2026-07-11T10:00:00,zone_02,parking_lot,40.713,-74.0062,36.0,41.1,0.0,0.42,0.0,0.0,asphalt,9,1.0,synthetic
2026-07-11T10:00:00,zone_03,courtyard,40.7126,-74.0058,34.1,43.8,2.4,0.55,15.0,25.0,concrete,44,1.0,synthetic
2026-07-11T10:00:00,zone_04,building_roof,40.7129,-74.0059,36.6,39.6,1.8,0.56,0.0,0.0,concrete,7,1.0,synthetic
2026-07-11T10:00:00,zone_05,sports_field,40.7131,-74.0061,34.2,40.9,0.2,0.35,0.0,5.0,grass,120,1.0,synthetic
2026-07-11T10:00:00,zone_06,library_exterior,40.7127,-74.0057,33.6,44.3,1.5,0.58,20.0,35.0,concrete,29,1.0,synthetic
2026-07-11T10:00:00,zone_07,cafeteria_patio,40.7125,-74.0063,32.8,43.1,1.1,0.52,40.0,50.0,concrete,58,1.0,synthetic
2026-07-11T10:00:00,zone_08,walkway,40.7132,-74.0056,34.9,42.9,0.0,0.4,10.0,15.0,asphalt,25,1.0,synthetic
2026-07-11T10:00:00,zone_09,garden,40.7124,-74.0064,32.6,40.5,1.3,0.37,60.0,70.0,grass,16,1.0,synthetic
2026-07-11T10:00:00,zone_10,gym_exterior,40.7133,-74.0065,35.1,43.4,3.4,0.64,10.0,20.0,concrete,40,1.0,synthetic
2026-07-11T10:00:00,zone_11,admin_building,40.7123,-74.0055,34.0,40.9,2.8,0.77,25.0,30.0,concrete,21,1.0,synthetic
2026-07-11T10:00:00,zone_12,entrance_plaza,40.7134,-74.0066,34.9,38.1,2.3,0.75,5.0,10.0,asphalt,35,1.0,synthetic
2026-07-11T11:00:00,zone_01,playground,40.7128,-74.006,35.1,38.2,2.0,0.21,5.0,10.0,asphalt,70,1.0,synthetic
2026-07-11T11:00:00,zone_02,parking_lot,40.713,-74.0062,35.8,44.0,1.7,0.22,0.0,0.0,asphalt,8,1.0,synthetic
2026-07-11T11:00:00,zone_03,courtyard,40.7126,-74.0058,33.9,41.2,2.9,0.55,15.0,25.0,concrete,40,1.0,synthetic
2026-07-11T11:00:00,zone_04,building_roof,40.7129,-74.0059,37.5,44.2,3.7,0.55,0.0,0.0,concrete,5,1.0,synthetic
2026-07-11T11:00:00,zone_05,sports_field,40.7131,-74.0061,33.5,41.7,3.3,0.47,0.0,5.0,grass,107,1.0,synthetic
2026-07-11T11:00:00,zone_06,library_exterior,40.7127,-74.0057,33.4,41.5,1.0,0.52,20.0,35.0,concrete,27,1.0,synthetic
2026-07-11T11:00:00,zone_07,cafeteria_patio,40.7125,-74.0063,32.6,36.2,2.3,0.79,40.0,50.0,concrete,56,1.0,synthetic
2026-07-11T11:00:00,zone_08,walkway,40.7132,-74.0056,34.2,40.4,1.6,0.53,10.0,15.0,asphalt,23,1.0,synthetic
2026-07-11T11:00:00,zone_09,garden,40.7124,-74.0064,32.8,40.0,2.6,0.6,60.0,70.0,grass,13,1.0,synthetic
2026-07-11T11:00:00,zone_10,gym_exterior,40.7133,-74.0065,34.2,41.5,2.2,0.58,10.0,20.0,concrete,35,1.0,synthetic
2026-07-11T11:00:00,zone_11,admin_building,40.7123,-74.0055,33.3,36.0,0.3,0.36,25.0,30.0,concrete,20,1.0,synthetic
2026-07-11T11:00:00,zone_12,entrance_plaza,40.7134,-74.0066,35.9,42.6,1.0,0.64,5.0,10.0,asphalt,35,1.0,synthetic
2026-07-11T12:00:00,zone_01,playground,40.7128,-74.006,34.3,40.1,1.3,0.33,5.0,10.0,asphalt,56,1.0,synthetic
2026-07-11T12:00:00,zone_02,parking_lot,40.713,-74.0062,35.7,40.1,0.8,0.49,0.0,0.0,asphalt,7,1.0,synthetic
2026-07-11T12:00:00,zone_03,courtyard,40.7126,-74.0058,33.6,41.4,1.8,0.26,15.0,25.0,concrete,31,1.0,synthetic
2026-07-11T12:00:00,zone_04,building_roof,40.7129,-74.0059,36.6,47.1,0.9,0.66,0.0,0.0,concrete,3,1.0,synthetic
2026-07-11T12:00:00,zone_05,sports_field,40.7131,-74.0061,32.8,41.8,3.2,0.5,0.0,5.0,grass,84,1.0,synthetic
2026-07-11T12:00:00,zone_06,library_exterior,40.7127,-74.0057,33.5,38.3,2.1,0.69,20.0,35.0,concrete,18,1.0,synthetic
2026-07-11T12:00:00,zone_07,cafeteria_patio,40.7125,-74.0063,32.2,35.5,2.2,0.5,40.0,50.0,concrete,43,1.0,synthetic
2026-07-11T12:00:00,zone_08,walkway,40.7132,-74.0056,34.7,36.4,0.1,0.79,10.0,15.0,asphalt,19,1.0,synthetic
2026-07-11T12:00:00,zone_09,garden,40.7124,-74.0064,32.5,42.4,0.0,0.23,60.0,70.0,grass,14,1.0,synthetic
2026-07-11T12:00:00,zone_10,gym_exterior,40.7133,-74.0065,34.5,38.7,3.0,0.2,10.0,20.0,concrete,28,1.0,synthetic
2026-07-11T12:00:00,zone_11,admin_building,40.7123,-74.0055,34.5,41.2,3.0,0.79,25.0,30.0,concrete,14,1.0,synthetic
2026-07-11T12:00:00,zone_12,entrance_plaza,40.7134,-74.0066,35.5,38.5,3.4,0.38,5.0,10.0,asphalt,23,1.0,synthetic
2026-07-11T13:00:00,zone_01,playground,40.7128,-74.006,35.0,45.2,3.8,0.16,5.0,10.0,asphalt,76,1.0,synthetic
2026-07-11T13:00:00,zone_02,parking_lot,40.713,-74.0062,36.4,36.6,2.9,0.73,0.0,0.0,asphalt,9,1.0,synthetic
2026-07-11T13:00:00,zone_03,courtyard,40.7126,-74.0058,33.1,46.8,1.3,0.26,15.0,25.0,concrete,43,1.0,synthetic
2026-07-11T13:00:00,zone_04,building_roof,40.7129,-74.0059,36.0,42.7,1.5,0.77,0.0,0.0,concrete,0,1.0,synthetic
2026-07-11T13:00:00,zone_05,sports_field,40.7131,-74.0061,33.1,42.5,1.3,0.46,0.0,5.0,grass,107,1.0,synthetic
2026-07-11T13:00:00,zone_06,library_exterior,40.7127,-74.0057,33.0,43.7,1.8,0.33,20.0,35.0,concrete,25,1.0,synthetic
2026-07-11T13:00:00,zone_07,cafeteria_patio,40.7125,-74.0063,32.7,48.9,3.0,0.65,40.0,50.0,concrete,53,1.0,synthetic
2026-07-11T13:00:00,zone_08,walkway,40.7132,-74.0056,33.8,45.0,0.4,0.57,10.0,15.0,asphalt,24,1.0,synthetic
2026-07-11T13:00:00,zone_09,garden,40.7124,-74.0064,30.6,39.1,0.0,0.35,60.0,70.0,grass,17,1.0,synthetic
2026-07-11T13:00:00,zone_10,gym_exterior,40.7133,-74.0065,34.4,45.9,1.2,0.36,10.0,20.0,concrete,36,1.0,synthetic
2026-07-11T13:00:00,zone_11,admin_building,40.7123,-74.0055,33.3,45.8,2.1,0.2,25.0,30.0,concrete,22,1.0,synthetic
2026-07-11T13:00:00,zone_12,entrance_plaza,40.7134,-74.0066,34.4,42.2,1.2,0.59,5.0,10.0,asphalt,31,1.0,synthetic
2026-07-11T14:00:00,zone_01,playground,40.7128,-74.006,33.3,53.0,1.6,0.32,5.0,10.0,asphalt,79,1.0,synthetic
2026-07-11T14:00:00,zone_02,parking_lot,40.713,-74.0062,34.7,48.4,2.5,0.23,0.0,0.0,asphalt,11,1.0,synthetic
2026-07-11T14:00:00,zone_03,courtyard,40.7126,-74.0058,33.0,51.0,1.3,0.21,15.0,25.0,concrete,46,1.0,synthetic
2026-07-11T14:00:00,zone_04,building_roof,40.7129,-74.0059,35.2,43.4,2.7,0.75,0.0,0.0,concrete,6,1.0,synthetic
2026-07-11T14:00:00,zone_05,sports_field,40.7131,-74.0061,31.5,50.2,2.6,0.17,0.0,5.0,grass,117,1.0,synthetic
2026-07-11T14:00:00,zone_06,library_exterior,40.7127,-74.0057,31.6,50.7,3.1,0.22,20.0,35.0,concrete,30,1.0,synthetic
2026-07-11T14:00:00,zone_07,cafeteria_patio,40.7125,-74.0063,31.9,49.6,0.5,0.64,40.0,50.0,concrete,63,1.0,synthetic
2026-07-11T14:00:00,zone_08,walkway,40.7132,-74.0056,33.0,54.8,1.8,0.25,10.0,15.0,asphalt,26,1.0,synthetic
2026-07-11T14:00:00,zone_09,garden,40.7124,-74.0064,31.8,51.5,1.4,0.77,60.0,70.0,grass,10,1.0,synthetic
2026-07-11T14:00:00,zone_10,gym_exterior,40.7133,-74.0065,32.5,48.3,2.4,0.31,10.0,20.0,concrete,40,1.0,synthetic
2026-07-11T14:00:00,zone_11,admin_building,40.7123,-74.0055,32.6,50.3,2.4,0.54,25.0,30.0,concrete,17,1.0,synthetic
2026-07-11T14:00:00,zone_12,entrance_plaza,40.7134,-74.0066,34.7,47.1,2.3,0.66,5.0,10.0,asphalt,35,1.0,synthetic
2026-07-11T15:00:00,zone_01,playground,40.7128,-74.006,31.3,51.8,2.0,0.27,5.0,10.0,asphalt,66,1.0,synthetic
2026-07-11T15:00:00,zone_02,parking_lot,40.713,-74.0062,33.4,52.6,0.9,0.28,0.0,0.0,asphalt,10,1.0,synthetic
2026-07-11T15:00:00,zone_03,courtyard,40.7126,-74.0058,31.8,56.3,2.5,0.52,15.0,25.0,concrete,37,1.0,synthetic
2026-07-11T15:00:00,zone_04,building_roof,40.7129,-74.0059,34.4,54.3,0.9,0.48,0.0,0.0,concrete,4,1.0,synthetic
2026-07-11T15:00:00,zone_05,sports_field,40.7131,-74.0061,31.6,52.1,2.0,0.78,0.0,5.0,grass,93,1.0,synthetic
2026-07-11T15:00:00,zone_06,library_exterior,40.7127,-74.0057,31.4,53.5,1.5,0.61,20.0,35.0,concrete,24,1.0,synthetic
2026-07-11T15:00:00,zone_07,cafeteria_patio,40.7125,-74.0063,30.4,53.2,1.3,0.43,40.0,50.0,concrete,48,1.0,synthetic
2026-07-11T15:00:00,zone_08,walkway,40.7132,-74.0056,32.4,46.3,3.0,0.46,10.0,15.0,asphalt,22,1.0,synthetic
2026-07-11T15:00:00,zone_09,garden,40.7124,-74.0064,28.8,50.1,1.6,0.28,60.0,70.0,grass,13,1.0,synthetic
2026-07-11T15:00:00,zone_10,gym_exterior,40.7133,-74.0065,31.3,56.4,1.6,0.59,10.0,20.0,concrete,33,1.0,synthetic
2026-07-11T15:00:00,zone_11,admin_building,40.7123,-74.0055,31.0,51.0,3.1,0.78,25.0,30.0,concrete,15,1.0,synthetic
2026-07-11T15:00:00,zone_12,entrance_plaza,40.7134,-74.0066,33.6,52.0,2.3,0.11,5.0,10.0,asphalt,31,1.0,synthetic
2026-07-11T16:00:00,zone_01,playground,40.7128,-74.006,31.4,58.1,2.0,0.69,5.0,10.0,asphalt,37,1.0,synthetic
2026-07-11T16:00:00,zone_02,parking_lot,40.713,-74.0062,33.0,61.5,2.0,0.72,0.0,0.0,asphalt,6,1.0,synthetic
2026-07-11T16:00:00,zone_03,courtyard,40.7126,-74.0058,29.4,57.5,1.8,0.45,15.0,25.0,concrete,23,1.0,synthetic
2026-07-11T16:00:00,zone_04,building_roof,40.7129,-74.0059,33.9,54.8,0.9,0.63,0.0,0.0,concrete,2,1.0,synthetic
2026-07-11T16:00:00,zone_05,sports_field,40.7131,-74.0061,29.8,56.6,1.3,0.64,0.0,5.0,grass,60,1.0,synthetic
2026-07-11T16:00:00,zone_06,library_exterior,40.7127,-74.0057,29.8,56.4,2.6,0.56,20.0,35.0,concrete,12,1.0,synthetic
2026-07-11T16:00:00,zone_07,cafeteria_patio,40.7125,-74.0063,28.7,56.2,2.2,0.54,40.0,50.0,concrete,30,1.0,synthetic
2026-07-11T16:00:00,zone_08,walkway,40.7132,-74.0056,31.4,55.5,2.3,0.65,10.0,15.0,asphalt,14,1.0,synthetic
2026-07-11T16:00:00,zone_09,garden,40.7124,-74.0064,29.0,63.2,3.1,0.24,60.0,70.0,grass,6,1.0,synthetic
2026-07-11T16:00:00,zone_10,gym_exterior,40.7133,-74.0065,30.8,60.3,1.9,0.23,10.0,20.0,concrete,22,1.0,synthetic
2026-07-11T16:00:00,zone_11,admin_building,40.7123,-74.0055,30.0,57.2,2.3,0.2,25.0,30.0,concrete,11,1.0,synthetic
2026-07-11T16:00:00,zone_12,entrance_plaza,40.7134,-74.0066,32.8,54.4,2.7,0.78,5.0,10.0,asphalt,18,1.0,synthetic
2026-07-11T17:00:00,zone_01,playground,40.7128,-74.006,30.1,62.1,2.7,0.71,5.0,10.0,asphalt,24,1.0,synthetic
2026-07-11T17:00:00,zone_02,parking_lot,40.713,-74.0062,31.5,66.3,1.7,0.4,0.0,0.0,asphalt,5,1.0,synthetic
2026-07-11T17:00:00,zone_03,courtyard,40.7126,-74.0058,29.4,63.3,2.4,0.28,15.0,25.0,concrete,13,1.0,synthetic
2026-07-11T17:00:00,zone_04,building_roof,40.7129,-74.0059,32.0,62.7,1.8,0.19,0.0,0.0,concrete,1,1.0,synthetic
2026-07-11T17:00:00,zone_05,sports_field,40.7131,-74.0061,28.3,64.3,2.9,0.57,0.0,5.0,grass,36,1.0,synthetic
2026-07-11T17:00:00,zone_06,library_exterior,40.7127,-74.0057,29.5,67.6,2.8,0.47,20.0,35.0,concrete,9,1.0,synthetic
2026-07-11T17:00:00,zone_07,cafeteria_patio,40.7125,-74.0063,28.6,63.9,2.9,0.13,40.0,50.0,concrete,18,1.0,synthetic
2026-07-11T17:00:00,zone_08,walkway,40.7132,-74.0056,29.8,64.6,4.0,0.71,10.0,15.0,asphalt,8,1.0,synthetic
2026-07-11T17:00:00,zone_09,garden,40.7124,-74.0064,27.8,68.8,1.9,0.37,60.0,70.0,grass,2,1.0,synthetic
2026-07-11T17:00:00,zone_10,gym_exterior,40.7133,-74.0065,28.9,66.4,0.3,0.51,10.0,20.0,concrete,11,1.0,synthetic
2026-07-11T17:00:00,zone_11,admin_building,40.7123,-74.0055,28.2,66.8,2.7,0.17,25.0,30.0,concrete,5,1.0,synthetic
2026-07-11T17:00:00,zone_12,entrance_plaza,40.7134,-74.0066,30.3,64.8,3.3,0.16,5.0,10.0,asphalt,8,1.0,synthetic
2026-07-11T18:00:00,zone_01,playground,40.7128,-74.006,28.5,70.7,0.5,0.69,5.0,10.0,asphalt,10,0.0,synthetic
2026-07-11T18:00:00,zone_02,parking_lot,40.713,-74.0062,29.8,75.4,2.1,0.17,0.0,0.0,asphalt,1,0.0,synthetic
2026-07-11T18:00:00,zone_03,courtyard,40.7126,-74.0058,27.5,65.8,5.1,0.31,15.0,25.0,concrete,4,0.0,synthetic
2026-07-11T18:00:00,zone_04,building_roof,40.7129,-74.0059,31.3,75.6,1.0,0.43,0.0,0.0,concrete,0,0.0,synthetic
2026-07-11T18:00:00,zone_05,sports_field,40.7131,-74.0061,27.1,64.8,2.0,0.11,0.0,5.0,grass,13,0.0,synthetic
2026-07-11T18:00:00,zone_06,library_exterior,40.7127,-74.0057,28.1,70.7,2.1,0.27,20.0,35.0,concrete,6,0.0,synthetic
2026-07-11T18:00:00,zone_07,cafeteria_patio,40.7125,-74.0063,28.2,67.5,1.9,0.35,40.0,50.0,concrete,9,0.0,synthetic
2026-07-11T18:00:00,zone_08,walkway,40.7132,-74.0056,28.2,75.6,2.0,0.15,10.0,15.0,asphalt,2,0.0,synthetic
2026-07-11T18:00:00,zone_09,garden,40.7124,-74.0064,26.1,71.8,1.3,0.62,60.0,70.0,grass,0,0.0,synthetic
2026-07-11T18:00:00,zone_10,gym_exterior,40.7133,-74.0065,27.7,71.5,0.7,0.75,10.0,20.0,concrete,7,0.0,synthetic
2026-07-11T18:00:00,zone_11,admin_building,40.7123,-74.0055,28.2,71.5,2.7,0.6,25.0,30.0,concrete,1,0.0,synthetic
2026-07-11T18:00:00,zone_12,entrance_plaza,40.7134,-74.0066,30.2,69.8,1.8,0.76,5.0,10.0,asphalt,2,0.0,synthetic
2026-07-11T19:00:00,zone_01,playground,40.7128,-74.006,27.6,77.4,2.1,0.51,5.0,10.0,asphalt,0,0.0,synthetic
2026-07-11T19:00:00,zone_02,parking_lot,40.713,-74.0062,29.2,77.5,0.9,0.73,0.0,0.0,asphalt,1,0.0,synthetic
2026-07-11T19:00:00,zone_03,courtyard,40.7126,-74.0058,27.1,76.6,3.1,0.55,15.0,25.0,concrete,0,0.0,synthetic
2026-07-11T19:00:00,zone_04,building_roof,40.7129,-74.0059,29.7,74.7,1.6,0.22,0.0,0.0,concrete,0,0.0,synthetic
2026-07-11T19:00:00,zone_05,sports_field,40.7131,-74.0061,25.3,86.0,0.3,0.58,0.0,5.0,grass,0,0.0,synthetic
2026-07-11T19:00:00,zone_06,library_exterior,40.7127,-74.0057,25.8,81.6,2.3,0.6,20.0,35.0,concrete,1,0.0,synthetic
2026-07-11T19:00:00,zone_07,cafeteria_patio,40.7125,-74.0063,25.9,78.2,1.7,0.56,40.0,50.0,concrete,0,0.0,synthetic
2026-07-11T19:00:00,zone_08,walkway,40.7132,-74.0056,27.5,78.7,1.8,0.17,10.0,15.0,asphalt,0,0.0,synthetic
2026-07-11T19:00:00,zone_09,garden,40.7124,-74.0064,24.9,77.4,2.1,0.69,60.0,70.0,grass,1,0.0,synthetic
2026-07-11T19:00:00,zone_10,gym_exterior,40.7133,-74.0065,26.4,73.2,1.5,0.24,10.0,20.0,concrete,2,0.0,synthetic
2026-07-11T19:00:00,zone_11,admin_building,40.7123,-74.0055,25.9,82.2,2.9,0.19,25.0,30.0,concrete,2,0.0,synthetic
2026-07-11T19:00:00,zone_12,entrance_plaza,40.7134,-74.0066,28.2,75.7,1.2,0.15,5.0,10.0,asphalt,2,0.0,synthetic
2026-07-11T20:00:00,zone_01,playground,40.7128,-74.006,26.0,82.0,2.7,0.34,5.0,10.0,asphalt,0,0.0,synthetic
2026-07-11T20:00:00,zone_02,parking_lot,40.713,-74.0062,27.4,84.6,1.0,0.1,0.0,0.0,asphalt,0,0.0,synthetic
2026-07-11T20:00:00,zone_03,courtyard,40.7126,-74.0058,25.5,84.9,1.8,0.33,15.0,25.0,concrete,1,0.0,synthetic
2026-07-11T20:00:00,zone_04,building_roof,40.7129,-74.0059,29.3,80.4,2.8,0.12,0.0,0.0,concrete,0,0.0,synthetic
2026-07-11T20:00:00,zone_05,sports_field,40.7131,-74.0061,24.5,86.3,2.0,0.45,0.0,5.0,grass,0,0.0,synthetic
2026-07-11T20:00:00,zone_06,library_exterior,40.7127,-74.0057,25.1,81.5,0.4,0.32,20.0,35.0,concrete,0,0.0,synthetic
2026-07-11T20:00:00,zone_07,cafeteria_patio,40.7125,-74.0063,24.9,82.7,1.5,0.18,40.0,50.0,concrete,0,0.0,synthetic
2026-07-11T20:00:00,zone_08,walkway,40.7132,-74.0056,26.1,84.8,1.4,0.23,10.0,15.0,asphalt,0,0.0,synthetic
2026-07-11T20:00:00,zone_09,garden,40.7124,-74.0064,23.5,82.0,1.8,0.34,60.0,70.0,grass,0,0.0,synthetic
2026-07-11T20:00:00,zone_10,gym_exterior,40.7133,-74.0065,24.4,79.3,2.5,0.18,10.0,20.0,concrete,0,0.0,synthetic
2026-07-11T20:00:00,zone_11,admin_building,40.7123,-74.0055,25.9,82.8,2.6,0.75,25.0,30.0,concrete,0,0.0,synthetic
2026-07-11T20:00:00,zone_12,entrance_plaza,40.7134,-74.0066,26.6,83.5,2.2,0.63,5.0,10.0,asphalt,0,0.0,synthetic
2026-07-11T21:00:00,zone_01,playground,40.7128,-74.006,25.5,85.2,0.4,0.56,5.0,10.0,asphalt,1,0.0,synthetic
2026-07-11T21:00:00,zone_02,parking_lot,40.713,-74.0062,26.7,87.4,2.6,0.21,0.0,0.0,asphalt,0,0.0,synthetic
2026-07-11T21:00:00,zone_03,courtyard,40.7126,-74.0058,23.8,89.8,0.2,0.35,15.0,25.0,concrete,0,0.0,synthetic
2026-07-11T21:00:00,zone_04,building_roof,40.7129,-74.0059,27.7,93.7,2.8,0.37,0.0,0.0,concrete,0,0.0,synthetic
2026-07-11T21:00:00,zone_05,sports_field,40.7131,-74.0061,23.9,80.2,1.2,0.49,0.0,5.0,grass,0,0.0,synthetic
2026-07-11T21:00:00,zone_06,library_exterior,40.7127,-74.0057,24.4,87.3,2.7,0.41,20.0,35.0,concrete,0,0.0,synthetic
2026-07-11T21:00:00,zone_07,cafeteria_patio,40.7125,-74.0063,24.3,82.8,3.5,0.31,40.0,50.0,concrete,0,0.0,synthetic
2026-07-11T21:00:00,zone_08,walkway,40.7132,-74.0056,24.4,89.0,3.0,0.49,10.0,15.0,asphalt,2,0.0,synthetic
2026-07-11T21:00:00,zone_09,garden,40.7124,-74.0064,23.1,85.9,2.6,0.22,60.0,70.0,grass,0,0.0,synthetic
2026-07-11T21:00:00,zone_10,gym_exterior,40.7133,-74.0065,24.9,89.1,1.4,0.29,10.0,20.0,concrete,0,0.0,synthetic
2026-07-11T21:00:00,zone_11,admin_building,40.7123,-74.0055,23.8,84.8,1.6,0.55,25.0,30.0,concrete,0,0.0,synthetic
2026-07-11T21:00:00,zone_12,entrance_plaza,40.7134,-74.0066,27.2,81.3,2.2,0.65,5.0,10.0,asphalt,0,0.0,synthetic
2026-07-11T22:00:00,zone_01,playground,40.7128,-74.006,25.1,88.4,2.5,0.27,5.0,10.0,asphalt,0,0.0,synthetic
2026-07-11T22:00:00,zone_02,parking_lot,40.713,-74.0062,26.0,88.6,2.4,0.14,0.0,0.0,asphalt,0,0.0,synthetic
2026-07-11T22:00:00,zone_03,courtyard,40.7126,-74.0058,24.3,94.5,1.5,0.73,15.0,25.0,concrete,1,0.0,synthetic
2026-07-11T22:00:00,zone_04,building_roof,40.7129,-74.0059,27.5,90.8,0.7,0.57,0.0,0.0,concrete,0,0.0,synthetic
2026-07-11T22:00:00,zone_05,sports_field,40.7131,-74.0061,22.8,90.1,1.5,0.48,0.0,5.0,grass,0,0.0,synthetic
2026-07-11T22:00:00,zone_06,library_exterior,40.7127,-74.0057,24.4,88.0,1.9,0.63,20.0,35.0,concrete,0,0.0,synthetic
2026-07-11T22:00:00,zone_07,cafeteria_patio,40.7125,-74.0063,23.8,88.8,0.7,0.46,40.0,50.0,concrete,1,0.0,synthetic
2026-07-11T22:00:00,zone_08,walkway,40.7132,-74.0056,25.3,84.7,1.6,0.79,10.0,15.0,asphalt,0,0.0,synthetic
2026-07-11T22:00:00,zone_09,garden,40.7124,-74.0064,22.3,87.6,0.0,0.22,60.0,70.0,grass,4,0.0,synthetic
2026-07-11T22:00:00,zone_10,gym_exterior,40.7133,-74.0065,24.0,93.2,1.4,0.49,10.0,20.0,concrete,0,0.0,synthetic
2026-07-11T22:00:00,zone_11,admin_building,40.7123,-74.0055,23.7,94.5,0.9,0.74,25.0,30.0,concrete,0,0.0,synthetic
2026-07-11T22:00:00,zone_12,entrance_plaza,40.7134,-74.0066,25.8,90.6,2.0,0.54,5.0,10.0,asphalt,0,0.0,synthetic
2026-07-11T23:00:00,zone_01,playground,40.7128,-74.006,25.1,91.5,1.6,0.32,5.0,10.0,asphalt,2,0.0,synthetic
2026-07-11T23:00:00,zone_02,parking_lot,40.713,-74.0062,25.9,89.6,2.9,0.13,0.0,0.0,asphalt,0,0.0,synthetic
2026-07-11T23:00:00,zone_03,courtyard,40.7126,-74.0058,23.9,89.2,3.2,0.45,15.0,25.0,concrete,1,0.0,synthetic
2026-07-11T23:00:00,zone_04,building_roof,40.7129,-74.0059,26.7,85.8,2.8,0.49,0.0,0.0,concrete,0,0.0,synthetic
2026-07-11T23:00:00,zone_05,sports_field,40.7131,-74.0061,23.4,88.4,2.5,0.52,0.0,5.0,grass,0,0.0,synthetic
2026-07-11T23:00:00,zone_06,library_exterior,40.7127,-74.0057,24.5,92.7,2.6,0.27,20.0,35.0,concrete,2,0.0,synthetic
2026-07-11T23:00:00,zone_07,cafeteria_patio,40.7125,-74.0063,23.5,91.8,2.5,0.77,40.0,50.0,concrete,0,0.0,synthetic
2026-07-11T23:00:00,zone_08,walkway,40.7132,-74.0056,24.5,86.4,0.2,0.69,10.0,15.0,asphalt,1,0.0,synthetic
2026-07-11T23:00:00,zone_09,garden,40.7124,-74.0064,22.9,92.8,2.4,0.32,60.0,70.0,grass,3,0.0,synthetic
2026-07-11T23:00:00,zone_10,gym_exterior,40.7133,-74.0065,24.8,91.1,0.5,0.34,10.0,20.0,concrete,0,0.0,synthetic
2026-07-11T23:00:00,zone_11,admin_building,40.7123,-74.0055,23.8,89.8,2.5,0.38,25.0,30.0,concrete,0,0.0,synthetic
2026-07-11T23:00:00,zone_12,entrance_plaza,40.7134,-74.0066,25.1,90.3,1.5,0.7,5.0,10.0,asphalt,0,0.0,synthetic
2026-07-12T00:00:00,zone_01,playground,40.7128,-74.006,25.6,89.7,4.3,0.5,5.0,10.0,asphalt,0,0.0,synthetic
2026-07-12T00:00:00,zone_02,parking_lot,40.713,-74.0062,27.3,89.0,3.1,0.65,0.0,0.0,asphalt,1,0.0,synthetic
2026-07-12T00:00:00,zone_03,courtyard,40.7126,-74.0058,24.4,85.8,2.4,0.57,15.0,25.0,concrete,0,0.0,synthetic
2026-07-12T00:00:00,zone_04,building_roof,40.7129,-74.0059,27.8,88.0,2.5,0.73,0.0,0.0,concrete,1,0.0,synthetic
2026-07-12T00:00:00,zone_05,sports_field,40.7131,-74.0061,23.4,88.4,2.9,0.34,0.0,5.0,grass,2,0.0,synthetic
2026-07-12T00:00:00,zone_06,library_exterior,40.7127,-74.0057,24.2,88.8,1.9,0.62,20.0,35.0,concrete,0,0.0,synthetic
2026-07-12T00:00:00,zone_07,cafeteria_patio,40.7125,-74.0063,24.1,86.4,2.3,0.64,40.0,50.0,concrete,3,0.0,synthetic
2026-07-12T00:00:00,zone_08,walkway,40.7132,-74.0056,23.8,91.0,2.6,0.11,10.0,15.0,asphalt,3,0.0,synthetic
2026-07-12T00:00:00,zone_09,garden,40.7124,-74.0064,22.7,91.9,2.4,0.39,60.0,70.0,grass,0,0.0,synthetic
2026-07-12T00:00:00,zone_10,gym_exterior,40.7133,-74.0065,24.8,88.8,1.6,0.53,10.0,20.0,concrete,0,0.0,synthetic
2026-07-12T00:00:00,zone_11,admin_building,40.7123,-74.0055,24.1,91.3,0.7,0.61,25.0,30.0,concrete,0,0.0,synthetic
2026-07-12T00:00:00,zone_12,entrance_plaza,40.7134,-74.0066,27.1,89.1,2.9,0.29,5.0,10.0,asphalt,1,0.0,synthetic
2026-07-12T01:00:00,zone_01,playground,40.7128,-74.006,25.4,84.3,0.0,0.5,5.0,10.0,asphalt,0,0.0,synthetic
2026-07-12T01:00:00,zone_02,parking_lot,40.713,-74.0062,27.2,84.6,2.6,0.4,0.0,0.0,asphalt,0,0.0,synthetic
2026-07-12T01:00:00,zone_03,courtyard,40.7126,-74.0058,24.9,85.8,2.6,0.75,15.0,25.0,concrete,0,0.0,synthetic
2026-07-12T01:00:00,zone_04,building_roof,40.7129,-74.0059,28.2,87.0,2.0,0.42,0.0,0.0,concrete,0,0.0,synthetic
2026-07-12T01:00:00,zone_05,sports_field,40.7131,-74.0061,24.2,86.1,3.5,0.76,0.0,5.0,grass,0,0.0,synthetic
2026-07-12T01:00:00,zone_06,library_exterior,40.7127,-74.0057,24.3,84.8,0.3,0.64,20.0,35.0,concrete,0,0.0,synthetic
2026-07-12T01:00:00,zone_07,cafeteria_patio,40.7125,-74.0063,23.8,86.5,2.6,0.46,40.0,50.0,concrete,0,0.0,synthetic
2026-07-12T01:00:00,zone_08,walkway,40.7132,-74.0056,24.6,87.5,1.3,0.4,10.0,15.0,asphalt,0,0.0,synthetic
2026-07-12T01:00:00,zone_09,garden,40.7124,-74.0064,23.2,89.0,1.4,0.37,60.0,70.0,grass,0,0.0,synthetic
2026-07-12T01:00:00,zone_10,gym_exterior,40.7133,-74.0065,24.4,92.8,3.2,0.27,10.0,20.0,concrete,0,0.0,synthetic
2026-07-12T01:00:00,zone_11,admin_building,40.7123,-74.0055,24.1,86.0,3.2,0.6,25.0,30.0,concrete,0,0.0,synthetic
2026-07-12T01:00:00,zone_12,entrance_plaza,40.7134,-74.0066,26.7,87.6,2.6,0.38,5.0,10.0,asphalt,0,0.0,synthetic
2026-07-12T02:00:00,zone_01,playground,40.7128,-74.006,25.7,77.7,1.6,0.32,5.0,10.0,asphalt,0,0.0,synthetic
2026-07-12T02:00:00,zone_02,parking_lot,40.713,-74.0062,27.8,85.3,2.3,0.8,0.0,0.0,asphalt,0,0.0,synthetic
2026-07-12T02:00:00,zone_03,courtyard,40.7126,-74.0058,25.1,79.9,0.4,0.75,15.0,25.0,concrete,0,0.0,synthetic
2026-07-12T02:00:00,zone_04,building_roof,40.7129,-74.0059,28.0,77.7,2.4,0.74,0.0,0.0,concrete,0,0.0,synthetic
2026-07-12T02:00:00,zone_05,sports_field,40.7131,-74.0061,25.9,79.9,1.8,0.54,0.0,5.0,grass,0,0.0,synthetic
2026-07-12T02:00:00,zone_06,library_exterior,40.7127,-74.0057,24.5,78.9,2.4,0.29,20.0,35.0,concrete,3,0.0,synthetic
2026-07-12T02:00:00,zone_07,cafeteria_patio,40.7125,-74.0063,25.3,86.1,2.7,0.73,40.0,50.0,concrete,0,0.0,synthetic
2026-07-12T02:00:00,zone_08,walkway,40.7132,-74.0056,25.6,87.8,3.3,0.62,10.0,15.0,asphalt,0,0.0,synthetic
2026-07-12T02:00:00,zone_09,garden,40.7124,-74.0064,23.2,85.1,2.1,0.65,60.0,70.0,grass,1,0.0,synthetic
2026-07-12T02:00:00,zone_10,gym_exterior,40.7133,-74.0065,25.4,79.2,0.0,0.63,10.0,20.0,concrete,3,0.0,synthetic
2026-07-12T02:00:00,zone_11,admin_building,40.7123,-74.0055,24.6,80.5,2.1,0.17,25.0,30.0,concrete,1,0.0,synthetic
2026-07-12T02:00:00,zone_12,entrance_plaza,40.7134,-74.0066,27.2,79.0,3.0,0.63,5.0,10.0,asphalt,0,0.0,synthetic
2026-07-12T03:00:00,zone_01,playground,40.7128,-74.006,27.5,77.6,1.9,0.75,5.0,10.0,asphalt,2,0.0,synthetic
2026-07-12T03:00:00,zone_02,parking_lot,40.713,-74.0062,30.0,77.4,2.1,0.34,0.0,0.0,asphalt,0,0.0,synthetic
2026-07-12T03:00:00,zone_03,courtyard,40.7126,-74.0058,26.1,76.5,1.7,0.33,15.0,25.0,concrete,0,0.0,synthetic
2026-07-12T03:00:00,zone_04,building_roof,40.7129,-74.0059,29.4,80.0,1.6,0.51,0.0,0.0,concrete,0,0.0,synthetic
2026-07-12T03:00:00,zone_05,sports_field,40.7131,-74.0061,26.2,77.5,1.8,0.64,0.0,5.0,grass,2,0.0,synthetic
2026-07-12T03:00:00,zone_06,library_exterior,40.7127,-74.0057,26.4,73.5,1.8,0.26,20.0,35.0,concrete,0,0.0,synthetic
2026-07-12T03:00:00,zone_07,cafeteria_patio,40.7125,-74.0063,25.8,82.9,2.1,0.16,40.0,50.0,concrete,3,0.0,synthetic
2026-07-12T03:00:00,zone_08,walkway,40.7132,-74.0056,27.4,79.1,2.2,0.63,10.0,15.0,asphalt,1,0.0,synthetic
2026-07-12T03:00:00,zone_09,garden,40.7124,-74.0064,24.7,78.9,1.7,0.8,60.0,70.0,grass,0,0.0,synthetic
2026-07-12T03:00:00,zone_10,gym_exterior,40.7133,-74.0065,27.5,76.0,1.0,0.14,10.0,20.0,concrete,1,0.0,synthetic
2026-07-12T03:00:00,zone_11,admin_building,40.7123,-74.0055,27.0,78.8,1.8,0.58,25.0,30.0,concrete,1,0.0,synthetic
2026-07-12T03:00:00,zone_12,entrance_plaza,40.7134,-74.0066,27.7,77.9,3.4,0.22,5.0,10.0,asphalt,0,0.0,synthetic
2026-07-12T04:00:00,zone_01,playground,40.7128,-74.006,27.9,73.8,2.6,0.64,5.0,10.0,asphalt,1,0.0,synthetic
2026-07-12T04:00:00,zone_02,parking_lot,40.713,-74.0062,29.3,72.1,1.5,0.3,0.0,0.0,asphalt,0,0.0,synthetic
2026-07-12T04:00:00,zone_03,courtyard,40.7126,-74.0058,28.0,68.5,3.1,0.39,15.0,25.0,concrete,2,0.0,synthetic
2026-07-12T04:00:00,zone_04,building_roof,40.7129,-74.0059,29.4,72.1,0.7,0.19,0.0,0.0,concrete,0,0.0,synthetic
2026-07-12T04:00:00,zone_05,sports_field,40.7131,-74.0061,26.5,70.0,2.4,0.47,0.0,5.0,grass,0,0.0,synthetic
2026-07-12T04:00:00,zone_06,library_exterior,40.7127,-74.0057,28.5,71.0,2.3,0.2,20.0,35.0,concrete,2,0.0,synthetic
2026-07-12T04:00:00,zone_07,cafeteria_patio,40.7125,-74.0063,26.9,65.8,0.9,0.47,40.0,50.0,concrete,1,0.0,synthetic
2026-07-12T04:00:00,zone_08,walkway,40.7132,-74.0056,27.9,77.1,2.5,0.15,10.0,15.0,asphalt,0,0.0,synthetic
2026-07-12T04:00:00,zone_09,garden,40.7124,-74.0064,27.0,75.4,0.9,0.22,60.0,70.0,grass,0,0.0,synthetic
2026-07-12T04:00:00,zone_10,gym_exterior,40.7133,-74.0065,28.5,75.2,0.7,0.4,10.0,20.0,concrete,0,0.0,synthetic
2026-07-12T04:00:00,zone_11,admin_building,40.7123,-74.0055,27.5,77.1,1.5,0.53,25.0,30.0,concrete,1,0.0,synthetic
2026-07-12T04:00:00,zone_12,entrance_plaza,40.7134,-74.0066,27.6,72.1,3.2,0.37,5.0,10.0,asphalt,0,0.0,synthetic
2026-07-12T05:00:00,zone_01,playground,40.7128,-74.006,29.9,63.4,1.1,0.55,5.0,10.0,asphalt,1,0.0,synthetic
2026-07-12T05:00:00,zone_02,parking_lot,40.713,-74.0062,30.9,67.5,3.6,0.43,0.0,0.0,asphalt,1,0.0,synthetic
2026-07-12T05:00:00,zone_03,courtyard,40.7126,-74.0058,29.6,60.4,1.9,0.37,15.0,25.0,concrete,0,0.0,synthetic
2026-07-12T05:00:00,zone_04,building_roof,40.7129,-74.0059,31.6,64.8,0.1,0.18,0.0,0.0,concrete,1,0.0,synthetic
2026-07-12T05:00:00,zone_05,sports_field,40.7131,-74.0061,28.4,65.0,1.1,0.12,0.0,5.0,grass,0,0.0,synthetic
2026-07-12T05:00:00,zone_06,library_exterior,40.7127,-74.0057,28.9,60.7,1.9,0.41,20.0,35.0,concrete,0,0.0,synthetic
2026-07-12T05:00:00,zone_07,cafeteria_patio,40.7125,-74.0063,28.8,61.8,2.7,0.45,40.0,50.0,concrete,2,0.0,synthetic
2026-07-12T05:00:00,zone_08,walkway,40.7132,-74.0056,29.4,55.1,0.0,0.45,10.0,15.0,asphalt,0,0.0,synthetic
2026-07-12T05:00:00,zone_09,garden,40.7124,-74.0064,28.5,65.9,1.2,0.39,60.0,70.0,grass,2,0.0,synthetic
2026-07-12T05:00:00,zone_10,gym_exterior,40.7133,-74.0065,29.5,58.3,3.0,0.59,10.0,20.0,concrete,0,0.0,synthetic
2026-07-12T05:00:00,zone_11,admin_building,40.7123,-74.0055,28.8,66.7,2.1,0.77,25.0,30.0,concrete,0,0.0,synthetic
2026-07-12T05:00:00,zone_12,entrance_plaza,40.7134,-74.0066,30.6,65.1,0.6,0.47,5.0,10.0,asphalt,0,0.0,synthetic
2026-07-12T06:00:00,zone_01,playground,40.7128,-74.006,30.6,61.8,1.7,0.33,5.0,10.0,asphalt,9,0.0,synthetic
2026-07-12T06:00:00,zone_02,parking_lot,40.713,-74.0062,32.1,53.7,2.2,0.36,0.0,0.0,asphalt,1,0.0,synthetic
2026-07-12T06:00:00,zone_03,courtyard,40.7126,-74.0058,30.4,64.1,2.4,0.33,15.0,25.0,concrete,0,0.0,synthetic
2026-07-12T06:00:00,zone_04,building_roof,40.7129,-74.0059,32.9,59.2,0.6,0.11,0.0,0.0,concrete,1,0.0,synthetic
2026-07-12T06:00:00,zone_05,sports_field,40.7131,-74.0061,30.9,62.8,1.3,0.73,0.0,5.0,grass,12,0.0,synthetic
2026-07-12T06:00:00,zone_06,library_exterior,40.7127,-74.0057,29.6,59.3,1.1,0.14,20.0,35.0,concrete,10,0.0,synthetic
2026-07-12T06:00:00,zone_07,cafeteria_patio,40.7125,-74.0063,30.2,59.8,1.2,0.7,40.0,50.0,concrete,7,0.0,synthetic
2026-07-12T06:00:00,zone_08,walkway,40.7132,-74.0056,31.0,58.1,2.0,0.52,10.0,15.0,asphalt,1,0.0,synthetic
2026-07-12T06:00:00,zone_09,garden,40.7124,-74.0064,29.2,56.3,1.9,0.53,60.0,70.0,grass,1,0.0,synthetic
2026-07-12T06:00:00,zone_10,gym_exterior,40.7133,-74.0065,29.8,58.4,2.4,0.32,10.0,20.0,concrete,1,0.0,synthetic
2026-07-12T06:00:00,zone_11,admin_building,40.7123,-74.0055,30.5,56.9,0.0,0.76,25.0,30.0,concrete,2,0.0,synthetic
2026-07-12T06:00:00,zone_12,entrance_plaza,40.7134,-74.0066,30.2,61.5,0.8,0.33,5.0,10.0,asphalt,4,0.0,synthetic
2026-07-12T07:00:00,zone_01,playground,40.7128,-74.006,32.6,53.9,1.5,0.48,5.0,10.0,asphalt,25,1.0,synthetic
2026-07-12T07:00:00,zone_02,parking_lot,40.713,-74.0062,34.0,48.8,0.9,0.72,0.0,0.0,asphalt,3,1.0,synthetic
2026-07-12T07:00:00,zone_03,courtyard,40.7126,-74.0058,31.5,53.1,2.5,0.59,15.0,25.0,concrete,13,1.0,synthetic
2026-07-12T07:00:00,zone_04,building_roof,40.7129,-74.0059,34.1,47.8,0.2,0.66,0.0,0.0,concrete,1,1.0,synthetic
2026-07-12T07:00:00,zone_05,sports_field,40.7131,-74.0061,31.1,52.8,2.7,0.35,0.0,5.0,grass,37,1.0,synthetic
2026-07-12T07:00:00,zone_06,library_exterior,40.7127,-74.0057,32.3,54.3,3.5,0.16,20.0,35.0,concrete,10,1.0,synthetic
2026-07-12T07:00:00,zone_07,cafeteria_patio,40.7125,-74.0063,30.4,46.7,1.3,0.2,40.0,50.0,concrete,17,1.0,synthetic
2026-07-12T07:00:00,zone_08,walkway,40.7132,-74.0056,31.9,45.6,2.8,0.22,10.0,15.0,asphalt,8,1.0,synthetic
2026-07-12T07:00:00,zone_09,garden,40.7124,-74.0064,30.3,59.6,3.1,0.21,60.0,70.0,grass,4,1.0,synthetic
2026-07-12T07:00:00,zone_10,gym_exterior,40.7133,-74.0065,31.3,55.3,2.7,0.32,10.0,20.0,concrete,12,1.0,synthetic
2026-07-12T07:00:00,zone_11,admin_building,40.7123,-74.0055,31.0,51.9,1.9,0.32,25.0,30.0,concrete,5,1.0,synthetic
2026-07-12T07:00:00,zone_12,entrance_plaza,40.7134,-74.0066,33.4,53.7,2.2,0.17,5.0,10.0,asphalt,12,1.0,synthetic
2026-07-12T08:00:00,zone_01,playground,40.7128,-74.006,33.1,51.5,0.9,0.71,5.0,10.0,asphalt,63,1.0,synthetic
2026-07-12T08:00:00,zone_02,parking_lot,40.713,-74.0062,34.9,49.4,3.0,0.61,0.0,0.0,asphalt,5,1.0,synthetic
2026-07-12T08:00:00,zone_03,courtyard,40.7126,-74.0058,32.6,45.4,2.9,0.27,15.0,25.0,concrete,35,1.0,synthetic
2026-07-12T08:00:00,zone_04,building_roof,40.7129,-74.0059,35.9,49.3,2.8,0.67,0.0,0.0,concrete,3,1.0,synthetic
2026-07-12T08:00:00,zone_05,sports_field,40.7131,-74.0061,31.5,46.0,2.2,0.78,0.0,5.0,grass,95,1.0,synthetic
2026-07-12T08:00:00,zone_06,library_exterior,40.7127,-74.0057,32.2,51.1,0.2,0.21,20.0,35.0,concrete,24,1.0,synthetic
2026-07-12T08:00:00,zone_07,cafeteria_patio,40.7125,-74.0063,30.4,43.1,2.6,0.52,40.0,50.0,concrete,48,1.0,synthetic
2026-07-12T08:00:00,zone_08,walkway,40.7132,-74.0056,32.5,48.2,1.8,0.45,10.0,15.0,asphalt,21,1.0,synthetic
2026-07-12T08:00:00,zone_09,garden,40.7124,-74.0064,30.3,47.6,2.6,0.21,60.0,70.0,grass,12,1.0,synthetic
2026-07-12T08:00:00,zone_10,gym_exterior,40.7133,-74.0065,32.8,46.2,2.8,0.59,10.0,20.0,concrete,30,1.0,synthetic
2026-07-12T08:00:00,zone_11,admin_building,40.7123,-74.0055,32.6,45.6,3.1,0.63,25.0,30.0,concrete,16,1.0,synthetic
2026-07-12T08:00:00,zone_12,entrance_plaza,40.7134,-74.0066,33.9,46.7,3.0,0.43,5.0,10.0,asphalt,28,1.0,synthetic
2026-07-12T09:00:00,zone_01,playground,40.7128,-74.006,34.1,46.0,2.7,0.4,5.0,10.0,asphalt,80,1.0,synthetic
2026-07-12T09:00:00,zone_02,parking_lot,40.713,-74.0062,35.5,45.5,2.1,0.63,0.0,0.0,asphalt,11,1.0,synthetic
2026-07-12T09:00:00,zone_03,courtyard,40.7126,-74.0058,33.3,40.7,1.9,0.41,15.0,25.0,concrete,45,1.0,synthetic
2026-07-12T09:00:00,zone_04,building_roof,40.7129,-74.0059,36.6,41.0,1.5,0.56,0.0,0.0,concrete,3,1.0,synthetic
2026-07-12T09:00:00,zone_05,sports_field,40.7131,-74.0061,33.7,43.0,1.0,0.39,0.0,5.0,grass,121,1.0,synthetic
2026-07-12T09:00:00,zone_06,library_exterior,40.7127,-74.0057,32.6,39.5,2.3,0.78,20.0,35.0,concrete,30,1.0,synthetic
2026-07-12T09:00:00,zone_07,cafeteria_patio,40.7125,-74.0063,31.9,45.0,0.8,0.33,40.0,50.0,concrete,58,1.0,synthetic
2026-07-12T09:00:00,zone_08,walkway,40.7132,-74.0056,34.0,49.4,1.0,0.12,10.0,15.0,asphalt,25,1.0,synthetic
2026-07-12T09:00:00,zone_09,garden,40.7124,-74.0064,31.7,42.7,1.7,0.61,60.0,70.0,grass,15,1.0,synthetic
2026-07-12T09:00:00,zone_10,gym_exterior,40.7133,-74.0065,33.2,42.8,2.3,0.27,10.0,20.0,concrete,42,1.0,synthetic
2026-07-12T09:00:00,zone_11,admin_building,40.7123,-74.0055,33.3,41.1,1.0,0.14,25.0,30.0,concrete,22,1.0,synthetic
2026-07-12T09:00:00,zone_12,entrance_plaza,40.7134,-74.0066,34.6,45.8,2.1,0.74,5.0,10.0,asphalt,33,1.0,synthetic
2026-07-12T10:00:00,zone_01,playground,40.7128,-74.006,33.9,46.1,1.5,0.74,5.0,10.0,asphalt,80,1.0,synthetic
2026-07-12T10:00:00,zone_02,parking_lot,40.713,-74.0062,36.0,46.5,3.6,0.64,0.0,0.0,asphalt,10,1.0,synthetic
2026-07-12T10:00:00,zone_03,courtyard,40.7126,-74.0058,33.8,43.2,2.9,0.39,15.0,25.0,concrete,43,1.0,synthetic
2026-07-12T10:00:00,zone_04,building_roof,40.7129,-74.0059,36.1,46.3,1.9,0.58,0.0,0.0,concrete,3,1.0,synthetic
2026-07-12T10:00:00,zone_05,sports_field,40.7131,-74.0061,33.3,45.1,1.7,0.65,0.0,5.0,grass,118,1.0,synthetic
2026-07-12T10:00:00,zone_06,library_exterior,40.7127,-74.0057,34.5,38.6,0.4,0.66,20.0,35.0,concrete,30,1.0,synthetic
2026-07-12T10:00:00,zone_07,cafeteria_patio,40.7125,-74.0063,33.2,38.3,1.3,0.59,40.0,50.0,concrete,68,1.0,synthetic
2026-07-12T10:00:00,zone_08,walkway,40.7132,-74.0056,34.8,43.6,3.8,0.5,10.0,15.0,asphalt,23,1.0,synthetic
2026-07-12T10:00:00,zone_09,garden,40.7124,-74.0064,33.2,36.4,0.9,0.54,60.0,70.0,grass,13,1.0,synthetic
2026-07-12T10:00:00,zone_10,gym_exterior,40.7133,-74.0065,34.3,43.9,2.7,0.68,10.0,20.0,concrete,40,1.0,synthetic
2026-07-12T10:00:00,zone_11,admin_building,40.7123,-74.0055,34.4,40.8,4.0,0.33,25.0,30.0,concrete,22,1.0,synthetic
2026-07-12T10:00:00,zone_12,entrance_plaza,40.7134,-74.0066,34.9,40.6,3.4,0.77,5.0,10.0,asphalt,33,1.0,synthetic
2026-07-12T11:00:00,zone_01,playground,40.7128,-74.006,35.0,41.6,0.8,0.59,5.0,10.0,asphalt,72,1.0,synthetic
2026-07-12T11:00:00,zone_02,parking_lot,40.713,-74.0062,36.4,38.9,0.8,0.13,0.0,0.0,asphalt,11,1.0,synthetic
2026-07-12T11:00:00,zone_03,courtyard,40.7126,-74.0058,33.7,42.7,1.3,0.64,15.0,25.0,concrete,39,1.0,synthetic
2026-07-12T11:00:00,zone_04,building_roof,40.7129,-74.0059,37.5,38.2,2.0,0.58,0.0,0.0,concrete,2,1.0,synthetic
2026-07-12T11:00:00,zone_05,sports_field,40.7131,-74.0061,34.1,45.0,3.0,0.15,0.0,5.0,grass,108,1.0,synthetic
2026-07-12T11:00:00,zone_06,library_exterior,40.7127,-74.0057,33.1,42.3,1.8,0.53,20.0,35.0,concrete,25,1.0,synthetic
2026-07-12T11:00:00,zone_07,cafeteria_patio,40.7125,-74.0063,32.9,36.9,2.6,0.57,40.0,50.0,concrete,54,1.0,synthetic
2026-07-12T11:00:00,zone_08,walkway,40.7132,-74.0056,34.2,43.7,1.7,0.66,10.0,15.0,asphalt,19,1.0,synthetic
2026-07-12T11:00:00,zone_09,garden,40.7124,-74.0064,33.1,39.6,1.0,0.71,60.0,70.0,grass,13,1.0,synthetic
2026-07-12T11:00:00,zone_10,gym_exterior,40.7133,-74.0065,34.5,40.8,2.0,0.26,10.0,20.0,concrete,36,1.0,synthetic
2026-07-12T11:00:00,zone_11,admin_building,40.7123,-74.0055,33.3,38.1,2.1,0.55,25.0,30.0,concrete,17,1.0,synthetic
2026-07-12T11:00:00,zone_12,entrance_plaza,40.7134,-74.0066,34.9,44.4,2.2,0.17,5.0,10.0,asphalt,33,1.0,synthetic
2026-07-12T12:00:00,zone_01,playground,40.7128,-74.006,34.8,39.0,0.8,0.71,5.0,10.0,asphalt,56,1.0,synthetic
2026-07-12T12:00:00,zone_02,parking_lot,40.713,-74.0062,36.8,38.7,3.0,0.23,0.0,0.0,asphalt,10,1.0,synthetic
2026-07-12T12:00:00,zone_03,courtyard,40.7126,-74.0058,33.5,37.2,1.6,0.63,15.0,25.0,concrete,33,1.0,synthetic
2026-07-12T12:00:00,zone_04,building_roof,40.7129,-74.0059,37.5,39.9,2.3,0.67,0.0,0.0,concrete,4,1.0,synthetic
2026-07-12T12:00:00,zone_05,sports_field,40.7131,-74.0061,32.9,46.4,2.3,0.62,0.0,5.0,grass,84,1.0,synthetic
2026-07-12T12:00:00,zone_06,library_exterior,40.7127,-74.0057,34.1,39.3,1.2,0.11,20.0,35.0,concrete,22,1.0,synthetic
2026-07-12T12:00:00,zone_07,cafeteria_patio,40.7125,-74.0063,32.9,43.4,2.9,0.76,40.0,50.0,concrete,41,1.0,synthetic
2026-07-12T12:00:00,zone_08,walkway,40.7132,-74.0056,34.6,44.9,2.2,0.26,10.0,15.0,asphalt,14,1.0,synthetic
2026-07-12T12:00:00,zone_09,garden,40.7124,-74.0064,32.1,44.5,1.6,0.68,60.0,70.0,grass,12,1.0,synthetic
2026-07-12T12:00:00,zone_10,gym_exterior,40.7133,-74.0065,33.7,35.1,1.3,0.76,10.0,20.0,concrete,28,1.0,synthetic
2026-07-12T12:00:00,zone_11,admin_building,40.7123,-74.0055,33.6,49.1,2.1,0.47,25.0,30.0,concrete,14,1.0,synthetic
2026-07-12T12:00:00,zone_12,entrance_plaza,40.7134,-74.0066,35.4,38.1,1.5,0.33,5.0,10.0,asphalt,20,1.0,synthetic
2026-07-12T13:00:00,zone_01,playground,40.7128,-74.006,34.9,42.3,1.3,0.29,5.0,10.0,asphalt,73,1.0,synthetic
2026-07-12T13:00:00,zone_02,parking_lot,40.713,-74.0062,36.3,42.0,2.3,0.26,0.0,0.0,asphalt,10,1.0,synthetic
2026-07-12T13:00:00,zone_03,courtyard,40.7126,-74.0058,33.6,42.3,1.7,0.39,15.0,25.0,concrete,40,1.0,synthetic
2026-07-12T13:00:00,zone_04,building_roof,40.7129,-74.0059,36.6,45.2,2.1,0.74,0.0,0.0,concrete,6,1.0,synthetic
2026-07-12T13:00:00,zone_05,sports_field,40.7131,-74.0061,32.4,42.0,2.3,0.7,0.0,5.0,grass,111,1.0,synthetic
2026-07-12T13:00:00,zone_06,library_exterior,40.7127,-74.0057,33.6,39.4,2.1,0.6,20.0,35.0,concrete,27,1.0,synthetic
2026-07-12T13:00:00,zone_07,cafeteria_patio,40.7125,-74.0063,32.0,41.6,3.3,0.33,40.0,50.0,concrete,54,1.0,synthetic
2026-07-12T13:00:00,zone_08,walkway,40.7132,-74.0056,33.4,40.5,1.9,0.1,10.0,15.0,asphalt,22,1.0,synthetic
2026-07-12T13:00:00,zone_09,garden,40.7124,-74.0064,32.2,46.3,2.0,0.37,60.0,70.0,grass,17,1.0,synthetic
2026-07-12T13:00:00,zone_10,gym_exterior,40.7133,-74.0065,33.4,44.5,1.3,0.63,10.0,20.0,concrete,36,1.0,synthetic
2026-07-12T13:00:00,zone_11,admin_building,40.7123,-74.0055,33.8,47.7,2.6,0.64,25.0,30.0,concrete,16,1.0,synthetic
2026-07-12T13:00:00,zone_12,entrance_plaza,40.7134,-74.0066,35.4,41.7,3.2,0.12,5.0,10.0,asphalt,30,1.0,synthetic
2026-07-12T14:00:00,zone_01,playground,40.7128,-74.006,33.8,47.5,1.3,0.71,5.0,10.0,asphalt,80,1.0,synthetic
2026-07-12T14:00:00,zone_02,parking_lot,40.713,-74.0062,34.0,50.9,0.2,0.35,0.0,0.0,asphalt,10,1.0,synthetic
2026-07-12T14:00:00,zone_03,courtyard,40.7126,-74.0058,32.9,42.8,3.3,0.4,15.0,25.0,concrete,45,1.0,synthetic
2026-07-12T14:00:00,zone_04,building_roof,40.7129,-74.0059,35.0,43.8,1.9,0.36,0.0,0.0,concrete,5,1.0,synthetic
2026-07-12T14:00:00,zone_05,sports_field,40.7131,-74.0061,31.9,44.5,1.7,0.4,0.0,5.0,grass,122,1.0,synthetic
2026-07-12T14:00:00,zone_06,library_exterior,40.7127,-74.0057,33.4,51.7,1.6,0.68,20.0,35.0,concrete,31,1.0,synthetic
2026-07-12T14:00:00,zone_07,cafeteria_patio,40.7125,-74.0063,31.0,49.1,1.1,0.54,40.0,50.0,concrete,58,1.0,synthetic
2026-07-12T14:00:00,zone_08,walkway,40.7132,-74.0056,33.1,47.2,2.8,0.13,10.0,15.0,asphalt,25,1.0,synthetic
2026-07-12T14:00:00,zone_09,garden,40.7124,-74.0064,31.4,46.1,1.9,0.18,60.0,70.0,grass,14,1.0,synthetic
2026-07-12T14:00:00,zone_10,gym_exterior,40.7133,-74.0065,33.3,46.5,3.4,0.34,10.0,20.0,concrete,41,1.0,synthetic
2026-07-12T14:00:00,zone_11,admin_building,40.7123,-74.0055,32.2,48.0,0.3,0.74,25.0,30.0,concrete,17,1.0,synthetic
2026-07-12T14:00:00,zone_12,entrance_plaza,40.7134,-74.0066,34.9,49.2,0.6,0.61,5.0,10.0,asphalt,35,1.0,synthetic
2026-07-12T15:00:00,zone_01,playground,40.7128,-74.006,32.5,59.9,0.8,0.66,5.0,10.0,asphalt,65,1.0,synthetic
2026-07-12T15:00:00,zone_02,parking_lot,40.713,-74.0062,33.6,47.4,2.4,0.48,0.0,0.0,asphalt,10,1.0,synthetic
2026-07-12T15:00:00,zone_03,courtyard,40.7126,-74.0058,31.5,54.9,1.4,0.15,15.0,25.0,concrete,36,1.0,synthetic
2026-07-12T15:00:00,zone_04,building_roof,40.7129,-74.0059,34.1,45.2,2.3,0.53,0.0,0.0,concrete,6,1.0,synthetic
2026-07-12T15:00:00,zone_05,sports_field,40.7131,-74.0061,31.4,51.0,1.4,0.3,0.0,5.0,grass,95,1.0,synthetic
2026-07-12T15:00:00,zone_06,library_exterior,40.7127,-74.0057,30.7,54.5,1.4,0.2,20.0,35.0,concrete,24,1.0,synthetic
2026-07-12T15:00:00,zone_07,cafeteria_patio,40.7125,-74.0063,31.2,52.6,3.3,0.54,40.0,50.0,concrete,50,1.0,synthetic
2026-07-12T15:00:00,zone_08,walkway,40.7132,-74.0056,31.5,53.6,0.0,0.41,10.0,15.0,asphalt,21,1.0,synthetic
2026-07-12T15:00:00,zone_09,garden,40.7124,-74.0064,29.5,52.7,1.4,0.79,60.0,70.0,grass,12,1.0,synthetic
2026-07-12T15:00:00,zone_10,gym_exterior,40.7133,-74.0065,31.5,50.9,2.0,0.19,10.0,20.0,concrete,33,1.0,synthetic
2026-07-12T15:00:00,zone_11,admin_building,40.7123,-74.0055,30.7,51.7,3.3,0.51,25.0,30.0,concrete,16,1.0,synthetic
2026-07-12T15:00:00,zone_12,entrance_plaza,40.7134,-74.0066,32.4,53.9,3.0,0.16,5.0,10.0,asphalt,28,1.0,synthetic
2026-07-12T16:00:00,zone_01,playground,40.7128,-74.006,31.3,62.0,1.5,0.34,5.0,10.0,asphalt,41,1.0,synthetic
2026-07-12T16:00:00,zone_02,parking_lot,40.713,-74.0062,33.2,60.6,3.6,0.77,0.0,0.0,asphalt,6,1.0,synthetic
2026-07-12T16:00:00,zone_03,courtyard,40.7126,-74.0058,30.1,58.3,0.4,0.4,15.0,25.0,concrete,23,1.0,synthetic
2026-07-12T16:00:00,zone_04,building_roof,40.7129,-74.0059,32.9,58.5,0.0,0.6,0.0,0.0,concrete,1,1.0,synthetic
2026-07-12T16:00:00,zone_05,sports_field,40.7131,-74.0061,29.2,60.1,1.3,0.23,0.0,5.0,grass,59,1.0,synthetic
2026-07-12T16:00:00,zone_06,library_exterior,40.7127,-74.0057,30.7,63.4,0.3,0.74,20.0,35.0,concrete,14,1.0,synthetic
2026-07-12T16:00:00,zone_07,cafeteria_patio,40.7125,-74.0063,29.6,60.0,3.0,0.19,40.0,50.0,concrete,29,1.0,synthetic
2026-07-12T16:00:00,zone_08,walkway,40.7132,-74.0056,31.1,60.2,0.4,0.51,10.0,15.0,asphalt,12,1.0,synthetic
2026-07-12T16:00:00,zone_09,garden,40.7124,-74.0064,28.1,57.4,3.8,0.15,60.0,70.0,grass,6,1.0,synthetic
2026-07-12T16:00:00,zone_10,gym_exterior,40.7133,-74.0065,30.9,62.4,2.1,0.64,10.0,20.0,concrete,20,1.0,synthetic
2026-07-12T16:00:00,zone_11,admin_building,40.7123,-74.0055,29.5,66.8,2.1,0.39,25.0,30.0,concrete,9,1.0,synthetic
2026-07-12T16:00:00,zone_12,entrance_plaza,40.7134,-74.0066,31.5,62.7,1.3,0.19,5.0,10.0,asphalt,17,1.0,synthetic
2026-07-12T17:00:00,zone_01,playground,40.7128,-74.006,30.7,65.6,3.3,0.58,5.0,10.0,asphalt,27,1.0,synthetic
2026-07-12T17:00:00,zone_02,parking_lot,40.713,-74.0062,30.9,60.8,3.1,0.21,0.0,0.0,asphalt,2,1.0,synthetic
2026-07-12T17:00:00,zone_03,courtyard,40.7126,-74.0058,29.0,64.5,2.1,0.65,15.0,25.0,concrete,14,1.0,synthetic
2026-07-12T17:00:00,zone_04,building_roof,40.7129,-74.0059,32.0,71.2,2.8,0.26,0.0,0.0,concrete,2,1.0,synthetic
2026-07-12T17:00:00,zone_05,sports_field,40.7131,-74.0061,27.9,63.0,3.0,0.34,0.0,5.0,grass,36,1.0,synthetic
2026-07-12T17:00:00,zone_06,library_exterior,40.7127,-74.0057,29.3,64.0,4.9,0.7,20.0,35.0,concrete,11,1.0,synthetic
2026-07-12T17:00:00,zone_07,cafeteria_patio,40.7125,-74.0063,29.3,64.7,1.9,0.78,40.0,50.0,concrete,13,1.0,synthetic
2026-07-12T17:00:00,zone_08,walkway,40.7132,-74.0056,29.5,64.9,1.1,0.59,10.0,15.0,asphalt,10,1.0,synthetic
2026-07-12T17:00:00,zone_09,garden,40.7124,-74.0064,27.7,68.1,2.0,0.73,60.0,70.0,grass,0,1.0,synthetic
2026-07-12T17:00:00,zone_10,gym_exterior,40.7133,-74.0065,28.6,70.0,1.6,0.78,10.0,20.0,concrete,11,1.0,synthetic
2026-07-12T17:00:00,zone_11,admin_building,40.7123,-74.0055,28.0,57.3,3.0,0.52,25.0,30.0,concrete,6,1.0,synthetic
2026-07-12T17:00:00,zone_12,entrance_plaza,40.7134,-74.0066,30.1,69.7,2.9,0.52,5.0,10.0,asphalt,10,1.0,synthetic
2026-07-12T18:00:00,zone_01,playground,40.7128,-74.006,28.6,68.5,1.9,0.71,5.0,10.0,asphalt,8,0.0,synthetic
2026-07-12T18:00:00,zone_02,parking_lot,40.713,-74.0062,30.1,69.5,1.5,0.18,0.0,0.0,asphalt,1,0.0,synthetic
2026-07-12T18:00:00,zone_03,courtyard,40.7126,-74.0058,27.9,70.3,1.8,0.11,15.0,25.0,concrete,4,0.0,synthetic
2026-07-12T18:00:00,zone_04,building_roof,40.7129,-74.0059,31.2,76.0,0.7,0.25,0.0,0.0,concrete,2,0.0,synthetic
2026-07-12T18:00:00,zone_05,sports_field,40.7131,-74.0061,27.6,73.3,2.0,0.27,0.0,5.0,grass,10,0.0,synthetic
2026-07-12T18:00:00,zone_06,library_exterior,40.7127,-74.0057,27.8,69.2,0.5,0.32,20.0,35.0,concrete,3,0.0,synthetic
2026-07-12T18:00:00,zone_07,cafeteria_patio,40.7125,-74.0063,27.0,74.6,0.6,0.15,40.0,50.0,concrete,8,0.0,synthetic
2026-07-12T18:00:00,zone_08,walkway,40.7132,-74.0056,29.0,66.5,2.8,0.21,10.0,15.0,asphalt,2,0.0,synthetic
2026-07-12T18:00:00,zone_09,garden,40.7124,-74.0064,25.8,70.5,1.5,0.29,60.0,70.0,grass,1,0.0,synthetic
2026-07-12T18:00:00,zone_10,gym_exterior,40.7133,-74.0065,27.6,64.1,0.3,0.47,10.0,20.0,concrete,4,0.0,synthetic
2026-07-12T18:00:00,zone_11,admin_building,40.7123,-74.0055,26.3,71.8,2.2,0.33,25.0,30.0,concrete,4,0.0,synthetic
2026-07-12T18:00:00,zone_12,entrance_plaza,40.7134,-74.0066,28.5,69.0,2.9,0.33,5.0,10.0,asphalt,3,0.0,synthetic
2026-07-12T19:00:00,zone_01,playground,40.7128,-74.006,27.9,76.9,1.7,0.47,5.0,10.0,asphalt,2,0.0,synthetic
2026-07-12T19:00:00,zone_02,parking_lot,40.713,-74.0062,29.1,80.3,1.6,0.46,0.0,0.0,asphalt,0,0.0,synthetic
2026-07-12T19:00:00,zone_03,courtyard,40.7126,-74.0058,26.6,76.2,1.8,0.66,15.0,25.0,concrete,0,0.0,synthetic
2026-07-12T19:00:00,zone_04,building_roof,40.7129,-74.0059,30.1,77.2,2.3,0.25,0.0,0.0,concrete,0,0.0,synthetic
2026-07-12T19:00:00,zone_05,sports_field,40.7131,-74.0061,25.6,79.8,2.0,0.77,0.0,5.0,grass,0,0.0,synthetic
2026-07-12T19:00:00,zone_06,library_exterior,40.7127,-74.0057,24.6,79.3,0.0,0.47,20.0,35.0,concrete,0,0.0,synthetic
2026-07-12T19:00:00,zone_07,cafeteria_patio,40.7125,-74.0063,25.5,77.3,1.2,0.71,40.0,50.0,concrete,0,0.0,synthetic
2026-07-12T19:00:00,zone_08,walkway,40.7132,-74.0056,27.7,79.1,2.1,0.79,10.0,15.0,asphalt,0,0.0,synthetic
2026-07-12T19:00:00,zone_09,garden,40.7124,-74.0064,24.5,75.8,1.3,0.73,60.0,70.0,grass,0,0.0,synthetic
2026-07-12T19:00:00,zone_10,gym_exterior,40.7133,-74.0065,25.8,79.0,2.0,0.21,10.0,20.0,concrete,3,0.0,synthetic
2026-07-12T19:00:00,zone_11,admin_building,40.7123,-74.0055,26.5,78.0,2.3,0.36,25.0,30.0,concrete,2,0.0,synthetic
2026-07-12T19:00:00,zone_12,entrance_plaza,40.7134,-74.0066,28.0,74.9,1.3,0.26,5.0,10.0,asphalt,2,0.0,synthetic
2026-07-12T20:00:00,zone_01,playground,40.7128,-74.006,26.0,83.7,1.1,0.69,5.0,10.0,asphalt,0,0.0,synthetic
2026-07-12T20:00:00,zone_02,parking_lot,40.713,-74.0062,28.9,81.5,2.8,0.19,0.0,0.0,asphalt,2,0.0,synthetic
2026-07-12T20:00:00,zone_03,courtyard,40.7126,-74.0058,26.2,82.7,2.4,0.14,15.0,25.0,concrete,0,0.0,synthetic
2026-07-12T20:00:00,zone_04,building_roof,40.7129,-74.0059,28.7,86.6,3.1,0.65,0.0,0.0,concrete,0,0.0,synthetic
2026-07-12T20:00:00,zone_05,sports_field,40.7131,-74.0061,24.9,84.5,2.9,0.47,0.0,5.0,grass,3,0.0,synthetic
2026-07-12T20:00:00,zone_06,library_exterior,40.7127,-74.0057,25.4,77.3,1.7,0.67,20.0,35.0,concrete,4,0.0,synthetic
2026-07-12T20:00:00,zone_07,cafeteria_patio,40.7125,-74.0063,25.8,77.4,2.4,0.44,40.0,50.0,concrete,0,0.0,synthetic
2026-07-12T20:00:00,zone_08,walkway,40.7132,-74.0056,25.8,77.0,4.4,0.31,10.0,15.0,asphalt,0,0.0,synthetic
2026-07-12T20:00:00,zone_09,garden,40.7124,-74.0064,24.0,85.8,1.6,0.33,60.0,70.0,grass,0,0.0,synthetic
2026-07-12T20:00:00,zone_10,gym_exterior,40.7133,-74.0065,26.3,80.5,1.5,0.71,10.0,20.0,concrete,0,0.0,synthetic
2026-07-12T20:00:00,zone_11,admin_building,40.7123,-74.0055,24.8,84.6,0.5,0.28,25.0,30.0,concrete,0,0.0,synthetic
2026-07-12T20:00:00,zone_12,entrance_plaza,40.7134,-74.0066,26.7,83.0,2.3,0.43,5.0,10.0,asphalt,0,0.0,synthetic
2026-07-12T21:00:00,zone_01,playground,40.7128,-74.006,25.8,88.8,1.6,0.4,5.0,10.0,asphalt,0,0.0,synthetic
2026-07-12T21:00:00,zone_02,parking_lot,40.713,-74.0062,28.2,87.1,1.3,0.52,0.0,0.0,asphalt,0,0.0,synthetic
2026-07-12T21:00:00,zone_03,courtyard,40.7126,-74.0058,24.6,87.9,3.0,0.63,15.0,25.0,concrete,0,0.0,synthetic
2026-07-12T21:00:00,zone_04,building_roof,40.7129,-74.0059,28.2,86.7,2.2,0.38,0.0,0.0,concrete,0,0.0,synthetic
2026-07-12T21:00:00,zone_05,sports_field,40.7131,-74.0061,24.4,89.5,1.2,0.67,0.0,5.0,grass,0,0.0,synthetic
2026-07-12T21:00:00,zone_06,library_exterior,40.7127,-74.0057,24.4,85.7,3.3,0.2,20.0,35.0,concrete,0,0.0,synthetic
2026-07-12T21:00:00,zone_07,cafeteria_patio,40.7125,-74.0063,24.9,87.9,2.6,0.4,40.0,50.0,concrete,2,0.0,synthetic
2026-07-12T21:00:00,zone_08,walkway,40.7132,-74.0056,25.3,84.8,2.0,0.53,10.0,15.0,asphalt,0,0.0,synthetic
2026-07-12T21:00:00,zone_09,garden,40.7124,-74.0064,23.7,89.5,0.5,0.76,60.0,70.0,grass,0,0.0,synthetic
2026-07-12T21:00:00,zone_10,gym_exterior,40.7133,-74.0065,24.4,89.0,2.5,0.72,10.0,20.0,concrete,0,0.0,synthetic
2026-07-12T21:00:00,zone_11,admin_building,40.7123,-74.0055,24.0,86.4,3.2,0.54,25.0,30.0,concrete,3,0.0,synthetic
2026-07-12T21:00:00,zone_12,entrance_plaza,40.7134,-74.0066,26.0,84.3,3.1,0.63,5.0,10.0,asphalt,0,0.0,synthetic
2026-07-12T22:00:00,zone_01,playground,40.7128,-74.006,25.4,92.2,1.1,0.8,5.0,10.0,asphalt,1,0.0,synthetic
2026-07-12T22:00:00,zone_02,parking_lot,40.713,-74.0062,26.4,87.4,2.4,0.78,0.0,0.0,asphalt,4,0.0,synthetic
2026-07-12T22:00:00,zone_03,courtyard,40.7126,-74.0058,24.3,89.6,0.9,0.7,15.0,25.0,concrete,0,0.0,synthetic
2026-07-12T22:00:00,zone_04,building_roof,40.7129,-74.0059,27.6,89.2,3.2,0.44,0.0,0.0,concrete,0,0.0,synthetic
2026-07-12T22:00:00,zone_05,sports_field,40.7131,-74.0061,23.7,96.2,2.4,0.31,0.0,5.0,grass,0,0.0,synthetic
2026-07-12T22:00:00,zone_06,library_exterior,40.7127,-74.0057,23.6,88.4,1.7,0.28,20.0,35.0,concrete,1,0.0,synthetic
2026-07-12T22:00:00,zone_07,cafeteria_patio,40.7125,-74.0063,23.7,87.6,2.2,0.57,40.0,50.0,concrete,2,0.0,synthetic
2026-07-12T22:00:00,zone_08,walkway,40.7132,-74.0056,25.6,88.9,2.0,0.21,10.0,15.0,asphalt,0,0.0,synthetic
2026-07-12T22:00:00,zone_09,garden,40.7124,-74.0064,22.4,92.0,0.0,0.64,60.0,70.0,grass,0,0.0,synthetic
2026-07-12T22:00:00,zone_10,gym_exterior,40.7133,-74.0065,25.1,88.9,2.6,0.15,10.0,20.0,concrete,0,0.0,synthetic
2026-07-12T22:00:00,zone_11,admin_building,40.7123,-74.0055,23.2,94.2,1.4,0.54,25.0,30.0,concrete,0,0.0,synthetic
2026-07-12T22:00:00,zone_12,entrance_plaza,40.7134,-74.0066,25.3,90.3,1.8,0.6,5.0,10.0,asphalt,0,0.0,synthetic
2026-07-12T23:00:00,zone_01,playground,40.7128,-74.006,24.2,90.4,2.3,0.38,5.0,10.0,asphalt,0,0.0,synthetic
2026-07-12T23:00:00,zone_02,parking_lot,40.713,-74.0062,25.7,91.7,0.9,0.69,0.0,0.0,asphalt,2,0.0,synthetic
2026-07-12T23:00:00,zone_03,courtyard,40.7126,-74.0058,23.6,88.2,0.6,0.63,15.0,25.0,concrete,0,0.0,synthetic
2026-07-12T23:00:00,zone_04,building_roof,40.7129,-74.0059,27.4,87.0,2.2,0.8,0.0,0.0,concrete,0,0.0,synthetic
2026-07-12T23:00:00,zone_05,sports_field,40.7131,-74.0061,23.7,91.6,3.4,0.77,0.0,5.0,grass,0,0.0,synthetic
2026-07-12T23:00:00,zone_06,library_exterior,40.7127,-74.0057,23.8,88.7,2.3,0.43,20.0,35.0,concrete,0,0.0,synthetic
2026-07-12T23:00:00,zone_07,cafeteria_patio,40.7125,-74.0063,24.0,96.5,2.1,0.69,40.0,50.0,concrete,1,0.0,synthetic
2026-07-12T23:00:00,zone_08,walkway,40.7132,-74.0056,24.2,84.4,0.2,0.37,10.0,15.0,asphalt,0,0.0,synthetic
2026-07-12T23:00:00,zone_09,garden,40.7124,-74.0064,23.2,95.4,0.6,0.32,60.0,70.0,grass,2,0.0,synthetic
2026-07-12T23:00:00,zone_10,gym_exterior,40.7133,-74.0065,23.7,90.9,1.9,0.11,10.0,20.0,concrete,0,0.0,synthetic
2026-07-12T23:00:00,zone_11,admin_building,40.7123,-74.0055,24.0,86.3,1.9,0.74,25.0,30.0,concrete,0,0.0,synthetic
2026-07-12T23:00:00,zone_12,entrance_plaza,40.7134,-74.0066,25.2,93.0,1.8,0.15,5.0,10.0,asphalt,1,0.0,synthetic
2026-07-13T00:00:00,zone_01,playground,40.7128,-74.006,26.2,87.9,1.0,0.24,5.0,10.0,asphalt,1,0.0,synthetic
2026-07-13T00:00:00,zone_02,parking_lot,40.713,-74.0062,27.1,89.0,2.0,0.55,0.0,0.0,asphalt,0,0.0,synthetic
2026-07-13T00:00:00,zone_03,courtyard,40.7126,-74.0058,24.0,89.6,3.7,0.15,15.0,25.0,concrete,0,0.0,synthetic
2026-07-13T00:00:00,zone_04,building_roof,40.7129,-74.0059,27.4,86.6,0.8,0.47,0.0,0.0,concrete,0,0.0,synthetic
2026-07-13T00:00:00,zone_05,sports_field,40.7131,-74.0061,23.4,89.8,3.3,0.3,0.0,5.0,grass,0,0.0,synthetic
2026-07-13T00:00:00,zone_06,library_exterior,40.7127,-74.0057,23.3,94.5,2.1,0.66,20.0,35.0,concrete,0,0.0,synthetic
2026-07-13T00:00:00,zone_07,cafeteria_patio,40.7125,-74.0063,23.6,90.0,3.1,0.25,40.0,50.0,concrete,0,0.0,synthetic
2026-07-13T00:00:00,zone_08,walkway,40.7132,-74.0056,24.7,88.3,3.3,0.22,10.0,15.0,asphalt,1,0.0,synthetic
2026-07-13T00:00:00,zone_09,garden,40.7124,-74.0064,22.7,90.1,2.2,0.52,60.0,70.0,grass,0,0.0,synthetic
2026-07-13T00:00:00,zone_10,gym_exterior,40.7133,-74.0065,23.9,93.9,2.9,0.75,10.0,20.0,concrete,0,0.0,synthetic
2026-07-13T00:00:00,zone_11,admin_building,40.7123,-74.0055,24.3,92.6,2.2,0.49,25.0,30.0,concrete,0,0.0,synthetic
2026-07-13T00:00:00,zone_12,entrance_plaza,40.7134,-74.0066,25.8,88.3,2.3,0.33,5.0,10.0,asphalt,0,0.0,synthetic
2026-07-13T01:00:00,zone_01,playground,40.7128,-74.006,24.9,86.0,2.2,0.76,5.0,10.0,asphalt,2,0.0,synthetic
2026-07-13T01:00:00,zone_02,parking_lot,40.713,-74.0062,26.7,87.3,1.3,0.32,0.0,0.0,asphalt,3,0.0,synthetic
2026-07-13T01:00:00,zone_03,courtyard,40.7126,-74.0058,24.8,85.9,1.8,0.31,15.0,25.0,concrete,0,0.0,synthetic
2026-07-13T01:00:00,zone_04,building_roof,40.7129,-74.0059,27.7,82.9,1.8,0.35,0.0,0.0,concrete,0,0.0,synthetic
2026-07-13T01:00:00,zone_05,sports_field,40.7131,-74.0061,25.5,83.3,1.5,0.71,0.0,5.0,grass,1,0.0,synthetic
2026-07-13T01:00:00,zone_06,library_exterior,40.7127,-74.0057,24.9,89.5,3.0,0.51,20.0,35.0,concrete,0,0.0,synthetic
2026-07-13T01:00:00,zone_07,cafeteria_patio,40.7125,-74.0063,24.0,86.6,3.1,0.22,40.0,50.0,concrete,1,0.0,synthetic
2026-07-13T01:00:00,zone_08,walkway,40.7132,-74.0056,25.1,85.5,3.7,0.67,10.0,15.0,asphalt,1,0.0,synthetic
2026-07-13T01:00:00,zone_09,garden,40.7124,-74.0064,22.7,87.4,3.1,0.7,60.0,70.0,grass,0,0.0,synthetic
2026-07-13T01:00:00,zone_10,gym_exterior,40.7133,-74.0065,24.3,89.1,1.9,0.19,10.0,20.0,concrete,1,0.0,synthetic
2026-07-13T01:00:00,zone_11,admin_building,40.7123,-74.0055,24.4,84.3,1.1,0.62,25.0,30.0,concrete,0,0.0,synthetic
2026-07-13T01:00:00,zone_12,entrance_plaza,40.7134,-74.0066,26.5,89.2,2.6,0.11,5.0,10.0,asphalt,0,0.0,synthetic
2026-07-13T02:00:00,zone_01,playground,40.7128,-74.006,26.0,77.8,1.6,0.11,5.0,10.0,asphalt,2,0.0,synthetic
2026-07-13T02:00:00,zone_02,parking_lot,40.713,-74.0062,28.0,76.1,1.5,0.21,0.0,0.0,asphalt,0,0.0,synthetic
2026-07-13T02:00:00,zone_03,courtyard,40.7126,-74.0058,25.5,79.5,1.7,0.35,15.0,25.0,concrete,0,0.0,synthetic
2026-07-13T02:00:00,zone_04,building_roof,40.7129,-74.0059,28.5,77.3,2.6,0.71,0.0,0.0,concrete,0,0.0,synthetic
2026-07-13T02:00:00,zone_05,sports_field,40.7131,-74.0061,25.8,80.2,2.3,0.78,0.0,5.0,grass,0,0.0,synthetic
2026-07-13T02:00:00,zone_06,library_exterior,40.7127,-74.0057,25.2,92.3,2.5,0.51,20.0,35.0,concrete,0,0.0,synthetic
2026-07-13T02:00:00,zone_07,cafeteria_patio,40.7125,-74.0063,24.7,82.8,4.2,0.25,40.0,50.0,concrete,2,0.0,synthetic
2026-07-13T02:00:00,zone_08,walkway,40.7132,-74.0056,25.6,80.0,2.8,0.69,10.0,15.0,asphalt,3,0.0,synthetic
2026-07-13T02:00:00,zone_09,garden,40.7124,-74.0064,24.2,81.9,1.4,0.17,60.0,70.0,grass,2,0.0,synthetic
2026-07-13T02:00:00,zone_10,gym_exterior,40.7133,-74.0065,25.1,79.0,2.5,0.29,10.0,20.0,concrete,0,0.0,synthetic
2026-07-13T02:00:00,zone_11,admin_building,40.7123,-74.0055,24.6,77.4,0.0,0.45,25.0,30.0,concrete,0,0.0,synthetic
2026-07-13T02:00:00,zone_12,entrance_plaza,40.7134,-74.0066,27.2,84.1,1.9,0.66,5.0,10.0,asphalt,0,0.0,synthetic
2026-07-13T03:00:00,zone_01,playground,40.7128,-74.006,28.0,77.9,3.4,0.26,5.0,10.0,asphalt,1,0.0,synthetic
2026-07-13T03:00:00,zone_02,parking_lot,40.713,-74.0062,29.3,75.6,1.1,0.32,0.0,0.0,asphalt,0,0.0,synthetic
2026-07-13T03:00:00,zone_03,courtyard,40.7126,-74.0058,26.7,77.2,2.3,0.78,15.0,25.0,concrete,3,0.0,synthetic
2026-07-13T03:00:00,zone_04,building_roof,40.7129,-74.0059,29.5,80.3,1.8,0.26,0.0,0.0,concrete,1,0.0,synthetic
2026-07-13T03:00:00,zone_05,sports_field,40.7131,-74.0061,26.4,74.0,4.1,0.58,0.0,5.0,grass,0,0.0,synthetic
2026-07-13T03:00:00,zone_06,library_exterior,40.7127,-74.0057,25.6,77.9,2.8,0.51,20.0,35.0,concrete,4,0.0,synthetic
2026-07-13T03:00:00,zone_07,cafeteria_patio,40.7125,-74.0063,26.3,73.3,2.2,0.24,40.0,50.0,concrete,2,0.0,synthetic
2026-07-13T03:00:00,zone_08,walkway,40.7132,-74.0056,27.2,78.0,1.3,0.2,10.0,15.0,asphalt,0,0.0,synthetic
2026-07-13T03:00:00,zone_09,garden,40.7124,-74.0064,24.7,82.1,0.1,0.34,60.0,70.0,grass,1,0.0,synthetic
2026-07-13T03:00:00,zone_10,gym_exterior,40.7133,-74.0065,26.5,72.1,2.6,0.64,10.0,20.0,concrete,0,0.0,synthetic
2026-07-13T03:00:00,zone_11,admin_building,40.7123,-74.0055,25.5,80.6,3.2,0.15,25.0,30.0,concrete,0,0.0,synthetic
2026-07-13T03:00:00,zone_12,entrance_plaza,40.7134,-74.0066,28.1,75.1,0.8,0.62,5.0,10.0,asphalt,1,0.0,synthetic
2026-07-13T04:00:00,zone_01,playground,40.7128,-74.006,29.0,72.1,2.5,0.16,5.0,10.0,asphalt,0,0.0,synthetic
2026-07-13T04:00:00,zone_02,parking_lot,40.713,-74.0062,31.0,77.8,3.1,0.1,0.0,0.0,asphalt,0,0.0,synthetic
2026-07-13T04:00:00,zone_03,courtyard,40.7126,-74.0058,27.0,71.8,2.3,0.68,15.0,25.0,concrete,0,0.0,synthetic
2026-07-13T04:00:00,zone_04,building_roof,40.7129,-74.0059,30.9,68.4,2.2,0.61,0.0,0.0,concrete,3,0.0,synthetic
2026-07-13T04:00:00,zone_05,sports_field,40.7131,-74.0061,27.2,68.8,2.4,0.75,0.0,5.0,grass,1,0.0,synthetic
2026-07-13T04:00:00,zone_06,library_exterior,40.7127,-74.0057,27.9,70.6,3.2,0.62,20.0,35.0,concrete,0,0.0,synthetic
2026-07-13T04:00:00,zone_07,cafeteria_patio,40.7125,-74.0063,27.1,68.4,1.4,0.44,40.0,50.0,concrete,1,0.0,synthetic
2026-07-13T04:00:00,zone_08,walkway,40.7132,-74.0056,27.7,72.5,1.3,0.25,10.0,15.0,asphalt,1,0.0,synthetic
2026-07-13T04:00:00,zone_09,garden,40.7124,-74.0064,25.2,75.5,0.0,0.33,60.0,70.0,grass,0,0.0,synthetic
2026-07-13T04:00:00,zone_10,gym_exterior,40.7133,-74.0065,28.1,66.4,1.4,0.23,10.0,20.0,concrete,1,0.0,synthetic
2026-07-13T04:00:00,zone_11,admin_building,40.7123,-74.0055,26.9,71.3,2.2,0.45,25.0,30.0,concrete,3,0.0,synthetic
2026-07-13T04:00:00,zone_12,entrance_plaza,40.7134,-74.0066,29.5,70.6,2.9,0.61,5.0,10.0,asphalt,0,0.0,synthetic
2026-07-13T05:00:00,zone_01,playground,40.7128,-74.006,30.2,62.2,3.2,0.6,5.0,10.0,asphalt,1,0.0,synthetic
2026-07-13T05:00:00,zone_02,parking_lot,40.713,-74.0062,32.1,67.1,0.4,0.74,0.0,0.0,asphalt,0,0.0,synthetic
2026-07-13T05:00:00,zone_03,courtyard,40.7126,-74.0058,29.0,64.9,1.5,0.12,15.0,25.0,concrete,3,0.0,synthetic
2026-07-13T05:00:00,zone_04,building_roof,40.7129,-74.0059,32.1,63.3,2.1,0.45,0.0,0.0,concrete,1,0.0,synthetic
2026-07-13T05:00:00,zone_05,sports_field,40.7131,-74.0061,27.9,62.5,0.6,0.16,0.0,5.0,grass,0,0.0,synthetic
2026-07-13T05:00:00,zone_06,library_exterior,40.7127,-74.0057,29.1,65.9,2.2,0.14,20.0,35.0,concrete,1,0.0,synthetic
2026-07-13T05:00:00,zone_07,cafeteria_patio,40.7125,-74.0063,28.0,65.9,3.1,0.61,40.0,50.0,concrete,1,0.0,synthetic
2026-07-13T05:00:00,zone_08,walkway,40.7132,-74.0056,29.0,67.6,1.7,0.19,10.0,15.0,asphalt,1,0.0,synthetic
2026-07-13T05:00:00,zone_09,garden,40.7124,-74.0064,27.2,67.2,2.3,0.57,60.0,70.0,grass,1,0.0,synthetic
2026-07-13T05:00:00,zone_10,gym_exterior,40.7133,-74.0065,28.9,64.5,1.6,0.36,10.0,20.0,concrete,0,0.0,synthetic
2026-07-13T05:00:00,zone_11,admin_building,40.7123,-74.0055,28.4,72.5,1.6,0.19,25.0,30.0,concrete,0,0.0,synthetic
2026-07-13T05:00:00,zone_12,entrance_plaza,40.7134,-74.0066,30.6,62.2,2.2,0.7,5.0,10.0,asphalt,0,0.0,synthetic
2026-07-13T06:00:00,zone_01,playground,40.7128,-74.006,30.7,57.5,1.4,0.43,5.0,10.0,asphalt,8,0.0,synthetic
2026-07-13T06:00:00,zone_02,parking_lot,40.713,-74.0062,33.1,61.0,3.1,0.18,0.0,0.0,asphalt,1,0.0,synthetic
2026-07-13T06:00:00,zone_03,courtyard,40.7126,-74.0058,30.7,60.3,4.0,0.49,15.0,25.0,concrete,4,0.0,synthetic
2026-07-13T06:00:00,zone_04,building_roof,40.7129,-74.0059,33.8,52.7,1.6,0.3,0.0,0.0,concrete,0,0.0,synthetic
2026-07-13T06:00:00,zone_05,sports_field,40.7131,-74.0061,29.6,56.2,1.7,0.62,0.0,5.0,grass,14,0.0,synthetic
2026-07-13T06:00:00,zone_06,library_exterior,40.7127,-74.0057,29.9,54.8,3.4,0.25,20.0,35.0,concrete,6,0.0,synthetic
2026-07-13T06:00:00,zone_07,cafeteria_patio,40.7125,-74.0063,30.2,58.3,1.5,0.79,40.0,50.0,concrete,6,0.0,synthetic
2026-07-13T06:00:00,zone_08,walkway,40.7132,-74.0056,30.5,65.6,3.8,0.16,10.0,15.0,asphalt,0,0.0,synthetic
2026-07-13T06:00:00,zone_09,garden,40.7124,-74.0064,28.9,60.4,2.3,0.19,60.0,70.0,grass,0,0.0,synthetic
2026-07-13T06:00:00,zone_10,gym_exterior,40.7133,-74.0065,30.5,58.4,3.0,0.23,10.0,20.0,concrete,7,0.0,synthetic
2026-07-13T06:00:00,zone_11,admin_building,40.7123,-74.0055,29.6,58.9,3.1,0.56,25.0,30.0,concrete,6,0.0,synthetic
2026-07-13T06:00:00,zone_12,entrance_plaza,40.7134,-74.0066,32.0,60.5,2.0,0.67,5.0,10.0,asphalt,5,0.0,synthetic
2026-07-13T07:00:00,zone_01,playground,40.7128,-74.006,32.1,47.6,2.5,0.16,5.0,10.0,asphalt,24,1.0,synthetic
2026-07-13T07:00:00,zone_02,parking_lot,40.713,-74.0062,34.2,53.7,0.9,0.13,0.0,0.0,asphalt,1,1.0,synthetic
2026-07-13T07:00:00,zone_03,courtyard,40.7126,-74.0058,31.5,51.4,2.2,0.54,15.0,25.0,concrete,15,1.0,synthetic
2026-07-13T07:00:00,zone_04,building_roof,40.7129,-74.0059,34.7,51.2,2.1,0.74,0.0,0.0,concrete,3,1.0,synthetic
2026-07-13T07:00:00,zone_05,sports_field,40.7131,-74.0061,31.2,54.6,1.5,0.29,0.0,5.0,grass,36,1.0,synthetic
2026-07-13T07:00:00,zone_06,library_exterior,40.7127,-74.0057,30.6,54.1,0.5,0.79,20.0,35.0,concrete,9,1.0,synthetic
2026-07-13T07:00:00,zone_07,cafeteria_patio,40.7125,-74.0063,30.8,52.7,2.2,0.55,40.0,50.0,concrete,17,1.0,synthetic
2026-07-13T07:00:00,zone_08,walkway,40.7132,-74.0056,32.4,50.2,2.0,0.11,10.0,15.0,asphalt,6,1.0,synthetic
2026-07-13T07:00:00,zone_09,garden,40.7124,-74.0064,29.8,49.6,2.5,0.14,60.0,70.0,grass,3,1.0,synthetic
2026-07-13T07:00:00,zone_10,gym_exterior,40.7133,-74.0065,31.2,54.5,1.6,0.52,10.0,20.0,concrete,8,1.0,synthetic
2026-07-13T07:00:00,zone_11,admin_building,40.7123,-74.0055,31.4,58.3,2.8,0.16,25.0,30.0,concrete,6,1.0,synthetic
2026-07-13T07:00:00,zone_12,entrance_plaza,40.7134,-74.0066,33.8,51.9,2.1,0.67,5.0,10.0,asphalt,10,1.0,synthetic
2026-07-13T08:00:00,zone_01,playground,40.7128,-74.006,33.3,44.2,0.7,0.75,5.0,10.0,asphalt,65,1.0,synthetic
2026-07-13T08:00:00,zone_02,parking_lot,40.713,-74.0062,34.6,50.3,0.8,0.78,0.0,0.0,asphalt,8,1.0,synthetic
2026-07-13T08:00:00,zone_03,courtyard,40.7126,-74.0058,33.0,47.4,2.9,0.14,15.0,25.0,concrete,36,1.0,synthetic
2026-07-13T08:00:00,zone_04,building_roof,40.7129,-74.0059,36.2,45.5,2.4,0.32,0.0,0.0,concrete,4,1.0,synthetic
2026-07-13T08:00:00,zone_05,sports_field,40.7131,-74.0061,32.6,47.0,1.5,0.69,0.0,5.0,grass,98,1.0,synthetic
2026-07-13T08:00:00,zone_06,library_exterior,40.7127,-74.0057,32.0,44.6,0.0,0.46,20.0,35.0,concrete,24,1.0,synthetic
2026-07-13T08:00:00,zone_07,cafeteria_patio,40.7125,-74.0063,30.8,48.9,2.5,0.38,40.0,50.0,concrete,47,1.0,synthetic
2026-07-13T08:00:00,zone_08,walkway,40.7132,-74.0056,34.1,47.6,2.3,0.13,10.0,15.0,asphalt,21,1.0,synthetic
2026-07-13T08:00:00,zone_09,garden,40.7124,-74.0064,31.3,47.2,0.1,0.33,60.0,70.0,grass,16,1.0,synthetic
2026-07-13T08:00:00,zone_10,gym_exterior,40.7133,-74.0065,32.1,49.4,1.2,0.49,10.0,20.0,concrete,29,1.0,synthetic
2026-07-13T08:00:00,zone_11,admin_building,40.7123,-74.0055,31.9,42.0,1.7,0.13,25.0,30.0,concrete,16,1.0,synthetic
2026-07-13T08:00:00,zone_12,entrance_plaza,40.7134,-74.0066,34.8,48.4,1.5,0.11,5.0,10.0,asphalt,26,1.0,synthetic
2026-07-13T09:00:00,zone_01,playground,40.7128,-74.006,34.6,45.0,1.8,0.77,5.0,10.0,asphalt,79,1.0,synthetic
2026-07-13T09:00:00,zone_02,parking_lot,40.713,-74.0062,36.1,36.2,3.1,0.78,0.0,0.0,asphalt,7,1.0,synthetic
2026-07-13T09:00:00,zone_03,courtyard,40.7126,-74.0058,33.3,35.7,1.6,0.11,15.0,25.0,concrete,48,1.0,synthetic
2026-07-13T09:00:00,zone_04,building_roof,40.7129,-74.0059,36.5,43.4,0.7,0.12,0.0,0.0,concrete,5,1.0,synthetic
2026-07-13T09:00:00,zone_05,sports_field,40.7131,-74.0061,33.2,42.7,2.4,0.51,0.0,5.0,grass,123,1.0,synthetic
2026-07-13T09:00:00,zone_06,library_exterior,40.7127,-74.0057,34.0,44.4,3.8,0.19,20.0,35.0,concrete,29,1.0,synthetic
2026-07-13T09:00:00,zone_07,cafeteria_patio,40.7125,-74.0063,33.0,41.8,2.1,0.12,40.0,50.0,concrete,61,1.0,synthetic
2026-07-13T09:00:00,zone_08,walkway,40.7132,-74.0056,33.9,44.6,3.7,0.4,10.0,15.0,asphalt,22,1.0,synthetic
2026-07-13T09:00:00,zone_09,garden,40.7124,-74.0064,32.3,43.1,1.6,0.11,60.0,70.0,grass,14,1.0,synthetic
2026-07-13T09:00:00,zone_10,gym_exterior,40.7133,-74.0065,33.2,39.9,2.1,0.5,10.0,20.0,concrete,40,1.0,synthetic
2026-07-13T09:00:00,zone_11,admin_building,40.7123,-74.0055,33.0,40.8,1.5,0.31,25.0,30.0,concrete,20,1.0,synthetic
2026-07-13T09:00:00,zone_12,entrance_plaza,40.7134,-74.0066,35.0,37.3,3.2,0.27,5.0,10.0,asphalt,36,1.0,synthetic
2026-07-13T10:00:00,zone_01,playground,40.7128,-74.006,34.2,37.6,1.2,0.37,5.0,10.0,asphalt,83,1.0,synthetic
2026-07-13T10:00:00,zone_02,parking_lot,40.713,-74.0062,35.0,39.8,1.9,0.31,0.0,0.0,asphalt,12,1.0,synthetic
2026-07-13T10:00:00,zone_03,courtyard,40.7126,-74.0058,34.1,42.1,3.8,0.14,15.0,25.0,concrete,44,1.0,synthetic
2026-07-13T10:00:00,zone_04,building_roof,40.7129,-74.0059,36.5,41.0,2.1,0.31,0.0,0.0,concrete,5,1.0,synthetic
2026-07-13T10:00:00,zone_05,sports_field,40.7131,-74.0061,33.6,41.7,2.4,0.46,0.0,5.0,grass,119,1.0,synthetic
2026-07-13T10:00:00,zone_06,library_exterior,40.7127,-74.0057,33.8,38.5,2.3,0.75,20.0,35.0,concrete,34,1.0,synthetic
2026-07-13T10:00:00,zone_07,cafeteria_patio,40.7125,-74.0063,33.3,40.9,1.0,0.43,40.0,50.0,concrete,60,1.0,synthetic
2026-07-13T10:00:00,zone_08,walkway,40.7132,-74.0056,34.5,37.2,1.7,0.17,10.0,15.0,asphalt,28,1.0,synthetic
2026-07-13T10:00:00,zone_09,garden,40.7124,-74.0064,31.9,40.7,3.0,0.77,60.0,70.0,grass,16,1.0,synthetic
2026-07-13T10:00:00,zone_10,gym_exterior,40.7133,-74.0065,34.1,37.3,2.8,0.54,10.0,20.0,concrete,40,1.0,synthetic
2026-07-13T10:00:00,zone_11,admin_building,40.7123,-74.0055,33.3,37.5,3.3,0.7,25.0,30.0,concrete,22,1.0,synthetic
2026-07-13T10:00:00,zone_12,entrance_plaza,40.7134,-74.0066,35.5,43.6,1.7,0.13,5.0,10.0,asphalt,35,1.0,synthetic
2026-07-13T11:00:00,zone_01,playground,40.7128,-74.006,34.3,40.7,1.8,0.59,5.0,10.0,asphalt,74,1.0,synthetic
2026-07-13T11:00:00,zone_02,parking_lot,40.713,-74.0062,35.8,43.4,1.3,0.66,0.0,0.0,asphalt,7,1.0,synthetic
2026-07-13T11:00:00,zone_03,courtyard,40.7126,-74.0058,33.2,41.6,1.5,0.61,15.0,25.0,concrete,43,1.0,synthetic
2026-07-13T11:00:00,zone_04,building_roof,40.7129,-74.0059,37.0,40.5,0.8,0.66,0.0,0.0,concrete,4,1.0,synthetic
2026-07-13T11:00:00,zone_05,sports_field,40.7131,-74.0061,33.1,39.8,1.0,0.13,0.0,5.0,grass,110,1.0,synthetic
2026-07-13T11:00:00,zone_06,library_exterior,40.7127,-74.0057,33.8,42.8,3.0,0.72,20.0,35.0,concrete,26,1.0,synthetic
2026-07-13T11:00:00,zone_07,cafeteria_patio,40.7125,-74.0063,32.9,42.0,1.1,0.62,40.0,50.0,concrete,54,1.0,synthetic
2026-07-13T11:00:00,zone_08,walkway,40.7132,-74.0056,34.8,41.9,3.3,0.1,10.0,15.0,asphalt,20,1.0,synthetic
2026-07-13T11:00:00,zone_09,garden,40.7124,-74.0064,32.5,42.2,3.5,0.49,60.0,70.0,grass,15,1.0,synthetic
2026-07-13T11:00:00,zone_10,gym_exterior,40.7133,-74.0065,34.4,43.1,2.2,0.22,10.0,20.0,concrete,37,1.0,synthetic
2026-07-13T11:00:00,zone_11,admin_building,40.7123,-74.0055,33.7,41.8,1.9,0.27,25.0,30.0,concrete,17,1.0,synthetic
2026-07-13T11:00:00,zone_12,entrance_plaza,40.7134,-74.0066,36.1,41.5,2.0,0.65,5.0,10.0,asphalt,32,1.0,synthetic
2026-07-13T12:00:00,zone_01,playground,40.7128,-74.006,35.0,42.5,2.6,0.78,5.0,10.0,asphalt,54,1.0,synthetic
2026-07-13T12:00:00,zone_02,parking_lot,40.713,-74.0062,36.2,41.5,1.7,0.39,0.0,0.0,asphalt,7,1.0,synthetic
2026-07-13T12:00:00,zone_03,courtyard,40.7126,-74.0058,34.7,45.3,2.5,0.74,15.0,25.0,concrete,31,1.0,synthetic
2026-07-13T12:00:00,zone_04,building_roof,40.7129,-74.0059,36.2,34.8,3.0,0.37,0.0,0.0,concrete,5,1.0,synthetic
2026-07-13T12:00:00,zone_05,sports_field,40.7131,-74.0061,32.4,37.8,1.8,0.58,0.0,5.0,grass,81,1.0,synthetic
2026-07-13T12:00:00,zone_06,library_exterior,40.7127,-74.0057,34.0,43.0,3.3,0.1,20.0,35.0,concrete,20,1.0,synthetic
2026-07-13T12:00:00,zone_07,cafeteria_patio,40.7125,-74.0063,33.9,40.5,1.5,0.55,40.0,50.0,concrete,46,1.0,synthetic
2026-07-13T12:00:00,zone_08,walkway,40.7132,-74.0056,34.4,43.5,2.6,0.13,10.0,15.0,asphalt,20,1.0,synthetic
2026-07-13T12:00:00,zone_09,garden,40.7124,-74.0064,32.8,34.9,1.7,0.77,60.0,70.0,grass,12,1.0,synthetic
2026-07-13T12:00:00,zone_10,gym_exterior,40.7133,-74.0065,34.5,38.3,1.5,0.66,10.0,20.0,concrete,23,1.0,synthetic
2026-07-13T12:00:00,zone_11,admin_building,40.7123,-74.0055,33.1,40.0,4.7,0.66,25.0,30.0,concrete,17,1.0,synthetic
2026-07-13T12:00:00,zone_12,entrance_plaza,40.7134,-74.0066,36.2,43.4,2.2,0.21,5.0,10.0,asphalt,27,1.0,synthetic
2026-07-13T13:00:00,zone_01,playground,40.7128,-74.006,35.0,38.0,2.8,0.6,5.0,10.0,asphalt,74,1.0,synthetic
2026-07-13T13:00:00,zone_02,parking_lot,40.713,-74.0062,36.7,41.8,1.8,0.21,0.0,0.0,asphalt,9,1.0,synthetic
2026-07-13T13:00:00,zone_03,courtyard,40.7126,-74.0058,33.0,45.4,2.8,0.51,15.0,25.0,concrete,40,1.0,synthetic
2026-07-13T13:00:00,zone_04,building_roof,40.7129,-74.0059,36.0,40.6,1.9,0.51,0.0,0.0,concrete,5,1.0,synthetic
2026-07-13T13:00:00,zone_05,sports_field,40.7131,-74.0061,31.7,41.2,2.7,0.6,0.0,5.0,grass,106,1.0,synthetic
2026-07-13T13:00:00,zone_06,library_exterior,40.7127,-74.0057,33.6,41.3,1.5,0.7,20.0,35.0,concrete,26,1.0,synthetic
2026-07-13T13:00:00,zone_07,cafeteria_patio,40.7125,-74.0063,32.4,45.8,0.7,0.69,40.0,50.0,concrete,50,1.0,synthetic
2026-07-13T13:00:00,zone_08,walkway,40.7132,-74.0056,34.2,42.4,2.5,0.33,10.0,15.0,asphalt,26,1.0,synthetic
2026-07-13T13:00:00,zone_09,garden,40.7124,-74.0064,32.2,39.3,2.9,0.44,60.0,70.0,grass,13,1.0,synthetic
2026-07-13T13:00:00,zone_10,gym_exterior,40.7133,-74.0065,32.2,44.5,1.6,0.29,10.0,20.0,concrete,38,1.0,synthetic
2026-07-13T13:00:00,zone_11,admin_building,40.7123,-74.0055,33.1,46.5,3.7,0.6,25.0,30.0,concrete,20,1.0,synthetic
2026-07-13T13:00:00,zone_12,entrance_plaza,40.7134,-74.0066,34.7,44.0,1.6,0.36,5.0,10.0,asphalt,31,1.0,synthetic
2026-07-13T14:00:00,zone_01,playground,40.7128,-74.006,33.6,45.1,1.0,0.36,5.0,10.0,asphalt,80,1.0,synthetic
2026-07-13T14:00:00,zone_02,parking_lot,40.713,-74.0062,35.0,49.6,2.1,0.67,0.0,0.0,asphalt,10,1.0,synthetic
2026-07-13T14:00:00,zone_03,courtyard,40.7126,-74.0058,32.5,47.6,0.0,0.69,15.0,25.0,concrete,45,1.0,synthetic
2026-07-13T14:00:00,zone_04,building_roof,40.7129,-74.0059,35.5,44.9,0.5,0.32,0.0,0.0,concrete,3,1.0,synthetic
2026-07-13T14:00:00,zone_05,sports_field,40.7131,-74.0061,31.8,45.9,2.7,0.46,0.0,5.0,grass,120,1.0,synthetic
2026-07-13T14:00:00,zone_06,library_exterior,40.7127,-74.0057,31.9,45.8,0.7,0.52,20.0,35.0,concrete,29,1.0,synthetic
2026-07-13T14:00:00,zone_07,cafeteria_patio,40.7125,-74.0063,31.7,51.8,3.4,0.77,40.0,50.0,concrete,61,1.0,synthetic
2026-07-13T14:00:00,zone_08,walkway,40.7132,-74.0056,33.8,45.1,1.5,0.59,10.0,15.0,asphalt,30,1.0,synthetic
2026-07-13T14:00:00,zone_09,garden,40.7124,-74.0064,30.6,46.5,5.1,0.24,60.0,70.0,grass,12,1.0,synthetic
2026-07-13T14:00:00,zone_10,gym_exterior,40.7133,-74.0065,32.2,46.4,0.1,0.44,10.0,20.0,concrete,40,1.0,synthetic
2026-07-13T14:00:00,zone_11,admin_building,40.7123,-74.0055,32.4,51.0,1.6,0.71,25.0,30.0,concrete,20,1.0,synthetic
2026-07-13T14:00:00,zone_12,entrance_plaza,40.7134,-74.0066,33.0,46.5,2.6,0.36,5.0,10.0,asphalt,35,1.0,synthetic
2026-07-13T15:00:00,zone_01,playground,40.7128,-74.006,31.8,46.6,2.2,0.27,5.0,10.0,asphalt,64,1.0,synthetic
2026-07-13T15:00:00,zone_02,parking_lot,40.713,-74.0062,33.7,50.5,1.1,0.56,0.0,0.0,asphalt,7,1.0,synthetic
2026-07-13T15:00:00,zone_03,courtyard,40.7126,-74.0058,31.4,49.8,0.5,0.15,15.0,25.0,concrete,37,1.0,synthetic
2026-07-13T15:00:00,zone_04,building_roof,40.7129,-74.0059,34.7,55.5,1.8,0.3,0.0,0.0,concrete,3,1.0,synthetic
2026-07-13T15:00:00,zone_05,sports_field,40.7131,-74.0061,31.4,60.3,0.0,0.2,0.0,5.0,grass,96,1.0,synthetic
2026-07-13T15:00:00,zone_06,library_exterior,40.7127,-74.0057,31.6,53.5,2.9,0.76,20.0,35.0,concrete,25,1.0,synthetic
2026-07-13T15:00:00,zone_07,cafeteria_patio,40.7125,-74.0063,31.2,49.9,2.2,0.35,40.0,50.0,concrete,47,1.0,synthetic
2026-07-13T15:00:00,zone_08,walkway,40.7132,-74.0056,32.3,53.6,2.4,0.18,10.0,15.0,asphalt,16,1.0,synthetic
2026-07-13T15:00:00,zone_09,garden,40.7124,-74.0064,29.1,49.2,2.4,0.72,60.0,70.0,grass,11,1.0,synthetic
2026-07-13T15:00:00,zone_10,gym_exterior,40.7133,-74.0065,31.9,51.2,2.4,0.6,10.0,20.0,concrete,32,1.0,synthetic
2026-07-13T15:00:00,zone_11,admin_building,40.7123,-74.0055,31.7,53.5,3.5,0.18,25.0,30.0,concrete,17,1.0,synthetic
2026-07-13T15:00:00,zone_12,entrance_plaza,40.7134,-74.0066,32.6,51.7,2.6,0.51,5.0,10.0,asphalt,28,1.0,synthetic
2026-07-13T16:00:00,zone_01,playground,40.7128,-74.006,31.5,64.0,3.1,0.4,5.0,10.0,asphalt,41,1.0,synthetic
2026-07-13T16:00:00,zone_02,parking_lot,40.713,-74.0062,33.9,61.1,0.3,0.8,0.0,0.0,asphalt,6,1.0,synthetic
2026-07-13T16:00:00,zone_03,courtyard,40.7126,-74.0058,29.9,63.6,0.0,0.72,15.0,25.0,concrete,24,1.0,synthetic
2026-07-13T16:00:00,zone_04,building_roof,40.7129,-74.0059,34.0,58.3,2.3,0.61,0.0,0.0,concrete,2,1.0,synthetic
2026-07-13T16:00:00,zone_05,sports_field,40.7131,-74.0061,29.6,61.6,0.9,0.18,0.0,5.0,grass,60,1.0,synthetic
2026-07-13T16:00:00,zone_06,library_exterior,40.7127,-74.0057,30.3,56.6,1.1,0.69,20.0,35.0,concrete,16,1.0,synthetic
2026-07-13T16:00:00,zone_07,cafeteria_patio,40.7125,-74.0063,30.0,56.5,3.8,0.37,40.0,50.0,concrete,30,1.0,synthetic
2026-07-13T16:00:00,zone_08,walkway,40.7132,-74.0056,31.3,57.2,1.1,0.54,10.0,15.0,asphalt,15,1.0,synthetic
2026-07-13T16:00:00,zone_09,garden,40.7124,-74.0064,28.8,55.4,1.5,0.56,60.0,70.0,grass,10,1.0,synthetic
2026-07-13T16:00:00,zone_10,gym_exterior,40.7133,-74.0065,30.4,54.2,3.0,0.5,10.0,20.0,concrete,23,1.0,synthetic
2026-07-13T16:00:00,zone_11,admin_building,40.7123,-74.0055,29.9,65.8,1.6,0.39,25.0,30.0,concrete,10,1.0,synthetic
2026-07-13T16:00:00,zone_12,entrance_plaza,40.7134,-74.0066,31.6,61.3,1.1,0.56,5.0,10.0,asphalt,13,1.0,synthetic
2026-07-13T17:00:00,zone_01,playground,40.7128,-74.006,29.9,61.7,2.9,0.17,5.0,10.0,asphalt,23,1.0,synthetic
2026-07-13T17:00:00,zone_02,parking_lot,40.713,-74.0062,31.6,66.2,1.9,0.19,0.0,0.0,asphalt,2,1.0,synthetic
2026-07-13T17:00:00,zone_03,courtyard,40.7126,-74.0058,29.7,66.3,2.1,0.57,15.0,25.0,concrete,13,1.0,synthetic
2026-07-13T17:00:00,zone_04,building_roof,40.7129,-74.0059,33.2,62.7,1.4,0.74,0.0,0.0,concrete,1,1.0,synthetic
2026-07-13T17:00:00,zone_05,sports_field,40.7131,-74.0061,29.1,64.9,2.3,0.14,0.0,5.0,grass,36,1.0,synthetic
2026-07-13T17:00:00,zone_06,library_exterior,40.7127,-74.0057,29.1,63.9,1.9,0.41,20.0,35.0,concrete,10,1.0,synthetic
2026-07-13T17:00:00,zone_07,cafeteria_patio,40.7125,-74.0063,28.0,63.3,0.8,0.76,40.0,50.0,concrete,19,1.0,synthetic
2026-07-13T17:00:00,zone_08,walkway,40.7132,-74.0056,27.7,69.3,2.0,0.39,10.0,15.0,asphalt,5,1.0,synthetic
2026-07-13T17:00:00,zone_09,garden,40.7124,-74.0064,27.5,65.7,0.4,0.31,60.0,70.0,grass,4,1.0,synthetic
2026-07-13T17:00:00,zone_10,gym_exterior,40.7133,-74.0065,29.6,61.3,1.2,0.47,10.0,20.0,concrete,12,1.0,synthetic
2026-07-13T17:00:00,zone_11,admin_building,40.7123,-74.0055,28.7,67.8,2.6,0.12,25.0,30.0,concrete,11,1.0,synthetic
2026-07-13T17:00:00,zone_12,entrance_plaza,40.7134,-74.0066,30.6,66.6,2.1,0.53,5.0,10.0,asphalt,9,1.0,synthetic
2026-07-13T18:00:00,zone_01,playground,40.7128,-74.006,27.7,71.5,3.5,0.11,5.0,10.0,asphalt,13,0.0,synthetic
2026-07-13T18:00:00,zone_02,parking_lot,40.713,-74.0062,30.1,71.3,2.3,0.8,0.0,0.0,asphalt,2,0.0,synthetic
2026-07-13T18:00:00,zone_03,courtyard,40.7126,-74.0058,28.1,70.4,1.0,0.26,15.0,25.0,concrete,8,0.0,synthetic
2026-07-13T18:00:00,zone_04,building_roof,40.7129,-74.0059,30.9,72.2,1.3,0.59,0.0,0.0,concrete,0,0.0,synthetic
2026-07-13T18:00:00,zone_05,sports_field,40.7131,-74.0061,26.9,66.5,3.0,0.64,0.0,5.0,grass,12,0.0,synthetic
2026-07-13T18:00:00,zone_06,library_exterior,40.7127,-74.0057,26.7,73.3,2.2,0.78,20.0,35.0,concrete,4,0.0,synthetic
2026-07-13T18:00:00,zone_07,cafeteria_patio,40.7125,-74.0063,27.6,72.4,1.5,0.77,40.0,50.0,concrete,8,0.0,synthetic
2026-07-13T18:00:00,zone_08,walkway,40.7132,-74.0056,28.2,72.2,2.8,0.63,10.0,15.0,asphalt,5,0.0,synthetic
2026-07-13T18:00:00,zone_09,garden,40.7124,-74.0064,26.3,74.5,1.4,0.26,60.0,70.0,grass,2,0.0,synthetic
2026-07-13T18:00:00,zone_10,gym_exterior,40.7133,-74.0065,28.8,69.3,2.6,0.38,10.0,20.0,concrete,3,0.0,synthetic
2026-07-13T18:00:00,zone_11,admin_building,40.7123,-74.0055,27.9,75.5,2.1,0.66,25.0,30.0,concrete,2,0.0,synthetic
2026-07-13T18:00:00,zone_12,entrance_plaza,40.7134,-74.0066,29.3,73.4,2.7,0.62,5.0,10.0,asphalt,3,0.0,synthetic
2026-07-13T19:00:00,zone_01,playground,40.7128,-74.006,28.3,75.7,1.9,0.4,5.0,10.0,asphalt,0,0.0,synthetic
2026-07-13T19:00:00,zone_02,parking_lot,40.713,-74.0062,28.9,76.1,1.7,0.53,0.0,0.0,asphalt,1,0.0,synthetic
2026-07-13T19:00:00,zone_03,courtyard,40.7126,-74.0058,27.1,79.5,1.4,0.41,15.0,25.0,concrete,0,0.0,synthetic
2026-07-13T19:00:00,zone_04,building_roof,40.7129,-74.0059,29.5,81.3,1.7,0.65,0.0,0.0,concrete,1,0.0,synthetic
2026-07-13T19:00:00,zone_05,sports_field,40.7131,-74.0061,26.4,75.3,1.0,0.29,0.0,5.0,grass,0,0.0,synthetic
2026-07-13T19:00:00,zone_06,library_exterior,40.7127,-74.0057,27.0,75.8,2.2,0.6,20.0,35.0,concrete,0,0.0,synthetic
2026-07-13T19:00:00,zone_07,cafeteria_patio,40.7125,-74.0063,26.4,79.7,2.3,0.76,40.0,50.0,concrete,0,0.0,synthetic
2026-07-13T19:00:00,zone_08,walkway,40.7132,-74.0056,27.8,82.1,1.1,0.59,10.0,15.0,asphalt,2,0.0,synthetic
2026-07-13T19:00:00,zone_09,garden,40.7124,-74.0064,24.8,78.8,3.2,0.68,60.0,70.0,grass,0,0.0,synthetic
2026-07-13T19:00:00,zone_10,gym_exterior,40.7133,-74.0065,27.7,75.5,0.4,0.4,10.0,20.0,concrete,0,0.0,synthetic
2026-07-13T19:00:00,zone_11,admin_building,40.7123,-74.0055,26.1,82.6,2.6,0.11,25.0,30.0,concrete,1,0.0,synthetic
2026-07-13T19:00:00,zone_12,entrance_plaza,40.7134,-74.0066,27.5,83.5,3.3,0.48,5.0,10.0,asphalt,0,0.0,synthetic
2026-07-13T20:00:00,zone_01,playground,40.7128,-74.006,26.6,84.5,3.6,0.13,5.0,10.0,asphalt,0,0.0,synthetic
2026-07-13T20:00:00,zone_02,parking_lot,40.713,-74.0062,27.2,81.6,2.0,0.56,0.0,0.0,asphalt,0,0.0,synthetic
2026-07-13T20:00:00,zone_03,courtyard,40.7126,-74.0058,25.0,79.2,3.3,0.43,15.0,25.0,concrete,0,0.0,synthetic
2026-07-13T20:00:00,zone_04,building_roof,40.7129,-74.0059,29.7,84.1,1.8,0.64,0.0,0.0,concrete,0,0.0,synthetic
2026-07-13T20:00:00,zone_05,sports_field,40.7131,-74.0061,25.9,84.8,1.1,0.26,0.0,5.0,grass,0,0.0,synthetic
2026-07-13T20:00:00,zone_06,library_exterior,40.7127,-74.0057,25.3,83.9,2.0,0.25,20.0,35.0,concrete,0,0.0,synthetic
2026-07-13T20:00:00,zone_07,cafeteria_patio,40.7125,-74.0063,24.5,82.7,2.7,0.51,40.0,50.0,concrete,2,0.0,synthetic
2026-07-13T20:00:00,zone_08,walkway,40.7132,-74.0056,26.2,86.9,2.0,0.6,10.0,15.0,asphalt,0,0.0,synthetic
2026-07-13T20:00:00,zone_09,garden,40.7124,-74.0064,23.2,82.8,0.8,0.35,60.0,70.0,grass,1,0.0,synthetic
2026-07-13T20:00:00,zone_10,gym_exterior,40.7133,-74.0065,26.8,82.9,3.2,0.14,10.0,20.0,concrete,0,0.0,synthetic
2026-07-13T20:00:00,zone_11,admin_building,40.7123,-74.0055,25.2,83.6,0.8,0.62,25.0,30.0,concrete,0,0.0,synthetic
2026-07-13T20:00:00,zone_12,entrance_plaza,40.7134,-74.0066,26.8,80.3,1.9,0.49,5.0,10.0,asphalt,0,0.0,synthetic
2026-07-13T21:00:00,zone_01,playground,40.7128,-74.006,25.3,92.3,2.0,0.46,5.0,10.0,asphalt,0,0.0,synthetic
2026-07-13T21:00:00,zone_02,parking_lot,40.713,-74.0062,27.4,88.7,1.3,0.42,0.0,0.0,asphalt,0,0.0,synthetic
2026-07-13T21:00:00,zone_03,courtyard,40.7126,-74.0058,24.7,87.7,2.9,0.69,15.0,25.0,concrete,2,0.0,synthetic
2026-07-13T21:00:00,zone_04,building_roof,40.7129,-74.0059,28.0,84.3,2.2,0.65,0.0,0.0,concrete,0,0.0,synthetic
2026-07-13T21:00:00,zone_05,sports_field,40.7131,-74.0061,24.4,81.5,1.7,0.35,0.0,5.0,grass,0,0.0,synthetic
2026-07-13T21:00:00,zone_06,library_exterior,40.7127,-74.0057,24.9,83.1,2.4,0.21,20.0,35.0,concrete,0,0.0,synthetic
2026-07-13T21:00:00,zone_07,cafeteria_patio,40.7125,-74.0063,23.7,88.8,2.9,0.42,40.0,50.0,concrete,0,0.0,synthetic
2026-07-13T21:00:00,zone_08,walkway,40.7132,-74.0056,24.9,85.4,3.6,0.8,10.0,15.0,asphalt,0,0.0,synthetic
2026-07-13T21:00:00,zone_09,garden,40.7124,-74.0064,23.4,87.5,2.4,0.15,60.0,70.0,grass,0,0.0,synthetic
2026-07-13T21:00:00,zone_10,gym_exterior,40.7133,-74.0065,24.8,88.7,3.0,0.8,10.0,20.0,concrete,1,0.0,synthetic
2026-07-13T21:00:00,zone_11,admin_building,40.7123,-74.0055,24.0,90.7,0.0,0.24,25.0,30.0,concrete,1,0.0,synthetic
2026-07-13T21:00:00,zone_12,entrance_plaza,40.7134,-74.0066,25.8,84.5,2.9,0.74,5.0,10.0,asphalt,0,0.0,synthetic
2026-07-13T22:00:00,zone_01,playground,40.7128,-74.006,24.8,86.6,1.8,0.51,5.0,10.0,asphalt,0,0.0,synthetic
2026-07-13T22:00:00,zone_02,parking_lot,40.713,-74.0062,27.3,96.0,3.3,0.68,0.0,0.0,asphalt,0,0.0,synthetic
2026-07-13T22:00:00,zone_03,courtyard,40.7126,-74.0058,23.8,88.4,1.3,0.43,15.0,25.0,concrete,0,0.0,synthetic
2026-07-13T22:00:00,zone_04,building_roof,40.7129,-74.0059,27.1,85.5,2.7,0.12,0.0,0.0,concrete,0,0.0,synthetic
2026-07-13T22:00:00,zone_05,sports_field,40.7131,-74.0061,23.0,89.8,1.3,0.56,0.0,5.0,grass,0,0.0,synthetic
2026-07-13T22:00:00,zone_06,library_exterior,40.7127,-74.0057,23.7,96.2,2.9,0.27,20.0,35.0,concrete,0,0.0,synthetic
2026-07-13T22:00:00,zone_07,cafeteria_patio,40.7125,-74.0063,22.6,86.2,2.1,0.69,40.0,50.0,concrete,0,0.0,synthetic
2026-07-13T22:00:00,zone_08,walkway,40.7132,-74.0056,25.2,91.6,3.4,0.74,10.0,15.0,asphalt,1,0.0,synthetic
2026-07-13T22:00:00,zone_09,garden,40.7124,-74.0064,22.7,91.1,0.0,0.42,60.0,70.0,grass,3,0.0,synthetic
2026-07-13T22:00:00,zone_10,gym_exterior,40.7133,-74.0065,24.7,88.6,3.0,0.73,10.0,20.0,concrete,0,0.0,synthetic
2026-07-13T22:00:00,zone_11,admin_building,40.7123,-74.0055,22.3,89.1,2.8,0.33,25.0,30.0,concrete,1,0.0,synthetic
2026-07-13T22:00:00,zone_12,entrance_plaza,40.7134,-74.0066,25.5,87.7,1.6,0.28,5.0,10.0,asphalt,0,0.0,synthetic
2026-07-13T23:00:00,zone_01,playground,40.7128,-74.006,25.2,90.4,2.5,0.65,5.0,10.0,asphalt,0,0.0,synthetic
2026-07-13T23:00:00,zone_02,parking_lot,40.713,-74.0062,26.2,94.8,2.9,0.73,0.0,0.0,asphalt,0,0.0,synthetic
2026-07-13T23:00:00,zone_03,courtyard,40.7126,-74.0058,23.9,89.9,1.3,0.11,15.0,25.0,concrete,1,0.0,synthetic
2026-07-13T23:00:00,zone_04,building_roof,40.7129,-74.0059,27.0,94.2,2.6,0.48,0.0,0.0,concrete,0,0.0,synthetic
2026-07-13T23:00:00,zone_05,sports_field,40.7131,-74.0061,22.6,90.1,3.0,0.41,0.0,5.0,grass,0,0.0,synthetic
2026-07-13T23:00:00,zone_06,library_exterior,40.7127,-74.0057,22.6,84.3,1.6,0.2,20.0,35.0,concrete,4,0.0,synthetic
2026-07-13T23:00:00,zone_07,cafeteria_patio,40.7125,-74.0063,23.8,90.1,2.5,0.52,40.0,50.0,concrete,0,0.0,synthetic
2026-07-13T23:00:00,zone_08,walkway,40.7132,-74.0056,24.2,91.4,2.2,0.69,10.0,15.0,asphalt,1,0.0,synthetic
2026-07-13T23:00:00,zone_09,garden,40.7124,-74.0064,22.9,87.4,1.5,0.37,60.0,70.0,grass,2,0.0,synthetic
2026-07-13T23:00:00,zone_10,gym_exterior,40.7133,-74.0065,23.9,90.8,2.6,0.17,10.0,20.0,concrete,0,0.0,synthetic
2026-07-13T23:00:00,zone_11,admin_building,40.7123,-74.0055,24.2,91.4,1.7,0.69,25.0,30.0,concrete,1,0.0,synthetic
2026-07-13T23:00:00,zone_12,entrance_plaza,40.7134,-74.0066,25.3,86.1,3.7,0.12,5.0,10.0,asphalt,0,0.0,synthetic
2026-07-14T00:00:00,zone_01,playground,40.7128,-74.006,25.6,84.5,3.2,0.56,5.0,10.0,asphalt,0,0.0,synthetic
2026-07-14T00:00:00,zone_02,parking_lot,40.713,-74.0062,26.4,87.9,1.2,0.22,0.0,0.0,asphalt,4,0.0,synthetic
2026-07-14T00:00:00,zone_03,courtyard,40.7126,-74.0058,23.6,86.0,2.1,0.63,15.0,25.0,concrete,0,0.0,synthetic
2026-07-14T00:00:00,zone_04,building_roof,40.7129,-74.0059,27.8,90.0,1.8,0.53,0.0,0.0,concrete,0,0.0,synthetic
2026-07-14T00:00:00,zone_05,sports_field,40.7131,-74.0061,24.3,92.4,2.9,0.17,0.0,5.0,grass,2,0.0,synthetic
2026-07-14T00:00:00,zone_06,library_exterior,40.7127,-74.0057,24.5,92.0,2.2,0.71,20.0,35.0,concrete,3,0.0,synthetic
2026-07-14T00:00:00,zone_07,cafeteria_patio,40.7125,-74.0063,23.1,89.7,2.9,0.64,40.0,50.0,concrete,2,0.0,synthetic
2026-07-14T00:00:00,zone_08,walkway,40.7132,-74.0056,24.8,86.6,3.0,0.27,10.0,15.0,asphalt,0,0.0,synthetic
2026-07-14T00:00:00,zone_09,garden,40.7124,-74.0064,22.1,92.2,2.3,0.75,60.0,70.0,grass,0,0.0,synthetic
2026-07-14T00:00:00,zone_10,gym_exterior,40.7133,-74.0065,24.1,92.5,2.1,0.15,10.0,20.0,concrete,0,0.0,synthetic
2026-07-14T00:00:00,zone_11,admin_building,40.7123,-74.0055,22.9,86.2,1.6,0.58,25.0,30.0,concrete,2,0.0,synthetic
2026-07-14T00:00:00,zone_12,entrance_plaza,40.7134,-74.0066,25.8,89.4,1.9,0.61,5.0,10.0,asphalt,1,0.0,synthetic
2026-07-14T01:00:00,zone_01,playground,40.7128,-74.006,25.6,85.4,1.3,0.22,5.0,10.0,asphalt,0,0.0,synthetic
2026-07-14T01:00:00,zone_02,parking_lot,40.713,-74.0062,28.2,86.5,4.1,0.15,0.0,0.0,asphalt,0,0.0,synthetic
2026-07-14T01:00:00,zone_03,courtyard,40.7126,-74.0058,25.1,87.5,2.3,0.18,15.0,25.0,concrete,0,0.0,synthetic
2026-07-14T01:00:00,zone_04,building_roof,40.7129,-74.0059,26.8,84.0,0.3,0.55,0.0,0.0,concrete,1,0.0,synthetic
2026-07-14T01:00:00,zone_05,sports_field,40.7131,-74.0061,24.7,85.6,0.8,0.34,0.0,5.0,grass,1,0.0,synthetic
2026-07-14T01:00:00,zone_06,library_exterior,40.7127,-74.0057,24.3,89.8,4.1,0.34,20.0,35.0,concrete,1,0.0,synthetic
2026-07-14T01:00:00,zone_07,cafeteria_patio,40.7125,-74.0063,23.9,81.1,1.3,0.14,40.0,50.0,concrete,0,0.0,synthetic
2026-07-14T01:00:00,zone_08,walkway,40.7132,-74.0056,24.6,83.1,2.1,0.65,10.0,15.0,asphalt,0,0.0,synthetic
2026-07-14T01:00:00,zone_09,garden,40.7124,-74.0064,23.4,90.1,1.6,0.48,60.0,70.0,grass,0,0.0,synthetic
2026-07-14T01:00:00,zone_10,gym_exterior,40.7133,-74.0065,25.7,88.8,3.0,0.63,10.0,20.0,concrete,0,0.0,synthetic
2026-07-14T01:00:00,zone_11,admin_building,40.7123,-74.0055,24.7,88.4,2.1,0.28,25.0,30.0,concrete,0,0.0,synthetic
2026-07-14T01:00:00,zone_12,entrance_plaza,40.7134,-74.0066,26.1,84.8,1.8,0.57,5.0,10.0,asphalt,0,0.0,synthetic
2026-07-14T02:00:00,zone_01,playground,40.7128,-74.006,26.1,82.0,1.2,0.47,5.0,10.0,asphalt,1,0.0,synthetic
2026-07-14T02:00:00,zone_02,parking_lot,40.713,-74.0062,27.7,80.1,3.7,0.17,0.0,0.0,asphalt,0,0.0,synthetic
2026-07-14T02:00:00,zone_03,courtyard,40.7126,-74.0058,25.7,82.1,2.7,0.79,15.0,25.0,concrete,0,0.0,synthetic
2026-07-14T02:00:00,zone_04,building_roof,40.7129,-74.0059,27.5,83.4,1.5,0.28,0.0,0.0,concrete,0,0.0,synthetic
2026-07-14T02:00:00,zone_05,sports_field,40.7131,-74.0061,24.8,87.0,2.6,0.61,0.0,5.0,grass,0,0.0,synthetic
2026-07-14T02:00:00,zone_06,library_exterior,40.7127,-74.0057,25.1,80.8,1.4,0.63,20.0,35.0,concrete,0,0.0,synthetic
2026-07-14T02:00:00,zone_07,cafeteria_patio,40.7125,-74.0063,25.2,86.4,1.3,0.2,40.0,50.0,concrete,0,0.0,synthetic
2026-07-14T02:00:00,zone_08,walkway,40.7132,-74.0056,25.6,82.2,2.8,0.5,10.0,15.0,asphalt,1,0.0,synthetic
2026-07-14T02:00:00,zone_09,garden,40.7124,-74.0064,24.4,84.1,0.0,0.43,60.0,70.0,grass,0,0.0,synthetic
2026-07-14T02:00:00,zone_10,gym_exterior,40.7133,-74.0065,24.4,83.6,2.1,0.27,10.0,20.0,concrete,0,0.0,synthetic
2026-07-14T02:00:00,zone_11,admin_building,40.7123,-74.0055,25.9,85.0,1.6,0.73,25.0,30.0,concrete,0,0.0,synthetic
2026-07-14T02:00:00,zone_12,entrance_plaza,40.7134,-74.0066,26.2,83.7,2.1,0.48,5.0,10.0,asphalt,0,0.0,synthetic
2026-07-14T03:00:00,zone_01,playground,40.7128,-74.006,28.1,73.1,1.3,0.72,5.0,10.0,asphalt,0,0.0,synthetic
2026-07-14T03:00:00,zone_02,parking_lot,40.713,-74.0062,29.2,74.9,0.5,0.64,0.0,0.0,asphalt,0,0.0,synthetic
2026-07-14T03:00:00,zone_03,courtyard,40.7126,-74.0058,27.4,77.5,4.6,0.63,15.0,25.0,concrete,0,0.0,synthetic
2026-07-14T03:00:00,zone_04,building_roof,40.7129,-74.0059,30.3,81.9,3.2,0.16,0.0,0.0,concrete,0,0.0,synthetic
2026-07-14T03:00:00,zone_05,sports_field,40.7131,-74.0061,25.4,72.2,2.1,0.61,0.0,5.0,grass,2,0.0,synthetic
2026-07-14T03:00:00,zone_06,library_exterior,40.7127,-74.0057,26.3,76.4,1.8,0.12,20.0,35.0,concrete,0,0.0,synthetic
2026-07-14T03:00:00,zone_07,cafeteria_patio,40.7125,-74.0063,26.7,75.8,0.1,0.57,40.0,50.0,concrete,0,0.0,synthetic
2026-07-14T03:00:00,zone_08,walkway,40.7132,-74.0056,27.4,75.0,1.7,0.56,10.0,15.0,asphalt,0,0.0,synthetic
2026-07-14T03:00:00,zone_09,garden,40.7124,-74.0064,25.2,79.1,1.1,0.19,60.0,70.0,grass,2,0.0,synthetic
2026-07-14T03:00:00,zone_10,gym_exterior,40.7133,-74.0065,26.9,76.5,2.1,0.55,10.0,20.0,concrete,0,0.0,synthetic
2026-07-14T03:00:00,zone_11,admin_building,40.7123,-74.0055,26.6,81.6,1.3,0.23,25.0,30.0,concrete,2,0.0,synthetic
2026-07-14T03:00:00,zone_12,entrance_plaza,40.7134,-74.0066,27.6,76.7,3.1,0.73,5.0,10.0,asphalt,0,0.0,synthetic
2026-07-14T04:00:00,zone_01,playground,40.7128,-74.006,28.5,73.5,1.7,0.78,5.0,10.0,asphalt,0,0.0,synthetic
2026-07-14T04:00:00,zone_02,parking_lot,40.713,-74.0062,29.5,72.1,1.7,0.73,0.0,0.0,asphalt,2,0.0,synthetic
2026-07-14T04:00:00,zone_03,courtyard,40.7126,-74.0058,27.4,67.1,3.0,0.71,15.0,25.0,concrete,0,0.0,synthetic
2026-07-14T04:00:00,zone_04,building_roof,40.7129,-74.0059,30.0,72.6,2.3,0.53,0.0,0.0,concrete,0,0.0,synthetic
2026-07-14T04:00:00,zone_05,sports_field,40.7131,-74.0061,27.1,75.9,0.0,0.59,0.0,5.0,grass,2,0.0,synthetic
2026-07-14T04:00:00,zone_06,library_exterior,40.7127,-74.0057,27.5,75.0,0.0,0.22,20.0,35.0,concrete,0,0.0,synthetic
2026-07-14T04:00:00,zone_07,cafeteria_patio,40.7125,-74.0063,26.9,72.7,2.6,0.65,40.0,50.0,concrete,1,0.0,synthetic
2026-07-14T04:00:00,zone_08,walkway,40.7132,-74.0056,28.3,73.3,3.3,0.29,10.0,15.0,asphalt,1,0.0,synthetic
2026-07-14T04:00:00,zone_09,garden,40.7124,-74.0064,26.6,73.6,1.5,0.58,60.0,70.0,grass,1,0.0,synthetic
2026-07-14T04:00:00,zone_10,gym_exterior,40.7133,-74.0065,28.4,68.8,4.3,0.39,10.0,20.0,concrete,0,0.0,synthetic
2026-07-14T04:00:00,zone_11,admin_building,40.7123,-74.0055,27.1,70.3,2.2,0.69,25.0,30.0,concrete,0,0.0,synthetic
2026-07-14T04:00:00,zone_12,entrance_plaza,40.7134,-74.0066,30.0,70.6,1.5,0.26,5.0,10.0,asphalt,0,0.0,synthetic
2026-07-14T05:00:00,zone_01,playground,40.7128,-74.006,29.3,63.5,3.3,0.53,5.0,10.0,asphalt,0,0.0,synthetic
2026-07-14T05:00:00,zone_02,parking_lot,40.713,-74.0062,31.6,63.0,2.7,0.3,0.0,0.0,asphalt,0,0.0,synthetic
2026-07-14T05:00:00,zone_03,courtyard,40.7126,-74.0058,29.5,67.8,2.2,0.44,15.0,25.0,concrete,0,0.0,synthetic
2026-07-14T05:00:00,zone_04,building_roof,40.7129,-74.0059,31.6,66.3,2.5,0.32,0.0,0.0,concrete,0,0.0,synthetic
2026-07-14T05:00:00,zone_05,sports_field,40.7131,-74.0061,27.3,65.0,1.8,0.1,0.0,5.0,grass,4,0.0,synthetic
2026-07-14T05:00:00,zone_06,library_exterior,40.7127,-74.0057,28.3,70.5,1.3,0.25,20.0,35.0,concrete,0,0.0,synthetic
2026-07-14T05:00:00,zone_07,cafeteria_patio,40.7125,-74.0063,28.0,64.8,0.7,0.45,40.0,50.0,concrete,0,0.0,synthetic
2026-07-14T05:00:00,zone_08,walkway,40.7132,-74.0056,30.1,63.5,1.5,0.6,10.0,15.0,asphalt,0,0.0,synthetic
2026-07-14T05:00:00,zone_09,garden,40.7124,-74.0064,28.2,64.1,1.0,0.45,60.0,70.0,grass,3,0.0,synthetic
2026-07-14T05:00:00,zone_10,gym_exterior,40.7133,-74.0065,29.2,65.6,2.9,0.33,10.0,20.0,concrete,0,0.0,synthetic
2026-07-14T05:00:00,zone_11,admin_building,40.7123,-74.0055,28.5,67.7,2.4,0.78,25.0,30.0,concrete,0,0.0,synthetic
2026-07-14T05:00:00,zone_12,entrance_plaza,40.7134,-74.0066,30.5,62.0,2.6,0.18,5.0,10.0,asphalt,0,0.0,synthetic
2026-07-14T06:00:00,zone_01,playground,40.7128,-74.006,30.9,56.7,3.1,0.46,5.0,10.0,asphalt,8,0.0,synthetic
2026-07-14T06:00:00,zone_02,parking_lot,40.713,-74.0062,32.8,56.5,1.6,0.15,0.0,0.0,asphalt,1,0.0,synthetic
2026-07-14T06:00:00,zone_03,courtyard,40.7126,-74.0058,30.6,56.3,3.0,0.27,15.0,25.0,concrete,8,0.0,synthetic
2026-07-14T06:00:00,zone_04,building_roof,40.7129,-74.0059,33.4,58.3,2.4,0.51,0.0,0.0,concrete,0,0.0,synthetic
2026-07-14T06:00:00,zone_05,sports_field,40.7131,-74.0061,29.7,55.4,1.9,0.7,0.0,5.0,grass,13,0.0,synthetic
2026-07-14T06:00:00,zone_06,library_exterior,40.7127,-74.0057,30.3,53.8,4.2,0.1,20.0,35.0,concrete,3,0.0,synthetic
2026-07-14T06:00:00,zone_07,cafeteria_patio,40.7125,-74.0063,29.2,55.7,1.7,0.32,40.0,50.0,concrete,6,0.0,synthetic
2026-07-14T06:00:00,zone_08,walkway,40.7132,-74.0056,30.8,58.9,2.2,0.21,10.0,15.0,asphalt,2,0.0,synthetic
2026-07-14T06:00:00,zone_09,garden,40.7124,-74.0064,29.9,57.5,2.1,0.17,60.0,70.0,grass,1,0.0,synthetic
2026-07-14T06:00:00,zone_10,gym_exterior,40.7133,-74.0065,30.4,58.1,2.2,0.56,10.0,20.0,concrete,4,0.0,synthetic
2026-07-14T06:00:00,zone_11,admin_building,40.7123,-74.0055,29.0,60.0,0.7,0.2,25.0,30.0,concrete,5,0.0,synthetic
2026-07-14T06:00:00,zone_12,entrance_plaza,40.7134,-74.0066,31.4,59.7,2.5,0.56,5.0,10.0,asphalt,3,0.0,synthetic
2026-07-14T07:00:00,zone_01,playground,40.7128,-74.006,31.9,58.0,3.6,0.62,5.0,10.0,asphalt,23,1.0,synthetic
2026-07-14T07:00:00,zone_02,parking_lot,40.713,-74.0062,34.3,52.5,1.9,0.67,0.0,0.0,asphalt,4,1.0,synthetic
2026-07-14T07:00:00,zone_03,courtyard,40.7126,-74.0058,31.9,61.5,2.1,0.73,15.0,25.0,concrete,12,1.0,synthetic
2026-07-14T07:00:00,zone_04,building_roof,40.7129,-74.0059,34.8,54.5,1.6,0.26,0.0,0.0,concrete,0,1.0,synthetic
2026-07-14T07:00:00,zone_05,sports_field,40.7131,-74.0061,31.4,47.2,2.9,0.41,0.0,5.0,grass,32,1.0,synthetic
2026-07-14T07:00:00,zone_06,library_exterior,40.7127,-74.0057,31.0,51.7,0.5,0.11,20.0,35.0,concrete,9,1.0,synthetic
2026-07-14T07:00:00,zone_07,cafeteria_patio,40.7125,-74.0063,30.8,51.8,2.6,0.21,40.0,50.0,concrete,17,1.0,synthetic
2026-07-14T07:00:00,zone_08,walkway,40.7132,-74.0056,31.6,52.7,2.5,0.16,10.0,15.0,asphalt,9,1.0,synthetic
2026-07-14T07:00:00,zone_09,garden,40.7124,-74.0064,30.1,56.0,0.4,0.64,60.0,70.0,grass,4,1.0,synthetic
2026-07-14T07:00:00,zone_10,gym_exterior,40.7133,-74.0065,32.2,49.7,2.5,0.29,10.0,20.0,concrete,13,1.0,synthetic
2026-07-14T07:00:00,zone_11,admin_building,40.7123,-74.0055,30.3,47.3,0.7,0.42,25.0,30.0,concrete,6,1.0,synthetic
2026-07-14T07:00:00,zone_12,entrance_plaza,40.7134,-74.0066,34.6,55.7,2.1,0.26,5.0,10.0,asphalt,12,1.0,synthetic
2026-07-14T08:00:00,zone_01,playground,40.7128,-74.006,34.1,49.1,3.1,0.2,5.0,10.0,asphalt,62,1.0,synthetic
2026-07-14T08:00:00,zone_02,parking_lot,40.713,-74.0062,35.4,46.5,2.2,0.59,0.0,0.0,asphalt,9,1.0,synthetic
2026-07-14T08:00:00,zone_03,courtyard,40.7126,-74.0058,34.0,45.9,1.3,0.4,15.0,25.0,concrete,36,1.0,synthetic
2026-07-14T08:00:00,zone_04,building_roof,40.7129,-74.0059,35.8,49.0,1.0,0.24,0.0,0.0,concrete,4,1.0,synthetic
2026-07-14T08:00:00,zone_05,sports_field,40.7131,-74.0061,32.0,50.2,3.8,0.19,0.0,5.0,grass,95,1.0,synthetic
2026-07-14T08:00:00,zone_06,library_exterior,40.7127,-74.0057,32.1,46.8,2.2,0.68,20.0,35.0,concrete,24,1.0,synthetic
2026-07-14T08:00:00,zone_07,cafeteria_patio,40.7125,-74.0063,32.0,50.6,0.0,0.67,40.0,50.0,concrete,48,1.0,synthetic
2026-07-14T08:00:00,zone_08,walkway,40.7132,-74.0056,33.6,44.2,1.4,0.64,10.0,15.0,asphalt,21,1.0,synthetic
2026-07-14T08:00:00,zone_09,garden,40.7124,-74.0064,30.7,49.6,1.2,0.72,60.0,70.0,grass,14,1.0,synthetic
2026-07-14T08:00:00,zone_10,gym_exterior,40.7133,-74.0065,32.6,42.4,2.9,0.47,10.0,20.0,concrete,32,1.0,synthetic
2026-07-14T08:00:00,zone_11,admin_building,40.7123,-74.0055,32.6,46.3,1.5,0.41,25.0,30.0,concrete,16,1.0,synthetic
2026-07-14T08:00:00,zone_12,entrance_plaza,40.7134,-74.0066,34.9,52.0,1.8,0.3,5.0,10.0,asphalt,28,1.0,synthetic
2026-07-14T09:00:00,zone_01,playground,40.7128,-74.006,33.3,40.9,2.8,0.63,5.0,10.0,asphalt,82,1.0,synthetic
2026-07-14T09:00:00,zone_02,parking_lot,40.713,-74.0062,36.0,43.2,2.7,0.47,0.0,0.0,asphalt,9,1.0,synthetic
2026-07-14T09:00:00,zone_03,courtyard,40.7126,-74.0058,33.3,47.4,2.9,0.15,15.0,25.0,concrete,46,1.0,synthetic
2026-07-14T09:00:00,zone_04,building_roof,40.7129,-74.0059,36.6,48.8,1.6,0.36,0.0,0.0,concrete,5,1.0,synthetic
2026-07-14T09:00:00,zone_05,sports_field,40.7131,-74.0061,32.1,43.3,2.0,0.51,0.0,5.0,grass,118,1.0,synthetic
2026-07-14T09:00:00,zone_06,library_exterior,40.7127,-74.0057,33.4,38.9,1.9,0.7,20.0,35.0,concrete,31,1.0,synthetic
2026-07-14T09:00:00,zone_07,cafeteria_patio,40.7125,-74.0063,32.6,40.6,0.4,0.33,40.0,50.0,concrete,63,1.0,synthetic
2026-07-14T09:00:00,zone_08,walkway,40.7132,-74.0056,33.4,41.1,2.9,0.57,10.0,15.0,asphalt,25,1.0,synthetic
2026-07-14T09:00:00,zone_09,garden,40.7124,-74.0064,32.0,43.0,1.8,0.5,60.0,70.0,grass,16,1.0,synthetic
2026-07-14T09:00:00,zone_10,gym_exterior,40.7133,-74.0065,34.1,42.8,1.1,0.22,10.0,20.0,concrete,38,1.0,synthetic
2026-07-14T09:00:00,zone_11,admin_building,40.7123,-74.0055,33.2,40.0,0.4,0.38,25.0,30.0,concrete,20,1.0,synthetic
2026-07-14T09:00:00,zone_12,entrance_plaza,40.7134,-74.0066,34.7,46.5,1.8,0.57,5.0,10.0,asphalt,36,1.0,synthetic
2026-07-14T10:00:00,zone_01,playground,40.7128,-74.006,34.8,42.1,0.8,0.29,5.0,10.0,asphalt,82,1.0,synthetic
2026-07-14T10:00:00,zone_02,parking_lot,40.713,-74.0062,36.5,41.0,2.7,0.74,0.0,0.0,asphalt,10,1.0,synthetic
2026-07-14T10:00:00,zone_03,courtyard,40.7126,-74.0058,33.5,36.4,2.3,0.17,15.0,25.0,concrete,49,1.0,synthetic
2026-07-14T10:00:00,zone_04,building_roof,40.7129,-74.0059,37.8,37.6,2.0,0.75,0.0,0.0,concrete,4,1.0,synthetic
2026-07-14T10:00:00,zone_05,sports_field,40.7131,-74.0061,33.2,43.0,3.9,0.34,0.0,5.0,grass,120,1.0,synthetic
2026-07-14T10:00:00,zone_06,library_exterior,40.7127,-74.0057,33.6,38.6,2.0,0.34,20.0,35.0,concrete,30,1.0,synthetic
2026-07-14T10:00:00,zone_07,cafeteria_patio,40.7125,-74.0063,32.2,41.9,2.7,0.2,40.0,50.0,concrete,60,1.0,synthetic
2026-07-14T10:00:00,zone_08,walkway,40.7132,-74.0056,34.6,40.8,3.4,0.4,10.0,15.0,asphalt,26,1.0,synthetic
2026-07-14T10:00:00,zone_09,garden,40.7124,-74.0064,31.9,41.7,2.8,0.24,60.0,70.0,grass,15,1.0,synthetic
2026-07-14T10:00:00,zone_10,gym_exterior,40.7133,-74.0065,33.0,34.5,2.5,0.63,10.0,20.0,concrete,40,1.0,synthetic
2026-07-14T10:00:00,zone_11,admin_building,40.7123,-74.0055,33.1,40.3,3.3,0.59,25.0,30.0,concrete,18,1.0,synthetic
2026-07-14T10:00:00,zone_12,entrance_plaza,40.7134,-74.0066,35.3,42.4,2.6,0.21,5.0,10.0,asphalt,39,1.0,synthetic
2026-07-14T11:00:00,zone_01,playground,40.7128,-74.006,36.1,34.3,1.9,0.79,5.0,10.0,asphalt,72,1.0,synthetic
2026-07-14T11:00:00,zone_02,parking_lot,40.713,-74.0062,35.7,40.8,1.6,0.42,0.0,0.0,asphalt,9,1.0,synthetic
2026-07-14T11:00:00,zone_03,courtyard,40.7126,-74.0058,34.0,38.8,1.5,0.43,15.0,25.0,concrete,40,1.0,synthetic
2026-07-14T11:00:00,zone_04,building_roof,40.7129,-74.0059,37.3,39.1,1.8,0.51,0.0,0.0,concrete,2,1.0,synthetic
2026-07-14T11:00:00,zone_05,sports_field,40.7131,-74.0061,34.1,40.2,1.4,0.65,0.0,5.0,grass,106,1.0,synthetic
2026-07-14T11:00:00,zone_06,library_exterior,40.7127,-74.0057,32.6,42.1,2.1,0.7,20.0,35.0,concrete,27,1.0,synthetic
2026-07-14T11:00:00,zone_07,cafeteria_patio,40.7125,-74.0063,32.5,40.3,3.5,0.59,40.0,50.0,concrete,54,1.0,synthetic
2026-07-14T11:00:00,zone_08,walkway,40.7132,-74.0056,34.5,40.9,0.3,0.43,10.0,15.0,asphalt,21,1.0,synthetic
2026-07-14T11:00:00,zone_09,garden,40.7124,-74.0064,31.7,42.9,1.3,0.14,60.0,70.0,grass,12,1.0,synthetic
2026-07-14T11:00:00,zone_10,gym_exterior,40.7133,-74.0065,33.9,39.9,1.2,0.24,10.0,20.0,concrete,38,1.0,synthetic
2026-07-14T11:00:00,zone_11,admin_building,40.7123,-74.0055,33.8,40.1,1.9,0.64,25.0,30.0,concrete,21,1.0,synthetic
2026-07-14T11:00:00,zone_12,entrance_plaza,40.7134,-74.0066,35.8,40.9,2.4,0.31,5.0,10.0,asphalt,31,1.0,synthetic
2026-07-14T12:00:00,zone_01,playground,40.7128,-74.006,34.8,41.5,2.2,0.44,5.0,10.0,asphalt,56,1.0,synthetic
2026-07-14T12:00:00,zone_02,parking_lot,40.713,-74.0062,37.3,42.3,1.3,0.17,0.0,0.0,asphalt,5,1.0,synthetic
2026-07-14T12:00:00,zone_03,courtyard,40.7126,-74.0058,33.3,42.3,2.5,0.33,15.0,25.0,concrete,31,1.0,synthetic
2026-07-14T12:00:00,zone_04,building_roof,40.7129,-74.0059,35.8,44.7,1.8,0.39,0.0,0.0,concrete,2,1.0,synthetic
2026-07-14T12:00:00,zone_05,sports_field,40.7131,-74.0061,33.2,42.9,3.3,0.63,0.0,5.0,grass,83,1.0,synthetic
2026-07-14T12:00:00,zone_06,library_exterior,40.7127,-74.0057,33.4,44.8,2.0,0.29,20.0,35.0,concrete,23,1.0,synthetic
2026-07-14T12:00:00,zone_07,cafeteria_patio,40.7125,-74.0063,32.6,38.7,1.7,0.14,40.0,50.0,concrete,42,1.0,synthetic
2026-07-14T12:00:00,zone_08,walkway,40.7132,-74.0056,34.9,41.7,1.2,0.2,10.0,15.0,asphalt,17,1.0,synthetic
2026-07-14T12:00:00,zone_09,garden,40.7124,-74.0064,32.2,40.6,1.6,0.27,60.0,70.0,grass,10,1.0,synthetic
2026-07-14T12:00:00,zone_10,gym_exterior,40.7133,-74.0065,33.6,38.5,2.8,0.37,10.0,20.0,concrete,28,1.0,synthetic
2026-07-14T12:00:00,zone_11,admin_building,40.7123,-74.0055,33.3,43.3,1.4,0.53,25.0,30.0,concrete,12,1.0,synthetic
2026-07-14T12:00:00,zone_12,entrance_plaza,40.7134,-74.0066,36.1,37.5,2.8,0.34,5.0,10.0,asphalt,22,1.0,synthetic
2026-07-14T13:00:00,zone_01,playground,40.7128,-74.006,35.4,38.3,0.9,0.69,5.0,10.0,asphalt,73,1.0,synthetic
2026-07-14T13:00:00,zone_02,parking_lot,40.713,-74.0062,35.4,45.7,0.8,0.47,0.0,0.0,asphalt,9,1.0,synthetic
2026-07-14T13:00:00,zone_03,courtyard,40.7126,-74.0058,33.2,39.7,3.6,0.23,15.0,25.0,concrete,39,1.0,synthetic
2026-07-14T13:00:00,zone_04,building_roof,40.7129,-74.0059,36.1,46.3,3.5,0.54,0.0,0.0,concrete,4,1.0,synthetic
2026-07-14T13:00:00,zone_05,sports_field,40.7131,-74.0061,32.4,38.7,2.8,0.33,0.0,5.0,grass,105,1.0,synthetic
2026-07-14T13:00:00,zone_06,library_exterior,40.7127,-74.0057,33.4,48.2,1.6,0.26,20.0,35.0,concrete,26,1.0,synthetic
2026-07-14T13:00:00,zone_07,cafeteria_patio,40.7125,-74.0063,32.8,36.1,3.6,0.23,40.0,50.0,concrete,54,1.0,synthetic
2026-07-14T13:00:00,zone_08,walkway,40.7132,-74.0056,33.8,44.7,3.1,0.66,10.0,15.0,asphalt,20,1.0,synthetic
2026-07-14T13:00:00,zone_09,garden,40.7124,-74.0064,32.5,41.3,2.3,0.12,60.0,70.0,grass,13,1.0,synthetic
2026-07-14T13:00:00,zone_10,gym_exterior,40.7133,-74.0065,33.8,45.2,3.2,0.79,10.0,20.0,concrete,37,1.0,synthetic
2026-07-14T13:00:00,zone_11,admin_building,40.7123,-74.0055,32.6,43.0,1.4,0.31,25.0,30.0,concrete,18,1.0,synthetic
2026-07-14T13:00:00,zone_12,entrance_plaza,40.7134,-74.0066,34.0,45.7,2.9,0.39,5.0,10.0,asphalt,32,1.0,synthetic
2026-07-14T14:00:00,zone_01,playground,40.7128,-74.006,33.7,48.3,0.8,0.31,5.0,10.0,asphalt,78,1.0,synthetic
2026-07-14T14:00:00,zone_02,parking_lot,40.713,-74.0062,35.3,48.6,2.9,0.2,0.0,0.0,asphalt,7,1.0,synthetic
2026-07-14T14:00:00,zone_03,courtyard,40.7126,-74.0058,32.6,47.3,1.5,0.11,15.0,25.0,concrete,44,1.0,synthetic
2026-07-14T14:00:00,zone_04,building_roof,40.7129,-74.0059,36.0,51.3,2.5,0.31,0.0,0.0,concrete,4,1.0,synthetic
2026-07-14T14:00:00,zone_05,sports_field,40.7131,-74.0061,31.9,44.1,1.8,0.36,0.0,5.0,grass,120,1.0,synthetic
2026-07-14T14:00:00,zone_06,library_exterior,40.7127,-74.0057,32.5,48.7,3.7,0.5,20.0,35.0,concrete,30,1.0,synthetic
2026-07-14T14:00:00,zone_07,cafeteria_patio,40.7125,-74.0063,32.5,44.7,3.0,0.53,40.0,50.0,concrete,63,1.0,synthetic
2026-07-14T14:00:00,zone_08,walkway,40.7132,-74.0056,32.5,52.0,1.7,0.19,10.0,15.0,asphalt,26,1.0,synthetic
2026-07-14T14:00:00,zone_09,garden,40.7124,-74.0064,30.2,51.4,1.7,0.57,60.0,70.0,grass,17,1.0,synthetic
2026-07-14T14:00:00,zone_10,gym_exterior,40.7133,-74.0065,32.2,45.3,3.5,0.56,10.0,20.0,concrete,37,1.0,synthetic
2026-07-14T14:00:00,zone_11,admin_building,40.7123,-74.0055,32.2,47.4,2.4,0.18,25.0,30.0,concrete,20,1.0,synthetic
2026-07-14T14:00:00,zone_12,entrance_plaza,40.7134,-74.0066,34.0,46.1,2.1,0.46,5.0,10.0,asphalt,33,1.0,synthetic
2026-07-14T15:00:00,zone_01,playground,40.7128,-74.006,33.3,53.9,1.7,0.28,5.0,10.0,asphalt,63,1.0,synthetic
2026-07-14T15:00:00,zone_02,parking_lot,40.713,-74.0062,34.1,48.6,0.5,0.6,0.0,0.0,asphalt,8,1.0,synthetic
2026-07-14T15:00:00,zone_03,courtyard,40.7126,-74.0058,31.9,51.8,0.0,0.28,15.0,25.0,concrete,36,1.0,synthetic
2026-07-14T15:00:00,zone_04,building_roof,40.7129,-74.0059,34.3,51.8,1.9,0.65,0.0,0.0,concrete,4,1.0,synthetic
2026-07-14T15:00:00,zone_05,sports_field,40.7131,-74.0061,31.0,52.3,0.1,0.3,0.0,5.0,grass,99,1.0,synthetic
2026-07-14T15:00:00,zone_06,library_exterior,40.7127,-74.0057,31.7,50.5,2.0,0.13,20.0,35.0,concrete,24,1.0,synthetic
2026-07-14T15:00:00,zone_07,cafeteria_patio,40.7125,-74.0063,31.5,53.3,2.6,0.72,40.0,50.0,concrete,48,1.0,synthetic
2026-07-14T15:00:00,zone_08,walkway,40.7132,-74.0056,31.9,56.9,2.1,0.45,10.0,15.0,asphalt,17,1.0,synthetic
2026-07-14T15:00:00,zone_09,garden,40.7124,-74.0064,29.4,53.8,1.4,0.53,60.0,70.0,grass,16,1.0,synthetic
2026-07-14T15:00:00,zone_10,gym_exterior,40.7133,-74.0065,31.5,47.9,2.4,0.44,10.0,20.0,concrete,32,1.0,synthetic
2026-07-14T15:00:00,zone_11,admin_building,40.7123,-74.0055,30.6,54.5,2.0,0.3,25.0,30.0,concrete,16,1.0,synthetic
2026-07-14T15:00:00,zone_12,entrance_plaza,40.7134,-74.0066,32.4,55.2,1.4,0.79,5.0,10.0,asphalt,29,1.0,synthetic
2026-07-14T16:00:00,zone_01,playground,40.7128,-74.006,31.8,59.5,1.8,0.62,5.0,10.0,asphalt,39,1.0,synthetic
2026-07-14T16:00:00,zone_02,parking_lot,40.713,-74.0062,32.2,60.2,0.7,0.53,0.0,0.0,asphalt,4,1.0,synthetic
2026-07-14T16:00:00,zone_03,courtyard,40.7126,-74.0058,29.6,55.3,1.6,0.24,15.0,25.0,concrete,20,1.0,synthetic
2026-07-14T16:00:00,zone_04,building_roof,40.7129,-74.0059,33.2,61.0,0.7,0.55,0.0,0.0,concrete,1,1.0,synthetic
2026-07-14T16:00:00,zone_05,sports_field,40.7131,-74.0061,29.6,64.4,2.0,0.53,0.0,5.0,grass,60,1.0,synthetic
2026-07-14T16:00:00,zone_06,library_exterior,40.7127,-74.0057,29.1,56.9,1.9,0.67,20.0,35.0,concrete,14,1.0,synthetic
2026-07-14T16:00:00,zone_07,cafeteria_patio,40.7125,-74.0063,29.6,57.7,1.7,0.23,40.0,50.0,concrete,30,1.0,synthetic
2026-07-14T16:00:00,zone_08,walkway,40.7132,-74.0056,30.4,61.0,1.5,0.37,10.0,15.0,asphalt,10,1.0,synthetic
2026-07-14T16:00:00,zone_09,garden,40.7124,-74.0064,28.9,61.3,2.9,0.77,60.0,70.0,grass,3,1.0,synthetic
2026-07-14T16:00:00,zone_10,gym_exterior,40.7133,-74.0065,30.4,57.7,1.7,0.39,10.0,20.0,concrete,20,1.0,synthetic
2026-07-14T16:00:00,zone_11,admin_building,40.7123,-74.0055,30.0,57.3,2.6,0.4,25.0,30.0,concrete,10,1.0,synthetic
2026-07-14T16:00:00,zone_12,entrance_plaza,40.7134,-74.0066,30.7,60.3,0.8,0.46,5.0,10.0,asphalt,17,1.0,synthetic
2026-07-14T17:00:00,zone_01,playground,40.7128,-74.006,29.2,63.7,1.5,0.46,5.0,10.0,asphalt,23,1.0,synthetic
2026-07-14T17:00:00,zone_02,parking_lot,40.713,-74.0062,31.5,66.9,2.2,0.14,0.0,0.0,asphalt,3,1.0,synthetic
2026-07-14T17:00:00,zone_03,courtyard,40.7126,-74.0058,29.4,67.5,3.3,0.16,15.0,25.0,concrete,14,1.0,synthetic
2026-07-14T17:00:00,zone_04,building_roof,40.7129,-74.0059,31.7,66.3,2.5,0.45,0.0,0.0,concrete,1,1.0,synthetic
2026-07-14T17:00:00,zone_05,sports_field,40.7131,-74.0061,28.1,64.9,1.3,0.22,0.0,5.0,grass,36,1.0,synthetic
2026-07-14T17:00:00,zone_06,library_exterior,40.7127,-74.0057,29.2,62.5,2.3,0.19,20.0,35.0,concrete,9,1.0,synthetic
2026-07-14T17:00:00,zone_07,cafeteria_patio,40.7125,-74.0063,28.3,63.7,2.3,0.32,40.0,50.0,concrete,18,1.0,synthetic
2026-07-14T17:00:00,zone_08,walkway,40.7132,-74.0056,29.1,66.9,0.3,0.42,10.0,15.0,asphalt,7,1.0,synthetic
2026-07-14T17:00:00,zone_09,garden,40.7124,-74.0064,27.9,67.3,2.8,0.28,60.0,70.0,grass,4,1.0,synthetic
2026-07-14T17:00:00,zone_10,gym_exterior,40.7133,-74.0065,29.5,60.9,1.5,0.53,10.0,20.0,concrete,12,1.0,synthetic
2026-07-14T17:00:00,zone_11,admin_building,40.7123,-74.0055,29.3,62.9,2.2,0.1,25.0,30.0,concrete,8,1.0,synthetic
2026-07-14T17:00:00,zone_12,entrance_plaza,40.7134,-74.0066,31.2,67.2,1.8,0.78,5.0,10.0,asphalt,7,1.0,synthetic
2026-07-14T18:00:00,zone_01,playground,40.7128,-74.006,28.2,69.3,2.3,0.76,5.0,10.0,asphalt,6,0.0,synthetic
2026-07-14T18:00:00,zone_02,parking_lot,40.713,-74.0062,29.4,74.1,3.3,0.52,0.0,0.0,asphalt,3,0.0,synthetic
2026-07-14T18:00:00,zone_03,courtyard,40.7126,-74.0058,27.9,68.4,1.7,0.48,15.0,25.0,concrete,4,0.0,synthetic
2026-07-14T18:00:00,zone_04,building_roof,40.7129,-74.0059,30.4,72.5,2.5,0.51,0.0,0.0,concrete,0,0.0,synthetic
2026-07-14T18:00:00,zone_05,sports_field,40.7131,-74.0061,27.5,75.4,2.8,0.42,0.0,5.0,grass,12,0.0,synthetic
2026-07-14T18:00:00,zone_06,library_exterior,40.7127,-74.0057,27.2,70.1,3.6,0.13,20.0,35.0,concrete,2,0.0,synthetic
2026-07-14T18:00:00,zone_07,cafeteria_patio,40.7125,-74.0063,26.3,72.9,2.3,0.63,40.0,50.0,concrete,4,0.0,synthetic
2026-07-14T18:00:00,zone_08,walkway,40.7132,-74.0056,28.6,66.1,2.0,0.16,10.0,15.0,asphalt,2,0.0,synthetic
2026-07-14T18:00:00,zone_09,garden,40.7124,-74.0064,26.3,72.2,2.1,0.47,60.0,70.0,grass,1,0.0,synthetic
2026-07-14T18:00:00,zone_10,gym_exterior,40.7133,-74.0065,26.7,72.7,4.2,0.75,10.0,20.0,concrete,3,0.0,synthetic
2026-07-14T18:00:00,zone_11,admin_building,40.7123,-74.0055,27.8,72.3,2.1,0.34,25.0,30.0,concrete,4,0.0,synthetic
2026-07-14T18:00:00,zone_12,entrance_plaza,40.7134,-74.0066,28.8,77.6,1.8,0.8,5.0,10.0,asphalt,2,0.0,synthetic
2026-07-14T19:00:00,zone_01,playground,40.7128,-74.006,27.5,76.8,2.4,0.5,5.0,10.0,asphalt,1,0.0,synthetic
2026-07-14T19:00:00,zone_02,parking_lot,40.713,-74.0062,28.7,82.7,3.9,0.47,0.0,0.0,asphalt,0,0.0,synthetic
2026-07-14T19:00:00,zone_03,courtyard,40.7126,-74.0058,26.3,78.7,4.4,0.17,15.0,25.0,concrete,0,0.0,synthetic
2026-07-14T19:00:00,zone_04,building_roof,40.7129,-74.0059,29.1,77.8,4.1,0.71,0.0,0.0,concrete,3,0.0,synthetic
2026-07-14T19:00:00,zone_05,sports_field,40.7131,-74.0061,25.5,80.0,2.2,0.52,0.0,5.0,grass,1,0.0,synthetic
2026-07-14T19:00:00,zone_06,library_exterior,40.7127,-74.0057,26.4,76.8,1.8,0.7,20.0,35.0,concrete,0,0.0,synthetic
2026-07-14T19:00:00,zone_07,cafeteria_patio,40.7125,-74.0063,25.2,77.4,3.2,0.3,40.0,50.0,concrete,2,0.0,synthetic
2026-07-14T19:00:00,zone_08,walkway,40.7132,-74.0056,26.4,76.5,1.6,0.77,10.0,15.0,asphalt,0,0.0,synthetic
2026-07-14T19:00:00,zone_09,garden,40.7124,-74.0064,24.6,80.8,2.1,0.42,60.0,70.0,grass,0,0.0,synthetic
2026-07-14T19:00:00,zone_10,gym_exterior,40.7133,-74.0065,25.5,74.9,1.4,0.47,10.0,20.0,concrete,0,0.0,synthetic
2026-07-14T19:00:00,zone_11,admin_building,40.7123,-74.0055,26.9,78.0,3.4,0.5,25.0,30.0,concrete,0,0.0,synthetic
2026-07-14T19:00:00,zone_12,entrance_plaza,40.7134,-74.0066,27.9,78.8,3.4,0.16,5.0,10.0,asphalt,2,0.0,synthetic
2026-07-14T20:00:00,zone_01,playground,40.7128,-74.006,25.5,84.8,4.0,0.74,5.0,10.0,asphalt,0,0.0,synthetic
2026-07-14T20:00:00,zone_02,parking_lot,40.713,-74.0062,28.1,82.6,0.9,0.23,0.0,0.0,asphalt,0,0.0,synthetic
2026-07-14T20:00:00,zone_03,courtyard,40.7126,-74.0058,25.4,82.8,0.8,0.4,15.0,25.0,concrete,0,0.0,synthetic
2026-07-14T20:00:00,zone_04,building_roof,40.7129,-74.0059,28.3,87.6,1.5,0.36,0.0,0.0,concrete,0,0.0,synthetic
2026-07-14T20:00:00,zone_05,sports_field,40.7131,-74.0061,25.0,80.5,1.4,0.38,0.0,5.0,grass,0,0.0,synthetic
2026-07-14T20:00:00,zone_06,library_exterior,40.7127,-74.0057,24.4,79.9,0.0,0.39,20.0,35.0,concrete,1,0.0,synthetic
2026-07-14T20:00:00,zone_07,cafeteria_patio,40.7125,-74.0063,24.5,84.0,2.1,0.31,40.0,50.0,concrete,4,0.0,synthetic
2026-07-14T20:00:00,zone_08,walkway,40.7132,-74.0056,26.2,87.8,4.1,0.66,10.0,15.0,asphalt,0,0.0,synthetic
2026-07-14T20:00:00,zone_09,garden,40.7124,-74.0064,24.0,83.5,0.5,0.17,60.0,70.0,grass,0,0.0,synthetic
2026-07-14T20:00:00,zone_10,gym_exterior,40.7133,-74.0065,26.5,83.3,3.7,0.44,10.0,20.0,concrete,0,0.0,synthetic
2026-07-14T20:00:00,zone_11,admin_building,40.7123,-74.0055,24.2,81.1,0.5,0.55,25.0,30.0,concrete,0,0.0,synthetic
2026-07-14T20:00:00,zone_12,entrance_plaza,40.7134,-74.0066,27.3,88.7,0.9,0.39,5.0,10.0,asphalt,0,0.0,synthetic
2026-07-14T21:00:00,zone_01,playground,40.7128,-74.006,25.8,87.3,1.7,0.57,5.0,10.0,asphalt,0,0.0,synthetic
2026-07-14T21:00:00,zone_02,parking_lot,40.713,-74.0062,26.8,83.4,2.6,0.55,0.0,0.0,asphalt,0,0.0,synthetic
2026-07-14T21:00:00,zone_03,courtyard,40.7126,-74.0058,25.5,89.8,1.7,0.54,15.0,25.0,concrete,0,0.0,synthetic
2026-07-14T21:00:00,zone_04,building_roof,40.7129,-74.0059,28.3,88.3,3.0,0.41,0.0,0.0,concrete,0,0.0,synthetic
2026-07-14T21:00:00,zone_05,sports_field,40.7131,-74.0061,23.9,92.6,2.8,0.22,0.0,5.0,grass,3,0.0,synthetic
2026-07-14T21:00:00,zone_06,library_exterior,40.7127,-74.0057,24.3,85.4,2.5,0.47,20.0,35.0,concrete,0,0.0,synthetic
2026-07-14T21:00:00,zone_07,cafeteria_patio,40.7125,-74.0063,24.2,88.8,1.5,0.55,40.0,50.0,concrete,1,0.0,synthetic
2026-07-14T21:00:00,zone_08,walkway,40.7132,-74.0056,25.8,87.5,1.5,0.6,10.0,15.0,asphalt,0,0.0,synthetic
2026-07-14T21:00:00,zone_09,garden,40.7124,-74.0064,23.3,87.7,0.5,0.11,60.0,70.0,grass,0,0.0,synthetic
2026-07-14T21:00:00,zone_10,gym_exterior,40.7133,-74.0065,24.4,88.9,1.9,0.47,10.0,20.0,concrete,2,0.0,synthetic
2026-07-14T21:00:00,zone_11,admin_building,40.7123,-74.0055,24.7,88.8,2.5,0.79,25.0,30.0,concrete,0,0.0,synthetic
2026-07-14T21:00:00,zone_12,entrance_plaza,40.7134,-74.0066,26.7,90.4,1.7,0.1,5.0,10.0,asphalt,0,0.0,synthetic
2026-07-14T22:00:00,zone_01,playground,40.7128,-74.006,25.1,85.9,2.7,0.66,5.0,10.0,asphalt,0,0.0,synthetic
2026-07-14T22:00:00,zone_02,parking_lot,40.713,-74.0062,26.6,90.2,2.8,0.31,0.0,0.0,asphalt,0,0.0,synthetic
2026-07-14T22:00:00,zone_03,courtyard,40.7126,-74.0058,24.2,93.3,1.3,0.46,15.0,25.0,concrete,1,0.0,synthetic
2026-07-14T22:00:00,zone_04,building_roof,40.7129,-74.0059,27.5,89.4,2.2,0.66,0.0,0.0,concrete,0,0.0,synthetic
2026-07-14T22:00:00,zone_05,sports_field,40.7131,-74.0061,24.1,91.2,0.6,0.23,0.0,5.0,grass,1,0.0,synthetic
2026-07-14T22:00:00,zone_06,library_exterior,40.7127,-74.0057,24.2,91.1,2.5,0.41,20.0,35.0,concrete,0,0.0,synthetic
2026-07-14T22:00:00,zone_07,cafeteria_patio,40.7125,-74.0063,23.5,85.5,1.5,0.43,40.0,50.0,concrete,0,0.0,synthetic
2026-07-14T22:00:00,zone_08,walkway,40.7132,-74.0056,24.4,89.5,0.5,0.12,10.0,15.0,asphalt,0,0.0,synthetic
2026-07-14T22:00:00,zone_09,garden,40.7124,-74.0064,22.9,87.6,0.9,0.17,60.0,70.0,grass,0,0.0,synthetic
2026-07-14T22:00:00,zone_10,gym_exterior,40.7133,-74.0065,24.8,87.2,1.0,0.38,10.0,20.0,concrete,0,0.0,synthetic
2026-07-14T22:00:00,zone_11,admin_building,40.7123,-74.0055,23.5,89.3,0.7,0.11,25.0,30.0,concrete,3,0.0,synthetic
2026-07-14T22:00:00,zone_12,entrance_plaza,40.7134,-74.0066,26.3,92.1,0.5,0.47,5.0,10.0,asphalt,2,0.0,synthetic
2026-07-14T23:00:00,zone_01,playground,40.7128,-74.006,25.8,87.4,1.2,0.55,5.0,10.0,asphalt,0,0.0,synthetic
2026-07-14T23:00:00,zone_02,parking_lot,40.713,-74.0062,26.0,94.4,3.7,0.67,0.0,0.0,asphalt,0,0.0,synthetic
2026-07-14T23:00:00,zone_03,courtyard,40.7126,-74.0058,22.7,90.4,1.9,0.28,15.0,25.0,concrete,0,0.0,synthetic
2026-07-14T23:00:00,zone_04,building_roof,40.7129,-74.0059,27.5,88.9,1.6,0.78,0.0,0.0,concrete,1,0.0,synthetic
2026-07-14T23:00:00,zone_05,sports_field,40.7131,-74.0061,23.8,88.0,3.4,0.25,0.0,5.0,grass,2,0.0,synthetic
2026-07-14T23:00:00,zone_06,library_exterior,40.7127,-74.0057,24.0,92.2,2.3,0.51,20.0,35.0,concrete,0,0.0,synthetic
2026-07-14T23:00:00,zone_07,cafeteria_patio,40.7125,-74.0063,24.0,86.2,0.9,0.44,40.0,50.0,concrete,0,0.0,synthetic
2026-07-14T23:00:00,zone_08,walkway,40.7132,-74.0056,24.5,85.5,3.1,0.75,10.0,15.0,asphalt,0,0.0,synthetic
2026-07-14T23:00:00,zone_09,garden,40.7124,-74.0064,22.6,91.0,3.2,0.43,60.0,70.0,grass,0,0.0,synthetic
2026-07-14T23:00:00,zone_10,gym_exterior,40.7133,-74.0065,24.0,85.3,0.9,0.64,10.0,20.0,concrete,0,0.0,synthetic
2026-07-14T23:00:00,zone_11,admin_building,40.7123,-74.0055,24.2,88.6,2.3,0.31,25.0,30.0,concrete,0,0.0,synthetic
2026-07-14T23:00:00,zone_12,entrance_plaza,40.7134,-74.0066,25.3,93.9,2.5,0.11,5.0,10.0,asphalt,0,0.0,synthetic
